2025-11-03 15:30:26,365 [INFO] Logging initialized. Level: INFO, File: pypiv.log
2025-11-03 15:30:26,369 [INFO] Auto-detected compute parameters:
2025-11-03 15:30:26,369 [INFO]   CPU cores: 20
2025-11-03 15:30:26,369 [INFO]   Total memory: 63.46 GB
2025-11-03 15:30:26,369 [INFO]   Workers per node: 20
2025-11-03 15:30:26,369 [INFO]   OMP threads: 2
2025-11-03 15:30:26,369 [INFO]   Memory per worker: 2.86GB
2025-11-03 15:30:26,369 [INFO]   Threads per worker: 1
2025-11-03 15:30:30,616 [INFO] Logging initialized. Level: INFO, File: pypiv.log
2025-11-03 15:30:30,618 [INFO] Logging initialized. Level: INFO, File: pypiv.log
2025-11-03 15:30:30,618 [INFO] Logging initialized. Level: INFO, File: pypiv.log
2025-11-03 15:30:30,657 [INFO] Logging initialized. Level: INFO, File: pypiv.log
2025-11-03 15:30:30,687 [INFO] Logging initialized. Level: INFO, File: pypiv.log
2025-11-03 15:30:30,718 [INFO] Logging initialized. Level: INFO, File: pypiv.log
2025-11-03 15:30:30,763 [INFO] Logging initialized. Level: INFO, File: pypiv.log
2025-11-03 15:30:30,764 [INFO] Logging initialized. Level: INFO, File: pypiv.log
2025-11-03 15:30:30,776 [INFO] Logging initialized. Level: INFO, File: pypiv.log
2025-11-03 15:30:30,813 [INFO] Logging initialized. Level: INFO, File: pypiv.log
2025-11-03 15:30:30,874 [INFO] Logging initialized. Level: INFO, File: pypiv.log
2025-11-03 15:30:30,890 [INFO] Logging initialized. Level: INFO, File: pypiv.log
2025-11-03 15:30:30,909 [INFO] Logging initialized. Level: INFO, File: pypiv.log
2025-11-03 15:30:30,915 [INFO] Logging initialized. Level: INFO, File: pypiv.log
2025-11-03 15:30:30,941 [INFO] Logging initialized. Level: INFO, File: pypiv.log
2025-11-03 15:30:30,941 [INFO] Logging initialized. Level: INFO, File: pypiv.log
2025-11-03 15:30:30,957 [INFO] Logging initialized. Level: INFO, File: pypiv.log
2025-11-03 15:30:30,975 [INFO] Logging initialized. Level: INFO, File: pypiv.log
2025-11-03 15:30:30,998 [INFO] Logging initialized. Level: INFO, File: pypiv.log
2025-11-03 15:30:31,000 [INFO] Logging initialized. Level: INFO, File: pypiv.log
2025-11-03 15:30:31,096 [INFO] Worker logging configured successfully
2025-11-03 15:30:31,096 [INFO] Worker logging configured successfully
2025-11-03 15:30:31,096 [INFO] Worker logging configured successfully
2025-11-03 15:30:31,096 [INFO] Worker logging configured successfully
2025-11-03 15:30:31,096 [INFO] Worker logging configured successfully
2025-11-03 15:30:31,097 [INFO] Worker logging configured successfully
2025-11-03 15:30:31,097 [INFO] Worker logging configured successfully
2025-11-03 15:30:31,097 [INFO] Worker logging configured successfully
2025-11-03 15:30:31,099 [INFO] Worker logging configured successfully
2025-11-03 15:30:31,099 [INFO] Worker logging configured successfully
2025-11-03 15:30:31,100 [INFO] Worker logging configured successfully
2025-11-03 15:30:31,101 [INFO] Worker logging configured successfully
2025-11-03 15:30:31,101 [INFO] Worker logging configured successfully
2025-11-03 15:30:31,102 [INFO] Worker logging configured successfully
2025-11-03 15:30:31,102 [INFO] Worker logging configured successfully
2025-11-03 15:30:31,102 [INFO] Worker logging configured successfully
2025-11-03 15:30:31,103 [INFO] Worker logging configured successfully
2025-11-03 15:30:31,103 [INFO] Worker logging configured successfully
2025-11-03 15:30:31,103 [INFO] Worker logging configured successfully
2025-11-03 15:30:31,103 [INFO] Worker logging configured successfully
2025-11-03 15:30:31,107 [INFO] Dask cluster started successfully
2025-11-03 15:30:31,107 [INFO] Dask Worker Info:
2025-11-03 15:30:31,107 [INFO] Worker tcp://127.0.0.1:62301
2025-11-03 15:30:31,108 [INFO]   pid: None
2025-11-03 15:30:31,108 [INFO]   host: 127.0.0.1
2025-11-03 15:30:31,108 [INFO]   local_dir: C:\Users\mtt1e23\AppData\Local\Temp\dask-scratch-space\worker-zoces4zj
2025-11-03 15:30:31,108 [INFO]   nanny: True
2025-11-03 15:30:31,108 [INFO] Dask Worker Info:
2025-11-03 15:30:31,108 [INFO] Worker tcp://127.0.0.1:62302
2025-11-03 15:30:31,108 [INFO]   pid: None
2025-11-03 15:30:31,109 [INFO]   host: 127.0.0.1
2025-11-03 15:30:31,109 [INFO]   local_dir: C:\Users\mtt1e23\AppData\Local\Temp\dask-scratch-space\worker-3sar6uju
2025-11-03 15:30:31,109 [INFO]   nanny: True
2025-11-03 15:30:31,109 [INFO] Dask Worker Info:
2025-11-03 15:30:31,109 [INFO] Worker tcp://127.0.0.1:62303
2025-11-03 15:30:31,109 [INFO]   pid: None
2025-11-03 15:30:31,109 [INFO]   host: 127.0.0.1
2025-11-03 15:30:31,109 [INFO]   local_dir: C:\Users\mtt1e23\AppData\Local\Temp\dask-scratch-space\worker-4p9ir369
2025-11-03 15:30:31,109 [INFO]   nanny: True
2025-11-03 15:30:31,109 [INFO] Dask Worker Info:
2025-11-03 15:30:31,109 [INFO] Worker tcp://127.0.0.1:62314
2025-11-03 15:30:31,109 [INFO]   pid: None
2025-11-03 15:30:31,110 [INFO]   host: 127.0.0.1
2025-11-03 15:30:31,110 [INFO]   local_dir: C:\Users\mtt1e23\AppData\Local\Temp\dask-scratch-space\worker-q0wv5c4s
2025-11-03 15:30:31,110 [INFO]   nanny: True
2025-11-03 15:30:31,110 [INFO] Dask Worker Info:
2025-11-03 15:30:31,110 [INFO] Worker tcp://127.0.0.1:62319
2025-11-03 15:30:31,110 [INFO]   pid: None
2025-11-03 15:30:31,110 [INFO]   host: 127.0.0.1
2025-11-03 15:30:31,110 [INFO]   local_dir: C:\Users\mtt1e23\AppData\Local\Temp\dask-scratch-space\worker-a3_7w711
2025-11-03 15:30:31,110 [INFO]   nanny: True
2025-11-03 15:30:31,110 [INFO] Processing camera: Cam1
2025-11-03 15:30:31,111 [INFO] Loading images from set file in directory: C:\Users\mtt1e23\Downloads\ims\ims for camera: Cam1
2025-11-03 15:30:31,350 [INFO] Auto-detected image shape: (2048, 2048)
2025-11-03 15:30:31,396 [INFO] Pre-computing vector masks for Cam1
2025-11-03 15:30:32,618 [INFO] Vector masks computed: 3 passes
2025-11-03 15:30:32,624 [INFO] Successfully cached window padding for 3 passes
2025-11-03 15:30:32,663 [INFO] Successfully cached interpolation grids for 3 passes
2025-11-03 15:30:33,162 [INFO] Pre-computed and broadcast correlator cache for distributed workers
2025-11-03 15:30:38,411 - distributed.worker.memory - WARNING - Worker is at 80% memory usage. Pausing worker.  Process memory: 2.15 GiB -- Worker memory limit: 2.66 GiB
2025-11-03 15:30:38,430 - distributed.worker.memory - WARNING - Worker is at 81% memory usage. Pausing worker.  Process memory: 2.17 GiB -- Worker memory limit: 2.66 GiB
2025-11-03 15:30:38,578 - distributed.worker.memory - WARNING - Worker is at 80% memory usage. Pausing worker.  Process memory: 2.15 GiB -- Worker memory limit: 2.66 GiB
2025-11-03 15:30:38,620 - distributed.worker.memory - WARNING - Worker is at 80% memory usage. Pausing worker.  Process memory: 2.15 GiB -- Worker memory limit: 2.66 GiB
2025-11-03 15:30:38,763 - distributed.worker.memory - WARNING - Worker is at 81% memory usage. Pausing worker.  Process memory: 2.16 GiB -- Worker memory limit: 2.66 GiB
2025-11-03 15:30:38,921 - distributed.worker.memory - WARNING - Worker is at 81% memory usage. Pausing worker.  Process memory: 2.16 GiB -- Worker memory limit: 2.66 GiB
2025-11-03 15:30:39,644 - distributed.nanny.memory - WARNING - Worker tcp://127.0.0.1:62386 (pid=31376) exceeded 95% memory budget. Restarting...
2025-11-03 15:30:39,672 - distributed.nanny.memory - WARNING - Worker tcp://127.0.0.1:62342 (pid=21896) exceeded 95% memory budget. Restarting...
2025-11-03 15:30:39,679 - distributed.nanny.memory - WARNING - Worker tcp://127.0.0.1:62331 (pid=30188) exceeded 95% memory budget. Restarting...
2025-11-03 15:30:39,686 - distributed.nanny.memory - WARNING - Worker tcp://127.0.0.1:62372 (pid=28420) exceeded 95% memory budget. Restarting...
2025-11-03 15:30:39,718 - distributed.worker - ERROR - Worker stream died during communication: tcp://127.0.0.1:62372
Traceback (most recent call last):
  File "c:\Users\mtt1e23\OneDrive - University of Southampton\Documents\python-PIVTOOLs\env\Lib\site-packages\tornado\iostream.py", line 861, in _read_to_buffer
    bytes_read = self.read_from_fd(buf)
  File "c:\Users\mtt1e23\OneDrive - University of Southampton\Documents\python-PIVTOOLs\env\Lib\site-packages\tornado\iostream.py", line 1113, in read_from_fd
    return self.socket.recv_into(buf, len(buf))
           ~~~~~~~~~~~~~~~~~~~~~^^^^^^^^^^^^^^^
ConnectionResetError: [WinError 10054] An existing connection was forcibly closed by the remote host

The above exception was the direct cause of the following exception:

Traceback (most recent call last):
  File "c:\Users\mtt1e23\OneDrive - University of Southampton\Documents\python-PIVTOOLs\env\Lib\site-packages\distributed\worker.py", line 2073, in gather_dep
    response = await get_data_from_worker(
               ^^^^^^^^^^^^^^^^^^^^^^^^^^^
        rpc=self.rpc, keys=to_gather, worker=worker, who=self.address
        ^^^^^^^^^^^^^^^^^^^^^^^^^^^^^^^^^^^^^^^^^^^^^^^^^^^^^^^^^^^^^
    )
    ^
  File "c:\Users\mtt1e23\OneDrive - University of Southampton\Documents\python-PIVTOOLs\env\Lib\site-packages\distributed\worker.py", line 2879, in get_data_from_worker
    response = await send_recv(
               ^^^^^^^^^^^^^^^^
    ...<6 lines>...
    )
    ^
  File "c:\Users\mtt1e23\OneDrive - University of Southampton\Documents\python-PIVTOOLs\env\Lib\site-packages\distributed\core.py", line 1018, in send_recv
    response = await comm.read(deserializers=deserializers)
               ^^^^^^^^^^^^^^^^^^^^^^^^^^^^^^^^^^^^^^^^^^^^
  File "c:\Users\mtt1e23\OneDrive - University of Southampton\Documents\python-PIVTOOLs\env\Lib\site-packages\distributed\comm\tcp.py", line 237, in read
    convert_stream_closed_error(self, e)
    ~~~~~~~~~~~~~~~~~~~~~~~~~~~^^^^^^^^^
  File "c:\Users\mtt1e23\OneDrive - University of Southampton\Documents\python-PIVTOOLs\env\Lib\site-packages\distributed\comm\tcp.py", line 143, in convert_stream_closed_error
    raise CommClosedError(f"in {obj}: {exc.__class__.__name__}: {exc}") from exc
distributed.comm.core.CommClosedError: in <TCP (closed) Ephemeral Worker->Worker for gather local=tcp://127.0.0.1:58761 remote=tcp://127.0.0.1:62372>: ConnectionResetError: [WinError 10054] An existing connection was forcibly closed by the remote host
2025-11-03 15:30:39,725 - distributed.worker - ERROR - Worker stream died during communication: tcp://127.0.0.1:62372
Traceback (most recent call last):
  File "c:\Users\mtt1e23\OneDrive - University of Southampton\Documents\python-PIVTOOLs\env\Lib\site-packages\tornado\iostream.py", line 861, in _read_to_buffer
    bytes_read = self.read_from_fd(buf)
  File "c:\Users\mtt1e23\OneDrive - University of Southampton\Documents\python-PIVTOOLs\env\Lib\site-packages\tornado\iostream.py", line 1113, in read_from_fd
    return self.socket.recv_into(buf, len(buf))
           ~~~~~~~~~~~~~~~~~~~~~^^^^^^^^^^^^^^^
ConnectionResetError: [WinError 10054] An existing connection was forcibly closed by the remote host

The above exception was the direct cause of the following exception:

Traceback (most recent call last):
  File "c:\Users\mtt1e23\OneDrive - University of Southampton\Documents\python-PIVTOOLs\env\Lib\site-packages\distributed\worker.py", line 2073, in gather_dep
    response = await get_data_from_worker(
               ^^^^^^^^^^^^^^^^^^^^^^^^^^^
        rpc=self.rpc, keys=to_gather, worker=worker, who=self.address
        ^^^^^^^^^^^^^^^^^^^^^^^^^^^^^^^^^^^^^^^^^^^^^^^^^^^^^^^^^^^^^
    )
    ^
  File "c:\Users\mtt1e23\OneDrive - University of Southampton\Documents\python-PIVTOOLs\env\Lib\site-packages\distributed\worker.py", line 2879, in get_data_from_worker
    response = await send_recv(
               ^^^^^^^^^^^^^^^^
    ...<6 lines>...
    )
    ^
  File "c:\Users\mtt1e23\OneDrive - University of Southampton\Documents\python-PIVTOOLs\env\Lib\site-packages\distributed\core.py", line 1018, in send_recv
    response = await comm.read(deserializers=deserializers)
               ^^^^^^^^^^^^^^^^^^^^^^^^^^^^^^^^^^^^^^^^^^^^
  File "c:\Users\mtt1e23\OneDrive - University of Southampton\Documents\python-PIVTOOLs\env\Lib\site-packages\distributed\comm\tcp.py", line 237, in read
    convert_stream_closed_error(self, e)
    ~~~~~~~~~~~~~~~~~~~~~~~~~~~^^^^^^^^^
  File "c:\Users\mtt1e23\OneDrive - University of Southampton\Documents\python-PIVTOOLs\env\Lib\site-packages\distributed\comm\tcp.py", line 143, in convert_stream_closed_error
    raise CommClosedError(f"in {obj}: {exc.__class__.__name__}: {exc}") from exc
distributed.comm.core.CommClosedError: in <TCP (closed) Ephemeral Worker->Worker for gather local=tcp://127.0.0.1:58359 remote=tcp://127.0.0.1:62372>: ConnectionResetError: [WinError 10054] An existing connection was forcibly closed by the remote host
2025-11-03 15:30:39,726 - distributed.worker - ERROR - Worker stream died during communication: tcp://127.0.0.1:62372
Traceback (most recent call last):
  File "c:\Users\mtt1e23\OneDrive - University of Southampton\Documents\python-PIVTOOLs\env\Lib\site-packages\tornado\iostream.py", line 861, in _read_to_buffer
    bytes_read = self.read_from_fd(buf)
  File "c:\Users\mtt1e23\OneDrive - University of Southampton\Documents\python-PIVTOOLs\env\Lib\site-packages\tornado\iostream.py", line 1113, in read_from_fd
    return self.socket.recv_into(buf, len(buf))
           ~~~~~~~~~~~~~~~~~~~~~^^^^^^^^^^^^^^^
ConnectionResetError: [WinError 10054] An existing connection was forcibly closed by the remote host

The above exception was the direct cause of the following exception:

Traceback (most recent call last):
  File "c:\Users\mtt1e23\OneDrive - University of Southampton\Documents\python-PIVTOOLs\env\Lib\site-packages\distributed\worker.py", line 2073, in gather_dep
    response = await get_data_from_worker(
               ^^^^^^^^^^^^^^^^^^^^^^^^^^^
        rpc=self.rpc, keys=to_gather, worker=worker, who=self.address
        ^^^^^^^^^^^^^^^^^^^^^^^^^^^^^^^^^^^^^^^^^^^^^^^^^^^^^^^^^^^^^
    )
    ^
  File "c:\Users\mtt1e23\OneDrive - University of Southampton\Documents\python-PIVTOOLs\env\Lib\site-packages\distributed\worker.py", line 2879, in get_data_from_worker
    response = await send_recv(
               ^^^^^^^^^^^^^^^^
    ...<6 lines>...
    )
    ^
  File "c:\Users\mtt1e23\OneDrive - University of Southampton\Documents\python-PIVTOOLs\env\Lib\site-packages\distributed\core.py", line 1018, in send_recv
    response = await comm.read(deserializers=deserializers)
               ^^^^^^^^^^^^^^^^^^^^^^^^^^^^^^^^^^^^^^^^^^^^
  File "c:\Users\mtt1e23\OneDrive - University of Southampton\Documents\python-PIVTOOLs\env\Lib\site-packages\distributed\comm\tcp.py", line 237, in read
    convert_stream_closed_error(self, e)
    ~~~~~~~~~~~~~~~~~~~~~~~~~~~^^^^^^^^^
  File "c:\Users\mtt1e23\OneDrive - University of Southampton\Documents\python-PIVTOOLs\env\Lib\site-packages\distributed\comm\tcp.py", line 143, in convert_stream_closed_error
    raise CommClosedError(f"in {obj}: {exc.__class__.__name__}: {exc}") from exc
distributed.comm.core.CommClosedError: in <TCP (closed) Ephemeral Worker->Worker for gather local=tcp://127.0.0.1:64920 remote=tcp://127.0.0.1:62372>: ConnectionResetError: [WinError 10054] An existing connection was forcibly closed by the remote host
2025-11-03 15:30:39,727 - distributed.worker - ERROR - Worker stream died during communication: tcp://127.0.0.1:62331
Traceback (most recent call last):
  File "c:\Users\mtt1e23\OneDrive - University of Southampton\Documents\python-PIVTOOLs\env\Lib\site-packages\tornado\iostream.py", line 861, in _read_to_buffer
    bytes_read = self.read_from_fd(buf)
  File "c:\Users\mtt1e23\OneDrive - University of Southampton\Documents\python-PIVTOOLs\env\Lib\site-packages\tornado\iostream.py", line 1113, in read_from_fd
    return self.socket.recv_into(buf, len(buf))
           ~~~~~~~~~~~~~~~~~~~~~^^^^^^^^^^^^^^^
ConnectionResetError: [WinError 10054] An existing connection was forcibly closed by the remote host

The above exception was the direct cause of the following exception:

Traceback (most recent call last):
  File "c:\Users\mtt1e23\OneDrive - University of Southampton\Documents\python-PIVTOOLs\env\Lib\site-packages\distributed\worker.py", line 2073, in gather_dep
    response = await get_data_from_worker(
               ^^^^^^^^^^^^^^^^^^^^^^^^^^^
        rpc=self.rpc, keys=to_gather, worker=worker, who=self.address
        ^^^^^^^^^^^^^^^^^^^^^^^^^^^^^^^^^^^^^^^^^^^^^^^^^^^^^^^^^^^^^
    )
    ^
  File "c:\Users\mtt1e23\OneDrive - University of Southampton\Documents\python-PIVTOOLs\env\Lib\site-packages\distributed\worker.py", line 2879, in get_data_from_worker
    response = await send_recv(
               ^^^^^^^^^^^^^^^^
    ...<6 lines>...
    )
    ^
  File "c:\Users\mtt1e23\OneDrive - University of Southampton\Documents\python-PIVTOOLs\env\Lib\site-packages\distributed\core.py", line 1018, in send_recv
    response = await comm.read(deserializers=deserializers)
               ^^^^^^^^^^^^^^^^^^^^^^^^^^^^^^^^^^^^^^^^^^^^
  File "c:\Users\mtt1e23\OneDrive - University of Southampton\Documents\python-PIVTOOLs\env\Lib\site-packages\distributed\comm\tcp.py", line 237, in read
    convert_stream_closed_error(self, e)
    ~~~~~~~~~~~~~~~~~~~~~~~~~~~^^^^^^^^^
  File "c:\Users\mtt1e23\OneDrive - University of Southampton\Documents\python-PIVTOOLs\env\Lib\site-packages\distributed\comm\tcp.py", line 143, in convert_stream_closed_error
    raise CommClosedError(f"in {obj}: {exc.__class__.__name__}: {exc}") from exc
distributed.comm.core.CommClosedError: in <TCP (closed) Ephemeral Worker->Worker for gather local=tcp://127.0.0.1:58780 remote=tcp://127.0.0.1:62331>: ConnectionResetError: [WinError 10054] An existing connection was forcibly closed by the remote host
2025-11-03 15:30:39,730 - distributed.worker - ERROR - Worker stream died during communication: tcp://127.0.0.1:62331
Traceback (most recent call last):
  File "c:\Users\mtt1e23\OneDrive - University of Southampton\Documents\python-PIVTOOLs\env\Lib\site-packages\tornado\iostream.py", line 861, in _read_to_buffer
    bytes_read = self.read_from_fd(buf)
  File "c:\Users\mtt1e23\OneDrive - University of Southampton\Documents\python-PIVTOOLs\env\Lib\site-packages\tornado\iostream.py", line 1113, in read_from_fd
    return self.socket.recv_into(buf, len(buf))
           ~~~~~~~~~~~~~~~~~~~~~^^^^^^^^^^^^^^^
ConnectionResetError: [WinError 10054] An existing connection was forcibly closed by the remote host

The above exception was the direct cause of the following exception:

Traceback (most recent call last):
  File "c:\Users\mtt1e23\OneDrive - University of Southampton\Documents\python-PIVTOOLs\env\Lib\site-packages\distributed\worker.py", line 2073, in gather_dep
    response = await get_data_from_worker(
               ^^^^^^^^^^^^^^^^^^^^^^^^^^^
        rpc=self.rpc, keys=to_gather, worker=worker, who=self.address
        ^^^^^^^^^^^^^^^^^^^^^^^^^^^^^^^^^^^^^^^^^^^^^^^^^^^^^^^^^^^^^
    )
    ^
  File "c:\Users\mtt1e23\OneDrive - University of Southampton\Documents\python-PIVTOOLs\env\Lib\site-packages\distributed\worker.py", line 2879, in get_data_from_worker
    response = await send_recv(
               ^^^^^^^^^^^^^^^^
    ...<6 lines>...
    )
    ^
  File "c:\Users\mtt1e23\OneDrive - University of Southampton\Documents\python-PIVTOOLs\env\Lib\site-packages\distributed\core.py", line 1018, in send_recv
    response = await comm.read(deserializers=deserializers)
               ^^^^^^^^^^^^^^^^^^^^^^^^^^^^^^^^^^^^^^^^^^^^
  File "c:\Users\mtt1e23\OneDrive - University of Southampton\Documents\python-PIVTOOLs\env\Lib\site-packages\distributed\comm\tcp.py", line 237, in read
    convert_stream_closed_error(self, e)
    ~~~~~~~~~~~~~~~~~~~~~~~~~~~^^^^^^^^^
  File "c:\Users\mtt1e23\OneDrive - University of Southampton\Documents\python-PIVTOOLs\env\Lib\site-packages\distributed\comm\tcp.py", line 143, in convert_stream_closed_error
    raise CommClosedError(f"in {obj}: {exc.__class__.__name__}: {exc}") from exc
distributed.comm.core.CommClosedError: in <TCP (closed) Ephemeral Worker->Worker for gather local=tcp://127.0.0.1:65068 remote=tcp://127.0.0.1:62331>: ConnectionResetError: [WinError 10054] An existing connection was forcibly closed by the remote host
2025-11-03 15:30:39,729 - distributed.worker - ERROR - Worker stream died during communication: tcp://127.0.0.1:62331
Traceback (most recent call last):
  File "c:\Users\mtt1e23\OneDrive - University of Southampton\Documents\python-PIVTOOLs\env\Lib\site-packages\tornado\iostream.py", line 861, in _read_to_buffer
    bytes_read = self.read_from_fd(buf)
  File "c:\Users\mtt1e23\OneDrive - University of Southampton\Documents\python-PIVTOOLs\env\Lib\site-packages\tornado\iostream.py", line 1113, in read_from_fd
    return self.socket.recv_into(buf, len(buf))
           ~~~~~~~~~~~~~~~~~~~~~^^^^^^^^^^^^^^^
ConnectionResetError: [WinError 10054] An existing connection was forcibly closed by the remote host

The above exception was the direct cause of the following exception:

Traceback (most recent call last):
  File "c:\Users\mtt1e23\OneDrive - University of Southampton\Documents\python-PIVTOOLs\env\Lib\site-packages\distributed\worker.py", line 2073, in gather_dep
    response = await get_data_from_worker(
               ^^^^^^^^^^^^^^^^^^^^^^^^^^^
        rpc=self.rpc, keys=to_gather, worker=worker, who=self.address
        ^^^^^^^^^^^^^^^^^^^^^^^^^^^^^^^^^^^^^^^^^^^^^^^^^^^^^^^^^^^^^
    )
    ^
  File "c:\Users\mtt1e23\OneDrive - University of Southampton\Documents\python-PIVTOOLs\env\Lib\site-packages\distributed\worker.py", line 2879, in get_data_from_worker
    response = await send_recv(
               ^^^^^^^^^^^^^^^^
    ...<6 lines>...
    )
    ^
  File "c:\Users\mtt1e23\OneDrive - University of Southampton\Documents\python-PIVTOOLs\env\Lib\site-packages\distributed\core.py", line 1018, in send_recv
    response = await comm.read(deserializers=deserializers)
               ^^^^^^^^^^^^^^^^^^^^^^^^^^^^^^^^^^^^^^^^^^^^
  File "c:\Users\mtt1e23\OneDrive - University of Southampton\Documents\python-PIVTOOLs\env\Lib\site-packages\distributed\comm\tcp.py", line 237, in read
    convert_stream_closed_error(self, e)
    ~~~~~~~~~~~~~~~~~~~~~~~~~~~^^^^^^^^^
  File "c:\Users\mtt1e23\OneDrive - University of Southampton\Documents\python-PIVTOOLs\env\Lib\site-packages\distributed\comm\tcp.py", line 143, in convert_stream_closed_error
    raise CommClosedError(f"in {obj}: {exc.__class__.__name__}: {exc}") from exc
distributed.comm.core.CommClosedError: in <TCP (closed) Ephemeral Worker->Worker for gather local=tcp://127.0.0.1:62296 remote=tcp://127.0.0.1:62331>: ConnectionResetError: [WinError 10054] An existing connection was forcibly closed by the remote host
2025-11-03 15:30:39,731 - distributed.worker - ERROR - Worker stream died during communication: tcp://127.0.0.1:62331
Traceback (most recent call last):
  File "c:\Users\mtt1e23\OneDrive - University of Southampton\Documents\python-PIVTOOLs\env\Lib\site-packages\tornado\iostream.py", line 861, in _read_to_buffer
    bytes_read = self.read_from_fd(buf)
  File "c:\Users\mtt1e23\OneDrive - University of Southampton\Documents\python-PIVTOOLs\env\Lib\site-packages\tornado\iostream.py", line 1113, in read_from_fd
    return self.socket.recv_into(buf, len(buf))
           ~~~~~~~~~~~~~~~~~~~~~^^^^^^^^^^^^^^^
ConnectionResetError: [WinError 10054] An existing connection was forcibly closed by the remote host

The above exception was the direct cause of the following exception:

Traceback (most recent call last):
  File "c:\Users\mtt1e23\OneDrive - University of Southampton\Documents\python-PIVTOOLs\env\Lib\site-packages\distributed\worker.py", line 2073, in gather_dep
    response = await get_data_from_worker(
               ^^^^^^^^^^^^^^^^^^^^^^^^^^^
        rpc=self.rpc, keys=to_gather, worker=worker, who=self.address
        ^^^^^^^^^^^^^^^^^^^^^^^^^^^^^^^^^^^^^^^^^^^^^^^^^^^^^^^^^^^^^
    )
    ^
  File "c:\Users\mtt1e23\OneDrive - University of Southampton\Documents\python-PIVTOOLs\env\Lib\site-packages\distributed\worker.py", line 2879, in get_data_from_worker
    response = await send_recv(
               ^^^^^^^^^^^^^^^^
    ...<6 lines>...
    )
    ^
  File "c:\Users\mtt1e23\OneDrive - University of Southampton\Documents\python-PIVTOOLs\env\Lib\site-packages\distributed\core.py", line 1018, in send_recv
    response = await comm.read(deserializers=deserializers)
               ^^^^^^^^^^^^^^^^^^^^^^^^^^^^^^^^^^^^^^^^^^^^
  File "c:\Users\mtt1e23\OneDrive - University of Southampton\Documents\python-PIVTOOLs\env\Lib\site-packages\distributed\comm\tcp.py", line 237, in read
    convert_stream_closed_error(self, e)
    ~~~~~~~~~~~~~~~~~~~~~~~~~~~^^^^^^^^^
  File "c:\Users\mtt1e23\OneDrive - University of Southampton\Documents\python-PIVTOOLs\env\Lib\site-packages\distributed\comm\tcp.py", line 143, in convert_stream_closed_error
    raise CommClosedError(f"in {obj}: {exc.__class__.__name__}: {exc}") from exc
distributed.comm.core.CommClosedError: in <TCP (closed) Ephemeral Worker->Worker for gather local=tcp://127.0.0.1:65098 remote=tcp://127.0.0.1:62331>: ConnectionResetError: [WinError 10054] An existing connection was forcibly closed by the remote host
2025-11-03 15:30:39,729 - distributed.worker - ERROR - Worker stream died during communication: tcp://127.0.0.1:62331
Traceback (most recent call last):
  File "c:\Users\mtt1e23\OneDrive - University of Southampton\Documents\python-PIVTOOLs\env\Lib\site-packages\tornado\iostream.py", line 861, in _read_to_buffer
    bytes_read = self.read_from_fd(buf)
  File "c:\Users\mtt1e23\OneDrive - University of Southampton\Documents\python-PIVTOOLs\env\Lib\site-packages\tornado\iostream.py", line 1113, in read_from_fd
    return self.socket.recv_into(buf, len(buf))
           ~~~~~~~~~~~~~~~~~~~~~^^^^^^^^^^^^^^^
ConnectionResetError: [WinError 10054] An existing connection was forcibly closed by the remote host

The above exception was the direct cause of the following exception:

Traceback (most recent call last):
  File "c:\Users\mtt1e23\OneDrive - University of Southampton\Documents\python-PIVTOOLs\env\Lib\site-packages\distributed\worker.py", line 2073, in gather_dep
    response = await get_data_from_worker(
               ^^^^^^^^^^^^^^^^^^^^^^^^^^^
        rpc=self.rpc, keys=to_gather, worker=worker, who=self.address
        ^^^^^^^^^^^^^^^^^^^^^^^^^^^^^^^^^^^^^^^^^^^^^^^^^^^^^^^^^^^^^
    )
    ^
  File "c:\Users\mtt1e23\OneDrive - University of Southampton\Documents\python-PIVTOOLs\env\Lib\site-packages\distributed\worker.py", line 2879, in get_data_from_worker
    response = await send_recv(
               ^^^^^^^^^^^^^^^^
    ...<6 lines>...
    )
    ^
  File "c:\Users\mtt1e23\OneDrive - University of Southampton\Documents\python-PIVTOOLs\env\Lib\site-packages\distributed\core.py", line 1018, in send_recv
    response = await comm.read(deserializers=deserializers)
               ^^^^^^^^^^^^^^^^^^^^^^^^^^^^^^^^^^^^^^^^^^^^
  File "c:\Users\mtt1e23\OneDrive - University of Southampton\Documents\python-PIVTOOLs\env\Lib\site-packages\distributed\comm\tcp.py", line 237, in read
    convert_stream_closed_error(self, e)
    ~~~~~~~~~~~~~~~~~~~~~~~~~~~^^^^^^^^^
  File "c:\Users\mtt1e23\OneDrive - University of Southampton\Documents\python-PIVTOOLs\env\Lib\site-packages\distributed\comm\tcp.py", line 143, in convert_stream_closed_error
    raise CommClosedError(f"in {obj}: {exc.__class__.__name__}: {exc}") from exc
distributed.comm.core.CommClosedError: in <TCP (closed) Ephemeral Worker->Worker for gather local=tcp://127.0.0.1:62293 remote=tcp://127.0.0.1:62331>: ConnectionResetError: [WinError 10054] An existing connection was forcibly closed by the remote host
2025-11-03 15:30:39,731 - distributed.worker - ERROR - Worker stream died during communication: tcp://127.0.0.1:62372
Traceback (most recent call last):
  File "c:\Users\mtt1e23\OneDrive - University of Southampton\Documents\python-PIVTOOLs\env\Lib\site-packages\tornado\iostream.py", line 861, in _read_to_buffer
    bytes_read = self.read_from_fd(buf)
  File "c:\Users\mtt1e23\OneDrive - University of Southampton\Documents\python-PIVTOOLs\env\Lib\site-packages\tornado\iostream.py", line 1113, in read_from_fd
    return self.socket.recv_into(buf, len(buf))
           ~~~~~~~~~~~~~~~~~~~~~^^^^^^^^^^^^^^^
ConnectionResetError: [WinError 10054] An existing connection was forcibly closed by the remote host

The above exception was the direct cause of the following exception:

Traceback (most recent call last):
  File "c:\Users\mtt1e23\OneDrive - University of Southampton\Documents\python-PIVTOOLs\env\Lib\site-packages\distributed\worker.py", line 2073, in gather_dep
    response = await get_data_from_worker(
               ^^^^^^^^^^^^^^^^^^^^^^^^^^^
        rpc=self.rpc, keys=to_gather, worker=worker, who=self.address
        ^^^^^^^^^^^^^^^^^^^^^^^^^^^^^^^^^^^^^^^^^^^^^^^^^^^^^^^^^^^^^
    )
    ^
  File "c:\Users\mtt1e23\OneDrive - University of Southampton\Documents\python-PIVTOOLs\env\Lib\site-packages\distributed\worker.py", line 2879, in get_data_from_worker
    response = await send_recv(
               ^^^^^^^^^^^^^^^^
    ...<6 lines>...
    )
    ^
  File "c:\Users\mtt1e23\OneDrive - University of Southampton\Documents\python-PIVTOOLs\env\Lib\site-packages\distributed\core.py", line 1018, in send_recv
    response = await comm.read(deserializers=deserializers)
               ^^^^^^^^^^^^^^^^^^^^^^^^^^^^^^^^^^^^^^^^^^^^
  File "c:\Users\mtt1e23\OneDrive - University of Southampton\Documents\python-PIVTOOLs\env\Lib\site-packages\distributed\comm\tcp.py", line 237, in read
    convert_stream_closed_error(self, e)
    ~~~~~~~~~~~~~~~~~~~~~~~~~~~^^^^^^^^^
  File "c:\Users\mtt1e23\OneDrive - University of Southampton\Documents\python-PIVTOOLs\env\Lib\site-packages\distributed\comm\tcp.py", line 143, in convert_stream_closed_error
    raise CommClosedError(f"in {obj}: {exc.__class__.__name__}: {exc}") from exc
distributed.comm.core.CommClosedError: in <TCP (closed) Ephemeral Worker->Worker for gather local=tcp://127.0.0.1:62295 remote=tcp://127.0.0.1:62372>: ConnectionResetError: [WinError 10054] An existing connection was forcibly closed by the remote host
2025-11-03 15:30:39,732 - distributed.worker - ERROR - Worker stream died during communication: tcp://127.0.0.1:62372
Traceback (most recent call last):
  File "c:\Users\mtt1e23\OneDrive - University of Southampton\Documents\python-PIVTOOLs\env\Lib\site-packages\tornado\iostream.py", line 861, in _read_to_buffer
    bytes_read = self.read_from_fd(buf)
  File "c:\Users\mtt1e23\OneDrive - University of Southampton\Documents\python-PIVTOOLs\env\Lib\site-packages\tornado\iostream.py", line 1113, in read_from_fd
    return self.socket.recv_into(buf, len(buf))
           ~~~~~~~~~~~~~~~~~~~~~^^^^^^^^^^^^^^^
ConnectionResetError: [WinError 10054] An existing connection was forcibly closed by the remote host

The above exception was the direct cause of the following exception:

Traceback (most recent call last):
  File "c:\Users\mtt1e23\OneDrive - University of Southampton\Documents\python-PIVTOOLs\env\Lib\site-packages\distributed\worker.py", line 2073, in gather_dep
    response = await get_data_from_worker(
               ^^^^^^^^^^^^^^^^^^^^^^^^^^^
        rpc=self.rpc, keys=to_gather, worker=worker, who=self.address
        ^^^^^^^^^^^^^^^^^^^^^^^^^^^^^^^^^^^^^^^^^^^^^^^^^^^^^^^^^^^^^
    )
    ^
  File "c:\Users\mtt1e23\OneDrive - University of Southampton\Documents\python-PIVTOOLs\env\Lib\site-packages\distributed\worker.py", line 2879, in get_data_from_worker
    response = await send_recv(
               ^^^^^^^^^^^^^^^^
    ...<6 lines>...
    )
    ^
  File "c:\Users\mtt1e23\OneDrive - University of Southampton\Documents\python-PIVTOOLs\env\Lib\site-packages\distributed\core.py", line 1018, in send_recv
    response = await comm.read(deserializers=deserializers)
               ^^^^^^^^^^^^^^^^^^^^^^^^^^^^^^^^^^^^^^^^^^^^
  File "c:\Users\mtt1e23\OneDrive - University of Southampton\Documents\python-PIVTOOLs\env\Lib\site-packages\distributed\comm\tcp.py", line 237, in read
    convert_stream_closed_error(self, e)
    ~~~~~~~~~~~~~~~~~~~~~~~~~~~^^^^^^^^^
  File "c:\Users\mtt1e23\OneDrive - University of Southampton\Documents\python-PIVTOOLs\env\Lib\site-packages\distributed\comm\tcp.py", line 143, in convert_stream_closed_error
    raise CommClosedError(f"in {obj}: {exc.__class__.__name__}: {exc}") from exc
distributed.comm.core.CommClosedError: in <TCP (closed) Ephemeral Worker->Worker for gather local=tcp://127.0.0.1:64889 remote=tcp://127.0.0.1:62372>: ConnectionResetError: [WinError 10054] An existing connection was forcibly closed by the remote host
2025-11-03 15:30:39,734 - distributed.worker - ERROR - Worker stream died during communication: tcp://127.0.0.1:62386
Traceback (most recent call last):
  File "c:\Users\mtt1e23\OneDrive - University of Southampton\Documents\python-PIVTOOLs\env\Lib\site-packages\tornado\iostream.py", line 861, in _read_to_buffer
    bytes_read = self.read_from_fd(buf)
  File "c:\Users\mtt1e23\OneDrive - University of Southampton\Documents\python-PIVTOOLs\env\Lib\site-packages\tornado\iostream.py", line 1113, in read_from_fd
    return self.socket.recv_into(buf, len(buf))
           ~~~~~~~~~~~~~~~~~~~~~^^^^^^^^^^^^^^^
ConnectionResetError: [WinError 10054] An existing connection was forcibly closed by the remote host

The above exception was the direct cause of the following exception:

Traceback (most recent call last):
  File "c:\Users\mtt1e23\OneDrive - University of Southampton\Documents\python-PIVTOOLs\env\Lib\site-packages\distributed\worker.py", line 2073, in gather_dep
    response = await get_data_from_worker(
               ^^^^^^^^^^^^^^^^^^^^^^^^^^^
        rpc=self.rpc, keys=to_gather, worker=worker, who=self.address
        ^^^^^^^^^^^^^^^^^^^^^^^^^^^^^^^^^^^^^^^^^^^^^^^^^^^^^^^^^^^^^
    )
    ^
  File "c:\Users\mtt1e23\OneDrive - University of Southampton\Documents\python-PIVTOOLs\env\Lib\site-packages\distributed\worker.py", line 2879, in get_data_from_worker
    response = await send_recv(
               ^^^^^^^^^^^^^^^^
    ...<6 lines>...
    )
    ^
  File "c:\Users\mtt1e23\OneDrive - University of Southampton\Documents\python-PIVTOOLs\env\Lib\site-packages\distributed\core.py", line 1018, in send_recv
    response = await comm.read(deserializers=deserializers)
               ^^^^^^^^^^^^^^^^^^^^^^^^^^^^^^^^^^^^^^^^^^^^
  File "c:\Users\mtt1e23\OneDrive - University of Southampton\Documents\python-PIVTOOLs\env\Lib\site-packages\distributed\comm\tcp.py", line 237, in read
    convert_stream_closed_error(self, e)
    ~~~~~~~~~~~~~~~~~~~~~~~~~~~^^^^^^^^^
  File "c:\Users\mtt1e23\OneDrive - University of Southampton\Documents\python-PIVTOOLs\env\Lib\site-packages\distributed\comm\tcp.py", line 143, in convert_stream_closed_error
    raise CommClosedError(f"in {obj}: {exc.__class__.__name__}: {exc}") from exc
distributed.comm.core.CommClosedError: in <TCP (closed) Ephemeral Worker->Worker for gather local=tcp://127.0.0.1:65044 remote=tcp://127.0.0.1:62386>: ConnectionResetError: [WinError 10054] An existing connection was forcibly closed by the remote host
2025-11-03 15:30:39,736 - distributed.worker - ERROR - Worker stream died during communication: tcp://127.0.0.1:62386
Traceback (most recent call last):
  File "c:\Users\mtt1e23\OneDrive - University of Southampton\Documents\python-PIVTOOLs\env\Lib\site-packages\tornado\iostream.py", line 861, in _read_to_buffer
    bytes_read = self.read_from_fd(buf)
  File "c:\Users\mtt1e23\OneDrive - University of Southampton\Documents\python-PIVTOOLs\env\Lib\site-packages\tornado\iostream.py", line 1113, in read_from_fd
    return self.socket.recv_into(buf, len(buf))
           ~~~~~~~~~~~~~~~~~~~~~^^^^^^^^^^^^^^^
ConnectionResetError: [WinError 10054] An existing connection was forcibly closed by the remote host

The above exception was the direct cause of the following exception:

Traceback (most recent call last):
  File "c:\Users\mtt1e23\OneDrive - University of Southampton\Documents\python-PIVTOOLs\env\Lib\site-packages\distributed\worker.py", line 2073, in gather_dep
    response = await get_data_from_worker(
               ^^^^^^^^^^^^^^^^^^^^^^^^^^^
        rpc=self.rpc, keys=to_gather, worker=worker, who=self.address
        ^^^^^^^^^^^^^^^^^^^^^^^^^^^^^^^^^^^^^^^^^^^^^^^^^^^^^^^^^^^^^
    )
    ^
  File "c:\Users\mtt1e23\OneDrive - University of Southampton\Documents\python-PIVTOOLs\env\Lib\site-packages\distributed\worker.py", line 2879, in get_data_from_worker
    response = await send_recv(
               ^^^^^^^^^^^^^^^^
    ...<6 lines>...
    )
    ^
  File "c:\Users\mtt1e23\OneDrive - University of Southampton\Documents\python-PIVTOOLs\env\Lib\site-packages\distributed\core.py", line 1018, in send_recv
    response = await comm.read(deserializers=deserializers)
               ^^^^^^^^^^^^^^^^^^^^^^^^^^^^^^^^^^^^^^^^^^^^
  File "c:\Users\mtt1e23\OneDrive - University of Southampton\Documents\python-PIVTOOLs\env\Lib\site-packages\distributed\comm\tcp.py", line 237, in read
    convert_stream_closed_error(self, e)
    ~~~~~~~~~~~~~~~~~~~~~~~~~~~^^^^^^^^^
  File "c:\Users\mtt1e23\OneDrive - University of Southampton\Documents\python-PIVTOOLs\env\Lib\site-packages\distributed\comm\tcp.py", line 143, in convert_stream_closed_error
    raise CommClosedError(f"in {obj}: {exc.__class__.__name__}: {exc}") from exc
distributed.comm.core.CommClosedError: in <TCP (closed) Ephemeral Worker->Worker for gather local=tcp://127.0.0.1:58781 remote=tcp://127.0.0.1:62386>: ConnectionResetError: [WinError 10054] An existing connection was forcibly closed by the remote host
2025-11-03 15:30:39,738 - distributed.worker - ERROR - Worker stream died during communication: tcp://127.0.0.1:62386
Traceback (most recent call last):
  File "c:\Users\mtt1e23\OneDrive - University of Southampton\Documents\python-PIVTOOLs\env\Lib\site-packages\tornado\iostream.py", line 861, in _read_to_buffer
    bytes_read = self.read_from_fd(buf)
  File "c:\Users\mtt1e23\OneDrive - University of Southampton\Documents\python-PIVTOOLs\env\Lib\site-packages\tornado\iostream.py", line 1113, in read_from_fd
    return self.socket.recv_into(buf, len(buf))
           ~~~~~~~~~~~~~~~~~~~~~^^^^^^^^^^^^^^^
ConnectionResetError: [WinError 10054] An existing connection was forcibly closed by the remote host

The above exception was the direct cause of the following exception:

Traceback (most recent call last):
  File "c:\Users\mtt1e23\OneDrive - University of Southampton\Documents\python-PIVTOOLs\env\Lib\site-packages\distributed\worker.py", line 2073, in gather_dep
    response = await get_data_from_worker(
               ^^^^^^^^^^^^^^^^^^^^^^^^^^^
        rpc=self.rpc, keys=to_gather, worker=worker, who=self.address
        ^^^^^^^^^^^^^^^^^^^^^^^^^^^^^^^^^^^^^^^^^^^^^^^^^^^^^^^^^^^^^
    )
    ^
  File "c:\Users\mtt1e23\OneDrive - University of Southampton\Documents\python-PIVTOOLs\env\Lib\site-packages\distributed\worker.py", line 2879, in get_data_from_worker
    response = await send_recv(
               ^^^^^^^^^^^^^^^^
    ...<6 lines>...
    )
    ^
  File "c:\Users\mtt1e23\OneDrive - University of Southampton\Documents\python-PIVTOOLs\env\Lib\site-packages\distributed\core.py", line 1018, in send_recv
    response = await comm.read(deserializers=deserializers)
               ^^^^^^^^^^^^^^^^^^^^^^^^^^^^^^^^^^^^^^^^^^^^
  File "c:\Users\mtt1e23\OneDrive - University of Southampton\Documents\python-PIVTOOLs\env\Lib\site-packages\distributed\comm\tcp.py", line 237, in read
    convert_stream_closed_error(self, e)
    ~~~~~~~~~~~~~~~~~~~~~~~~~~~^^^^^^^^^
  File "c:\Users\mtt1e23\OneDrive - University of Southampton\Documents\python-PIVTOOLs\env\Lib\site-packages\distributed\comm\tcp.py", line 143, in convert_stream_closed_error
    raise CommClosedError(f"in {obj}: {exc.__class__.__name__}: {exc}") from exc
distributed.comm.core.CommClosedError: in <TCP (closed) Ephemeral Worker->Worker for gather local=tcp://127.0.0.1:62289 remote=tcp://127.0.0.1:62386>: ConnectionResetError: [WinError 10054] An existing connection was forcibly closed by the remote host
2025-11-03 15:30:39,745 - distributed.worker - ERROR - Worker stream died during communication: tcp://127.0.0.1:62386
Traceback (most recent call last):
  File "c:\Users\mtt1e23\OneDrive - University of Southampton\Documents\python-PIVTOOLs\env\Lib\site-packages\tornado\iostream.py", line 861, in _read_to_buffer
    bytes_read = self.read_from_fd(buf)
  File "c:\Users\mtt1e23\OneDrive - University of Southampton\Documents\python-PIVTOOLs\env\Lib\site-packages\tornado\iostream.py", line 1113, in read_from_fd
    return self.socket.recv_into(buf, len(buf))
           ~~~~~~~~~~~~~~~~~~~~~^^^^^^^^^^^^^^^
ConnectionResetError: [WinError 10054] An existing connection was forcibly closed by the remote host

The above exception was the direct cause of the following exception:

Traceback (most recent call last):
  File "c:\Users\mtt1e23\OneDrive - University of Southampton\Documents\python-PIVTOOLs\env\Lib\site-packages\distributed\worker.py", line 2073, in gather_dep
    response = await get_data_from_worker(
               ^^^^^^^^^^^^^^^^^^^^^^^^^^^
        rpc=self.rpc, keys=to_gather, worker=worker, who=self.address
        ^^^^^^^^^^^^^^^^^^^^^^^^^^^^^^^^^^^^^^^^^^^^^^^^^^^^^^^^^^^^^
    )
    ^
  File "c:\Users\mtt1e23\OneDrive - University of Southampton\Documents\python-PIVTOOLs\env\Lib\site-packages\distributed\worker.py", line 2879, in get_data_from_worker
    response = await send_recv(
               ^^^^^^^^^^^^^^^^
    ...<6 lines>...
    )
    ^
  File "c:\Users\mtt1e23\OneDrive - University of Southampton\Documents\python-PIVTOOLs\env\Lib\site-packages\distributed\core.py", line 1018, in send_recv
    response = await comm.read(deserializers=deserializers)
               ^^^^^^^^^^^^^^^^^^^^^^^^^^^^^^^^^^^^^^^^^^^^
  File "c:\Users\mtt1e23\OneDrive - University of Southampton\Documents\python-PIVTOOLs\env\Lib\site-packages\distributed\comm\tcp.py", line 237, in read
    convert_stream_closed_error(self, e)
    ~~~~~~~~~~~~~~~~~~~~~~~~~~~^^^^^^^^^
  File "c:\Users\mtt1e23\OneDrive - University of Southampton\Documents\python-PIVTOOLs\env\Lib\site-packages\distributed\comm\tcp.py", line 143, in convert_stream_closed_error
    raise CommClosedError(f"in {obj}: {exc.__class__.__name__}: {exc}") from exc
distributed.comm.core.CommClosedError: in <TCP (closed) Ephemeral Worker->Worker for gather local=tcp://127.0.0.1:62298 remote=tcp://127.0.0.1:62386>: ConnectionResetError: [WinError 10054] An existing connection was forcibly closed by the remote host
2025-11-03 15:30:39,748 - distributed.worker - ERROR - Worker stream died during communication: tcp://127.0.0.1:62342
Traceback (most recent call last):
  File "c:\Users\mtt1e23\OneDrive - University of Southampton\Documents\python-PIVTOOLs\env\Lib\site-packages\tornado\iostream.py", line 861, in _read_to_buffer
    bytes_read = self.read_from_fd(buf)
  File "c:\Users\mtt1e23\OneDrive - University of Southampton\Documents\python-PIVTOOLs\env\Lib\site-packages\tornado\iostream.py", line 1113, in read_from_fd
    return self.socket.recv_into(buf, len(buf))
           ~~~~~~~~~~~~~~~~~~~~~^^^^^^^^^^^^^^^
ConnectionResetError: [WinError 10054] An existing connection was forcibly closed by the remote host

The above exception was the direct cause of the following exception:

Traceback (most recent call last):
  File "c:\Users\mtt1e23\OneDrive - University of Southampton\Documents\python-PIVTOOLs\env\Lib\site-packages\distributed\worker.py", line 2073, in gather_dep
    response = await get_data_from_worker(
               ^^^^^^^^^^^^^^^^^^^^^^^^^^^
        rpc=self.rpc, keys=to_gather, worker=worker, who=self.address
        ^^^^^^^^^^^^^^^^^^^^^^^^^^^^^^^^^^^^^^^^^^^^^^^^^^^^^^^^^^^^^
    )
    ^
  File "c:\Users\mtt1e23\OneDrive - University of Southampton\Documents\python-PIVTOOLs\env\Lib\site-packages\distributed\worker.py", line 2879, in get_data_from_worker
    response = await send_recv(
               ^^^^^^^^^^^^^^^^
    ...<6 lines>...
    )
    ^
  File "c:\Users\mtt1e23\OneDrive - University of Southampton\Documents\python-PIVTOOLs\env\Lib\site-packages\distributed\core.py", line 1018, in send_recv
    response = await comm.read(deserializers=deserializers)
               ^^^^^^^^^^^^^^^^^^^^^^^^^^^^^^^^^^^^^^^^^^^^
  File "c:\Users\mtt1e23\OneDrive - University of Southampton\Documents\python-PIVTOOLs\env\Lib\site-packages\distributed\comm\tcp.py", line 237, in read
    convert_stream_closed_error(self, e)
    ~~~~~~~~~~~~~~~~~~~~~~~~~~~^^^^^^^^^
  File "c:\Users\mtt1e23\OneDrive - University of Southampton\Documents\python-PIVTOOLs\env\Lib\site-packages\distributed\comm\tcp.py", line 143, in convert_stream_closed_error
    raise CommClosedError(f"in {obj}: {exc.__class__.__name__}: {exc}") from exc
distributed.comm.core.CommClosedError: in <TCP (closed) Ephemeral Worker->Worker for gather local=tcp://127.0.0.1:62288 remote=tcp://127.0.0.1:62342>: ConnectionResetError: [WinError 10054] An existing connection was forcibly closed by the remote host
2025-11-03 15:30:39,748 - distributed.worker - ERROR - Worker stream died during communication: tcp://127.0.0.1:62386
Traceback (most recent call last):
  File "c:\Users\mtt1e23\OneDrive - University of Southampton\Documents\python-PIVTOOLs\env\Lib\site-packages\tornado\iostream.py", line 861, in _read_to_buffer
    bytes_read = self.read_from_fd(buf)
  File "c:\Users\mtt1e23\OneDrive - University of Southampton\Documents\python-PIVTOOLs\env\Lib\site-packages\tornado\iostream.py", line 1113, in read_from_fd
    return self.socket.recv_into(buf, len(buf))
           ~~~~~~~~~~~~~~~~~~~~~^^^^^^^^^^^^^^^
ConnectionResetError: [WinError 10054] An existing connection was forcibly closed by the remote host

The above exception was the direct cause of the following exception:

Traceback (most recent call last):
  File "c:\Users\mtt1e23\OneDrive - University of Southampton\Documents\python-PIVTOOLs\env\Lib\site-packages\distributed\worker.py", line 2073, in gather_dep
    response = await get_data_from_worker(
               ^^^^^^^^^^^^^^^^^^^^^^^^^^^
        rpc=self.rpc, keys=to_gather, worker=worker, who=self.address
        ^^^^^^^^^^^^^^^^^^^^^^^^^^^^^^^^^^^^^^^^^^^^^^^^^^^^^^^^^^^^^
    )
    ^
  File "c:\Users\mtt1e23\OneDrive - University of Southampton\Documents\python-PIVTOOLs\env\Lib\site-packages\distributed\worker.py", line 2879, in get_data_from_worker
    response = await send_recv(
               ^^^^^^^^^^^^^^^^
    ...<6 lines>...
    )
    ^
  File "c:\Users\mtt1e23\OneDrive - University of Southampton\Documents\python-PIVTOOLs\env\Lib\site-packages\distributed\core.py", line 1018, in send_recv
    response = await comm.read(deserializers=deserializers)
               ^^^^^^^^^^^^^^^^^^^^^^^^^^^^^^^^^^^^^^^^^^^^
  File "c:\Users\mtt1e23\OneDrive - University of Southampton\Documents\python-PIVTOOLs\env\Lib\site-packages\distributed\comm\tcp.py", line 237, in read
    convert_stream_closed_error(self, e)
    ~~~~~~~~~~~~~~~~~~~~~~~~~~~^^^^^^^^^
  File "c:\Users\mtt1e23\OneDrive - University of Southampton\Documents\python-PIVTOOLs\env\Lib\site-packages\distributed\comm\tcp.py", line 143, in convert_stream_closed_error
    raise CommClosedError(f"in {obj}: {exc.__class__.__name__}: {exc}") from exc
distributed.comm.core.CommClosedError: in <TCP (closed) Ephemeral Worker->Worker for gather local=tcp://127.0.0.1:62292 remote=tcp://127.0.0.1:62386>: ConnectionResetError: [WinError 10054] An existing connection was forcibly closed by the remote host
2025-11-03 15:30:39,749 - distributed.worker - ERROR - Worker stream died during communication: tcp://127.0.0.1:62342
Traceback (most recent call last):
  File "c:\Users\mtt1e23\OneDrive - University of Southampton\Documents\python-PIVTOOLs\env\Lib\site-packages\tornado\iostream.py", line 861, in _read_to_buffer
    bytes_read = self.read_from_fd(buf)
  File "c:\Users\mtt1e23\OneDrive - University of Southampton\Documents\python-PIVTOOLs\env\Lib\site-packages\tornado\iostream.py", line 1113, in read_from_fd
    return self.socket.recv_into(buf, len(buf))
           ~~~~~~~~~~~~~~~~~~~~~^^^^^^^^^^^^^^^
ConnectionResetError: [WinError 10054] An existing connection was forcibly closed by the remote host

The above exception was the direct cause of the following exception:

Traceback (most recent call last):
  File "c:\Users\mtt1e23\OneDrive - University of Southampton\Documents\python-PIVTOOLs\env\Lib\site-packages\distributed\worker.py", line 2073, in gather_dep
    response = await get_data_from_worker(
               ^^^^^^^^^^^^^^^^^^^^^^^^^^^
        rpc=self.rpc, keys=to_gather, worker=worker, who=self.address
        ^^^^^^^^^^^^^^^^^^^^^^^^^^^^^^^^^^^^^^^^^^^^^^^^^^^^^^^^^^^^^
    )
    ^
  File "c:\Users\mtt1e23\OneDrive - University of Southampton\Documents\python-PIVTOOLs\env\Lib\site-packages\distributed\worker.py", line 2879, in get_data_from_worker
    response = await send_recv(
               ^^^^^^^^^^^^^^^^
    ...<6 lines>...
    )
    ^
  File "c:\Users\mtt1e23\OneDrive - University of Southampton\Documents\python-PIVTOOLs\env\Lib\site-packages\distributed\core.py", line 1018, in send_recv
    response = await comm.read(deserializers=deserializers)
               ^^^^^^^^^^^^^^^^^^^^^^^^^^^^^^^^^^^^^^^^^^^^
  File "c:\Users\mtt1e23\OneDrive - University of Southampton\Documents\python-PIVTOOLs\env\Lib\site-packages\distributed\comm\tcp.py", line 237, in read
    convert_stream_closed_error(self, e)
    ~~~~~~~~~~~~~~~~~~~~~~~~~~~^^^^^^^^^
  File "c:\Users\mtt1e23\OneDrive - University of Southampton\Documents\python-PIVTOOLs\env\Lib\site-packages\distributed\comm\tcp.py", line 143, in convert_stream_closed_error
    raise CommClosedError(f"in {obj}: {exc.__class__.__name__}: {exc}") from exc
distributed.comm.core.CommClosedError: in <TCP (closed) Ephemeral Worker->Worker for gather local=tcp://127.0.0.1:65051 remote=tcp://127.0.0.1:62342>: ConnectionResetError: [WinError 10054] An existing connection was forcibly closed by the remote host
2025-11-03 15:30:39,752 - distributed.worker - ERROR - Worker stream died during communication: tcp://127.0.0.1:62342
Traceback (most recent call last):
  File "c:\Users\mtt1e23\OneDrive - University of Southampton\Documents\python-PIVTOOLs\env\Lib\site-packages\tornado\iostream.py", line 861, in _read_to_buffer
    bytes_read = self.read_from_fd(buf)
  File "c:\Users\mtt1e23\OneDrive - University of Southampton\Documents\python-PIVTOOLs\env\Lib\site-packages\tornado\iostream.py", line 1113, in read_from_fd
    return self.socket.recv_into(buf, len(buf))
           ~~~~~~~~~~~~~~~~~~~~~^^^^^^^^^^^^^^^
ConnectionResetError: [WinError 10054] An existing connection was forcibly closed by the remote host

The above exception was the direct cause of the following exception:

Traceback (most recent call last):
  File "c:\Users\mtt1e23\OneDrive - University of Southampton\Documents\python-PIVTOOLs\env\Lib\site-packages\distributed\worker.py", line 2073, in gather_dep
    response = await get_data_from_worker(
               ^^^^^^^^^^^^^^^^^^^^^^^^^^^
        rpc=self.rpc, keys=to_gather, worker=worker, who=self.address
        ^^^^^^^^^^^^^^^^^^^^^^^^^^^^^^^^^^^^^^^^^^^^^^^^^^^^^^^^^^^^^
    )
    ^
  File "c:\Users\mtt1e23\OneDrive - University of Southampton\Documents\python-PIVTOOLs\env\Lib\site-packages\distributed\worker.py", line 2879, in get_data_from_worker
    response = await send_recv(
               ^^^^^^^^^^^^^^^^
    ...<6 lines>...
    )
    ^
  File "c:\Users\mtt1e23\OneDrive - University of Southampton\Documents\python-PIVTOOLs\env\Lib\site-packages\distributed\core.py", line 1018, in send_recv
    response = await comm.read(deserializers=deserializers)
               ^^^^^^^^^^^^^^^^^^^^^^^^^^^^^^^^^^^^^^^^^^^^
  File "c:\Users\mtt1e23\OneDrive - University of Southampton\Documents\python-PIVTOOLs\env\Lib\site-packages\distributed\comm\tcp.py", line 237, in read
    convert_stream_closed_error(self, e)
    ~~~~~~~~~~~~~~~~~~~~~~~~~~~^^^^^^^^^
  File "c:\Users\mtt1e23\OneDrive - University of Southampton\Documents\python-PIVTOOLs\env\Lib\site-packages\distributed\comm\tcp.py", line 143, in convert_stream_closed_error
    raise CommClosedError(f"in {obj}: {exc.__class__.__name__}: {exc}") from exc
distributed.comm.core.CommClosedError: in <TCP (closed) Ephemeral Worker->Worker for gather local=tcp://127.0.0.1:64942 remote=tcp://127.0.0.1:62342>: ConnectionResetError: [WinError 10054] An existing connection was forcibly closed by the remote host
2025-11-03 15:30:39,753 - distributed.worker - ERROR - Worker stream died during communication: tcp://127.0.0.1:62342
Traceback (most recent call last):
  File "c:\Users\mtt1e23\OneDrive - University of Southampton\Documents\python-PIVTOOLs\env\Lib\site-packages\tornado\iostream.py", line 861, in _read_to_buffer
    bytes_read = self.read_from_fd(buf)
  File "c:\Users\mtt1e23\OneDrive - University of Southampton\Documents\python-PIVTOOLs\env\Lib\site-packages\tornado\iostream.py", line 1113, in read_from_fd
    return self.socket.recv_into(buf, len(buf))
           ~~~~~~~~~~~~~~~~~~~~~^^^^^^^^^^^^^^^
ConnectionResetError: [WinError 10054] An existing connection was forcibly closed by the remote host

The above exception was the direct cause of the following exception:

Traceback (most recent call last):
  File "c:\Users\mtt1e23\OneDrive - University of Southampton\Documents\python-PIVTOOLs\env\Lib\site-packages\distributed\worker.py", line 2073, in gather_dep
    response = await get_data_from_worker(
               ^^^^^^^^^^^^^^^^^^^^^^^^^^^
        rpc=self.rpc, keys=to_gather, worker=worker, who=self.address
        ^^^^^^^^^^^^^^^^^^^^^^^^^^^^^^^^^^^^^^^^^^^^^^^^^^^^^^^^^^^^^
    )
    ^
  File "c:\Users\mtt1e23\OneDrive - University of Southampton\Documents\python-PIVTOOLs\env\Lib\site-packages\distributed\worker.py", line 2879, in get_data_from_worker
    response = await send_recv(
               ^^^^^^^^^^^^^^^^
    ...<6 lines>...
    )
    ^
  File "c:\Users\mtt1e23\OneDrive - University of Southampton\Documents\python-PIVTOOLs\env\Lib\site-packages\distributed\core.py", line 1018, in send_recv
    response = await comm.read(deserializers=deserializers)
               ^^^^^^^^^^^^^^^^^^^^^^^^^^^^^^^^^^^^^^^^^^^^
  File "c:\Users\mtt1e23\OneDrive - University of Southampton\Documents\python-PIVTOOLs\env\Lib\site-packages\distributed\comm\tcp.py", line 237, in read
    convert_stream_closed_error(self, e)
    ~~~~~~~~~~~~~~~~~~~~~~~~~~~^^^^^^^^^
  File "c:\Users\mtt1e23\OneDrive - University of Southampton\Documents\python-PIVTOOLs\env\Lib\site-packages\distributed\comm\tcp.py", line 143, in convert_stream_closed_error
    raise CommClosedError(f"in {obj}: {exc.__class__.__name__}: {exc}") from exc
distributed.comm.core.CommClosedError: in <TCP (closed) Ephemeral Worker->Worker for gather local=tcp://127.0.0.1:64951 remote=tcp://127.0.0.1:62342>: ConnectionResetError: [WinError 10054] An existing connection was forcibly closed by the remote host
2025-11-03 15:30:39,755 - distributed.worker - ERROR - Worker stream died during communication: tcp://127.0.0.1:62342
Traceback (most recent call last):
  File "c:\Users\mtt1e23\OneDrive - University of Southampton\Documents\python-PIVTOOLs\env\Lib\site-packages\tornado\iostream.py", line 861, in _read_to_buffer
    bytes_read = self.read_from_fd(buf)
  File "c:\Users\mtt1e23\OneDrive - University of Southampton\Documents\python-PIVTOOLs\env\Lib\site-packages\tornado\iostream.py", line 1113, in read_from_fd
    return self.socket.recv_into(buf, len(buf))
           ~~~~~~~~~~~~~~~~~~~~~^^^^^^^^^^^^^^^
ConnectionResetError: [WinError 10054] An existing connection was forcibly closed by the remote host

The above exception was the direct cause of the following exception:

Traceback (most recent call last):
  File "c:\Users\mtt1e23\OneDrive - University of Southampton\Documents\python-PIVTOOLs\env\Lib\site-packages\distributed\worker.py", line 2073, in gather_dep
    response = await get_data_from_worker(
               ^^^^^^^^^^^^^^^^^^^^^^^^^^^
        rpc=self.rpc, keys=to_gather, worker=worker, who=self.address
        ^^^^^^^^^^^^^^^^^^^^^^^^^^^^^^^^^^^^^^^^^^^^^^^^^^^^^^^^^^^^^
    )
    ^
  File "c:\Users\mtt1e23\OneDrive - University of Southampton\Documents\python-PIVTOOLs\env\Lib\site-packages\distributed\worker.py", line 2879, in get_data_from_worker
    response = await send_recv(
               ^^^^^^^^^^^^^^^^
    ...<6 lines>...
    )
    ^
  File "c:\Users\mtt1e23\OneDrive - University of Southampton\Documents\python-PIVTOOLs\env\Lib\site-packages\distributed\core.py", line 1018, in send_recv
    response = await comm.read(deserializers=deserializers)
               ^^^^^^^^^^^^^^^^^^^^^^^^^^^^^^^^^^^^^^^^^^^^
  File "c:\Users\mtt1e23\OneDrive - University of Southampton\Documents\python-PIVTOOLs\env\Lib\site-packages\distributed\comm\tcp.py", line 237, in read
    convert_stream_closed_error(self, e)
    ~~~~~~~~~~~~~~~~~~~~~~~~~~~^^^^^^^^^
  File "c:\Users\mtt1e23\OneDrive - University of Southampton\Documents\python-PIVTOOLs\env\Lib\site-packages\distributed\comm\tcp.py", line 143, in convert_stream_closed_error
    raise CommClosedError(f"in {obj}: {exc.__class__.__name__}: {exc}") from exc
distributed.comm.core.CommClosedError: in <TCP (closed) Ephemeral Worker->Worker for gather local=tcp://127.0.0.1:65063 remote=tcp://127.0.0.1:62342>: ConnectionResetError: [WinError 10054] An existing connection was forcibly closed by the remote host
2025-11-03 15:30:39,948 - distributed.nanny.memory - WARNING - Worker tcp://127.0.0.1:62371 (pid=28036) exceeded 95% memory budget. Restarting...
2025-11-03 15:30:39,955 - distributed.nanny.memory - WARNING - Worker tcp://127.0.0.1:62390 (pid=4276) exceeded 95% memory budget. Restarting...
2025-11-03 15:30:39,984 - distributed.worker - ERROR - Worker stream died during communication: tcp://127.0.0.1:62371
Traceback (most recent call last):
  File "c:\Users\mtt1e23\OneDrive - University of Southampton\Documents\python-PIVTOOLs\env\Lib\site-packages\tornado\iostream.py", line 861, in _read_to_buffer
    bytes_read = self.read_from_fd(buf)
  File "c:\Users\mtt1e23\OneDrive - University of Southampton\Documents\python-PIVTOOLs\env\Lib\site-packages\tornado\iostream.py", line 1113, in read_from_fd
    return self.socket.recv_into(buf, len(buf))
           ~~~~~~~~~~~~~~~~~~~~~^^^^^^^^^^^^^^^
ConnectionResetError: [WinError 10054] An existing connection was forcibly closed by the remote host

The above exception was the direct cause of the following exception:

Traceback (most recent call last):
  File "c:\Users\mtt1e23\OneDrive - University of Southampton\Documents\python-PIVTOOLs\env\Lib\site-packages\distributed\worker.py", line 2073, in gather_dep
    response = await get_data_from_worker(
               ^^^^^^^^^^^^^^^^^^^^^^^^^^^
        rpc=self.rpc, keys=to_gather, worker=worker, who=self.address
        ^^^^^^^^^^^^^^^^^^^^^^^^^^^^^^^^^^^^^^^^^^^^^^^^^^^^^^^^^^^^^
    )
    ^
  File "c:\Users\mtt1e23\OneDrive - University of Southampton\Documents\python-PIVTOOLs\env\Lib\site-packages\distributed\worker.py", line 2879, in get_data_from_worker
    response = await send_recv(
               ^^^^^^^^^^^^^^^^
    ...<6 lines>...
    )
    ^
  File "c:\Users\mtt1e23\OneDrive - University of Southampton\Documents\python-PIVTOOLs\env\Lib\site-packages\distributed\core.py", line 1018, in send_recv
    response = await comm.read(deserializers=deserializers)
               ^^^^^^^^^^^^^^^^^^^^^^^^^^^^^^^^^^^^^^^^^^^^
  File "c:\Users\mtt1e23\OneDrive - University of Southampton\Documents\python-PIVTOOLs\env\Lib\site-packages\distributed\comm\tcp.py", line 237, in read
    convert_stream_closed_error(self, e)
    ~~~~~~~~~~~~~~~~~~~~~~~~~~~^^^^^^^^^
  File "c:\Users\mtt1e23\OneDrive - University of Southampton\Documents\python-PIVTOOLs\env\Lib\site-packages\distributed\comm\tcp.py", line 143, in convert_stream_closed_error
    raise CommClosedError(f"in {obj}: {exc.__class__.__name__}: {exc}") from exc
distributed.comm.core.CommClosedError: in <TCP (closed) Ephemeral Worker->Worker for gather local=tcp://127.0.0.1:62290 remote=tcp://127.0.0.1:62371>: ConnectionResetError: [WinError 10054] An existing connection was forcibly closed by the remote host
2025-11-03 15:30:39,984 - distributed.worker - ERROR - Worker stream died during communication: tcp://127.0.0.1:62371
Traceback (most recent call last):
  File "c:\Users\mtt1e23\OneDrive - University of Southampton\Documents\python-PIVTOOLs\env\Lib\site-packages\tornado\iostream.py", line 861, in _read_to_buffer
    bytes_read = self.read_from_fd(buf)
  File "c:\Users\mtt1e23\OneDrive - University of Southampton\Documents\python-PIVTOOLs\env\Lib\site-packages\tornado\iostream.py", line 1113, in read_from_fd
    return self.socket.recv_into(buf, len(buf))
           ~~~~~~~~~~~~~~~~~~~~~^^^^^^^^^^^^^^^
ConnectionResetError: [WinError 10054] An existing connection was forcibly closed by the remote host

The above exception was the direct cause of the following exception:

Traceback (most recent call last):
  File "c:\Users\mtt1e23\OneDrive - University of Southampton\Documents\python-PIVTOOLs\env\Lib\site-packages\distributed\worker.py", line 2073, in gather_dep
    response = await get_data_from_worker(
               ^^^^^^^^^^^^^^^^^^^^^^^^^^^
        rpc=self.rpc, keys=to_gather, worker=worker, who=self.address
        ^^^^^^^^^^^^^^^^^^^^^^^^^^^^^^^^^^^^^^^^^^^^^^^^^^^^^^^^^^^^^
    )
    ^
  File "c:\Users\mtt1e23\OneDrive - University of Southampton\Documents\python-PIVTOOLs\env\Lib\site-packages\distributed\worker.py", line 2879, in get_data_from_worker
    response = await send_recv(
               ^^^^^^^^^^^^^^^^
    ...<6 lines>...
    )
    ^
  File "c:\Users\mtt1e23\OneDrive - University of Southampton\Documents\python-PIVTOOLs\env\Lib\site-packages\distributed\core.py", line 1018, in send_recv
    response = await comm.read(deserializers=deserializers)
               ^^^^^^^^^^^^^^^^^^^^^^^^^^^^^^^^^^^^^^^^^^^^
  File "c:\Users\mtt1e23\OneDrive - University of Southampton\Documents\python-PIVTOOLs\env\Lib\site-packages\distributed\comm\tcp.py", line 237, in read
    convert_stream_closed_error(self, e)
    ~~~~~~~~~~~~~~~~~~~~~~~~~~~^^^^^^^^^
  File "c:\Users\mtt1e23\OneDrive - University of Southampton\Documents\python-PIVTOOLs\env\Lib\site-packages\distributed\comm\tcp.py", line 143, in convert_stream_closed_error
    raise CommClosedError(f"in {obj}: {exc.__class__.__name__}: {exc}") from exc
distributed.comm.core.CommClosedError: in <TCP (closed) Ephemeral Worker->Worker for gather local=tcp://127.0.0.1:64895 remote=tcp://127.0.0.1:62371>: ConnectionResetError: [WinError 10054] An existing connection was forcibly closed by the remote host
2025-11-03 15:30:39,988 - distributed.worker - ERROR - Worker stream died during communication: tcp://127.0.0.1:62371
Traceback (most recent call last):
  File "c:\Users\mtt1e23\OneDrive - University of Southampton\Documents\python-PIVTOOLs\env\Lib\site-packages\tornado\iostream.py", line 861, in _read_to_buffer
    bytes_read = self.read_from_fd(buf)
  File "c:\Users\mtt1e23\OneDrive - University of Southampton\Documents\python-PIVTOOLs\env\Lib\site-packages\tornado\iostream.py", line 1113, in read_from_fd
    return self.socket.recv_into(buf, len(buf))
           ~~~~~~~~~~~~~~~~~~~~~^^^^^^^^^^^^^^^
ConnectionResetError: [WinError 10054] An existing connection was forcibly closed by the remote host

The above exception was the direct cause of the following exception:

Traceback (most recent call last):
  File "c:\Users\mtt1e23\OneDrive - University of Southampton\Documents\python-PIVTOOLs\env\Lib\site-packages\distributed\worker.py", line 2073, in gather_dep
    response = await get_data_from_worker(
               ^^^^^^^^^^^^^^^^^^^^^^^^^^^
        rpc=self.rpc, keys=to_gather, worker=worker, who=self.address
        ^^^^^^^^^^^^^^^^^^^^^^^^^^^^^^^^^^^^^^^^^^^^^^^^^^^^^^^^^^^^^
    )
    ^
  File "c:\Users\mtt1e23\OneDrive - University of Southampton\Documents\python-PIVTOOLs\env\Lib\site-packages\distributed\worker.py", line 2879, in get_data_from_worker
    response = await send_recv(
               ^^^^^^^^^^^^^^^^
    ...<6 lines>...
    )
    ^
  File "c:\Users\mtt1e23\OneDrive - University of Southampton\Documents\python-PIVTOOLs\env\Lib\site-packages\distributed\core.py", line 1018, in send_recv
    response = await comm.read(deserializers=deserializers)
               ^^^^^^^^^^^^^^^^^^^^^^^^^^^^^^^^^^^^^^^^^^^^
  File "c:\Users\mtt1e23\OneDrive - University of Southampton\Documents\python-PIVTOOLs\env\Lib\site-packages\distributed\comm\tcp.py", line 237, in read
    convert_stream_closed_error(self, e)
    ~~~~~~~~~~~~~~~~~~~~~~~~~~~^^^^^^^^^
  File "c:\Users\mtt1e23\OneDrive - University of Southampton\Documents\python-PIVTOOLs\env\Lib\site-packages\distributed\comm\tcp.py", line 143, in convert_stream_closed_error
    raise CommClosedError(f"in {obj}: {exc.__class__.__name__}: {exc}") from exc
distributed.comm.core.CommClosedError: in <TCP (closed) Ephemeral Worker->Worker for gather local=tcp://127.0.0.1:65012 remote=tcp://127.0.0.1:62371>: ConnectionResetError: [WinError 10054] An existing connection was forcibly closed by the remote host
2025-11-03 15:30:40,003 - distributed.worker - ERROR - Worker stream died during communication: tcp://127.0.0.1:62390
Traceback (most recent call last):
  File "c:\Users\mtt1e23\OneDrive - University of Southampton\Documents\python-PIVTOOLs\env\Lib\site-packages\tornado\iostream.py", line 861, in _read_to_buffer
    bytes_read = self.read_from_fd(buf)
  File "c:\Users\mtt1e23\OneDrive - University of Southampton\Documents\python-PIVTOOLs\env\Lib\site-packages\tornado\iostream.py", line 1113, in read_from_fd
    return self.socket.recv_into(buf, len(buf))
           ~~~~~~~~~~~~~~~~~~~~~^^^^^^^^^^^^^^^
ConnectionResetError: [WinError 10054] An existing connection was forcibly closed by the remote host

The above exception was the direct cause of the following exception:

Traceback (most recent call last):
  File "c:\Users\mtt1e23\OneDrive - University of Southampton\Documents\python-PIVTOOLs\env\Lib\site-packages\distributed\worker.py", line 2073, in gather_dep
    response = await get_data_from_worker(
               ^^^^^^^^^^^^^^^^^^^^^^^^^^^
        rpc=self.rpc, keys=to_gather, worker=worker, who=self.address
        ^^^^^^^^^^^^^^^^^^^^^^^^^^^^^^^^^^^^^^^^^^^^^^^^^^^^^^^^^^^^^
    )
    ^
  File "c:\Users\mtt1e23\OneDrive - University of Southampton\Documents\python-PIVTOOLs\env\Lib\site-packages\distributed\worker.py", line 2879, in get_data_from_worker
    response = await send_recv(
               ^^^^^^^^^^^^^^^^
    ...<6 lines>...
    )
    ^
  File "c:\Users\mtt1e23\OneDrive - University of Southampton\Documents\python-PIVTOOLs\env\Lib\site-packages\distributed\core.py", line 1018, in send_recv
    response = await comm.read(deserializers=deserializers)
               ^^^^^^^^^^^^^^^^^^^^^^^^^^^^^^^^^^^^^^^^^^^^
  File "c:\Users\mtt1e23\OneDrive - University of Southampton\Documents\python-PIVTOOLs\env\Lib\site-packages\distributed\comm\tcp.py", line 237, in read
    convert_stream_closed_error(self, e)
    ~~~~~~~~~~~~~~~~~~~~~~~~~~~^^^^^^^^^
  File "c:\Users\mtt1e23\OneDrive - University of Southampton\Documents\python-PIVTOOLs\env\Lib\site-packages\distributed\comm\tcp.py", line 143, in convert_stream_closed_error
    raise CommClosedError(f"in {obj}: {exc.__class__.__name__}: {exc}") from exc
distributed.comm.core.CommClosedError: in <TCP (closed) Ephemeral Worker->Worker for gather local=tcp://127.0.0.1:64931 remote=tcp://127.0.0.1:62390>: ConnectionResetError: [WinError 10054] An existing connection was forcibly closed by the remote host
2025-11-03 15:30:40,004 - distributed.worker - ERROR - Worker stream died during communication: tcp://127.0.0.1:62390
Traceback (most recent call last):
  File "c:\Users\mtt1e23\OneDrive - University of Southampton\Documents\python-PIVTOOLs\env\Lib\site-packages\tornado\iostream.py", line 861, in _read_to_buffer
    bytes_read = self.read_from_fd(buf)
  File "c:\Users\mtt1e23\OneDrive - University of Southampton\Documents\python-PIVTOOLs\env\Lib\site-packages\tornado\iostream.py", line 1113, in read_from_fd
    return self.socket.recv_into(buf, len(buf))
           ~~~~~~~~~~~~~~~~~~~~~^^^^^^^^^^^^^^^
ConnectionResetError: [WinError 10054] An existing connection was forcibly closed by the remote host

The above exception was the direct cause of the following exception:

Traceback (most recent call last):
  File "c:\Users\mtt1e23\OneDrive - University of Southampton\Documents\python-PIVTOOLs\env\Lib\site-packages\distributed\worker.py", line 2073, in gather_dep
    response = await get_data_from_worker(
               ^^^^^^^^^^^^^^^^^^^^^^^^^^^
        rpc=self.rpc, keys=to_gather, worker=worker, who=self.address
        ^^^^^^^^^^^^^^^^^^^^^^^^^^^^^^^^^^^^^^^^^^^^^^^^^^^^^^^^^^^^^
    )
    ^
  File "c:\Users\mtt1e23\OneDrive - University of Southampton\Documents\python-PIVTOOLs\env\Lib\site-packages\distributed\worker.py", line 2879, in get_data_from_worker
    response = await send_recv(
               ^^^^^^^^^^^^^^^^
    ...<6 lines>...
    )
    ^
  File "c:\Users\mtt1e23\OneDrive - University of Southampton\Documents\python-PIVTOOLs\env\Lib\site-packages\distributed\core.py", line 1018, in send_recv
    response = await comm.read(deserializers=deserializers)
               ^^^^^^^^^^^^^^^^^^^^^^^^^^^^^^^^^^^^^^^^^^^^
  File "c:\Users\mtt1e23\OneDrive - University of Southampton\Documents\python-PIVTOOLs\env\Lib\site-packages\distributed\comm\tcp.py", line 237, in read
    convert_stream_closed_error(self, e)
    ~~~~~~~~~~~~~~~~~~~~~~~~~~~^^^^^^^^^
  File "c:\Users\mtt1e23\OneDrive - University of Southampton\Documents\python-PIVTOOLs\env\Lib\site-packages\distributed\comm\tcp.py", line 143, in convert_stream_closed_error
    raise CommClosedError(f"in {obj}: {exc.__class__.__name__}: {exc}") from exc
distributed.comm.core.CommClosedError: in <TCP (closed) Ephemeral Worker->Worker for gather local=tcp://127.0.0.1:58361 remote=tcp://127.0.0.1:62390>: ConnectionResetError: [WinError 10054] An existing connection was forcibly closed by the remote host
2025-11-03 15:30:40,004 - distributed.worker - ERROR - Worker stream died during communication: tcp://127.0.0.1:62390
Traceback (most recent call last):
  File "c:\Users\mtt1e23\OneDrive - University of Southampton\Documents\python-PIVTOOLs\env\Lib\site-packages\tornado\iostream.py", line 861, in _read_to_buffer
    bytes_read = self.read_from_fd(buf)
  File "c:\Users\mtt1e23\OneDrive - University of Southampton\Documents\python-PIVTOOLs\env\Lib\site-packages\tornado\iostream.py", line 1113, in read_from_fd
    return self.socket.recv_into(buf, len(buf))
           ~~~~~~~~~~~~~~~~~~~~~^^^^^^^^^^^^^^^
ConnectionResetError: [WinError 10054] An existing connection was forcibly closed by the remote host

The above exception was the direct cause of the following exception:

Traceback (most recent call last):
  File "c:\Users\mtt1e23\OneDrive - University of Southampton\Documents\python-PIVTOOLs\env\Lib\site-packages\distributed\worker.py", line 2073, in gather_dep
    response = await get_data_from_worker(
               ^^^^^^^^^^^^^^^^^^^^^^^^^^^
        rpc=self.rpc, keys=to_gather, worker=worker, who=self.address
        ^^^^^^^^^^^^^^^^^^^^^^^^^^^^^^^^^^^^^^^^^^^^^^^^^^^^^^^^^^^^^
    )
    ^
  File "c:\Users\mtt1e23\OneDrive - University of Southampton\Documents\python-PIVTOOLs\env\Lib\site-packages\distributed\worker.py", line 2879, in get_data_from_worker
    response = await send_recv(
               ^^^^^^^^^^^^^^^^
    ...<6 lines>...
    )
    ^
  File "c:\Users\mtt1e23\OneDrive - University of Southampton\Documents\python-PIVTOOLs\env\Lib\site-packages\distributed\core.py", line 1018, in send_recv
    response = await comm.read(deserializers=deserializers)
               ^^^^^^^^^^^^^^^^^^^^^^^^^^^^^^^^^^^^^^^^^^^^
  File "c:\Users\mtt1e23\OneDrive - University of Southampton\Documents\python-PIVTOOLs\env\Lib\site-packages\distributed\comm\tcp.py", line 237, in read
    convert_stream_closed_error(self, e)
    ~~~~~~~~~~~~~~~~~~~~~~~~~~~^^^^^^^^^
  File "c:\Users\mtt1e23\OneDrive - University of Southampton\Documents\python-PIVTOOLs\env\Lib\site-packages\distributed\comm\tcp.py", line 143, in convert_stream_closed_error
    raise CommClosedError(f"in {obj}: {exc.__class__.__name__}: {exc}") from exc
distributed.comm.core.CommClosedError: in <TCP (closed) Ephemeral Worker->Worker for gather local=tcp://127.0.0.1:62291 remote=tcp://127.0.0.1:62390>: ConnectionResetError: [WinError 10054] An existing connection was forcibly closed by the remote host
2025-11-03 15:30:40,011 - distributed.worker - ERROR - Worker stream died during communication: tcp://127.0.0.1:62390
Traceback (most recent call last):
  File "c:\Users\mtt1e23\OneDrive - University of Southampton\Documents\python-PIVTOOLs\env\Lib\site-packages\tornado\iostream.py", line 861, in _read_to_buffer
    bytes_read = self.read_from_fd(buf)
  File "c:\Users\mtt1e23\OneDrive - University of Southampton\Documents\python-PIVTOOLs\env\Lib\site-packages\tornado\iostream.py", line 1113, in read_from_fd
    return self.socket.recv_into(buf, len(buf))
           ~~~~~~~~~~~~~~~~~~~~~^^^^^^^^^^^^^^^
ConnectionResetError: [WinError 10054] An existing connection was forcibly closed by the remote host

The above exception was the direct cause of the following exception:

Traceback (most recent call last):
  File "c:\Users\mtt1e23\OneDrive - University of Southampton\Documents\python-PIVTOOLs\env\Lib\site-packages\distributed\worker.py", line 2073, in gather_dep
    response = await get_data_from_worker(
               ^^^^^^^^^^^^^^^^^^^^^^^^^^^
        rpc=self.rpc, keys=to_gather, worker=worker, who=self.address
        ^^^^^^^^^^^^^^^^^^^^^^^^^^^^^^^^^^^^^^^^^^^^^^^^^^^^^^^^^^^^^
    )
    ^
  File "c:\Users\mtt1e23\OneDrive - University of Southampton\Documents\python-PIVTOOLs\env\Lib\site-packages\distributed\worker.py", line 2879, in get_data_from_worker
    response = await send_recv(
               ^^^^^^^^^^^^^^^^
    ...<6 lines>...
    )
    ^
  File "c:\Users\mtt1e23\OneDrive - University of Southampton\Documents\python-PIVTOOLs\env\Lib\site-packages\distributed\core.py", line 1018, in send_recv
    response = await comm.read(deserializers=deserializers)
               ^^^^^^^^^^^^^^^^^^^^^^^^^^^^^^^^^^^^^^^^^^^^
  File "c:\Users\mtt1e23\OneDrive - University of Southampton\Documents\python-PIVTOOLs\env\Lib\site-packages\distributed\comm\tcp.py", line 237, in read
    convert_stream_closed_error(self, e)
    ~~~~~~~~~~~~~~~~~~~~~~~~~~~^^^^^^^^^
  File "c:\Users\mtt1e23\OneDrive - University of Southampton\Documents\python-PIVTOOLs\env\Lib\site-packages\distributed\comm\tcp.py", line 143, in convert_stream_closed_error
    raise CommClosedError(f"in {obj}: {exc.__class__.__name__}: {exc}") from exc
distributed.comm.core.CommClosedError: in <TCP (closed) Ephemeral Worker->Worker for gather local=tcp://127.0.0.1:62297 remote=tcp://127.0.0.1:62390>: ConnectionResetError: [WinError 10054] An existing connection was forcibly closed by the remote host
2025-11-03 15:30:41,049 - distributed.worker - ERROR - Worker stream died during communication: tcp://127.0.0.1:62372
Traceback (most recent call last):
  File "c:\Users\mtt1e23\OneDrive - University of Southampton\Documents\python-PIVTOOLs\env\Lib\site-packages\distributed\core.py", line 1485, in connect
    return await self._connect(addr=addr, timeout=timeout)
           ^^^^^^^^^^^^^^^^^^^^^^^^^^^^^^^^^^^^^^^^^^^^^^^
  File "c:\Users\mtt1e23\OneDrive - University of Southampton\Documents\python-PIVTOOLs\env\Lib\site-packages\distributed\core.py", line 1429, in _connect
    comm = await connect(
           ^^^^^^^^^^^^^^
    ...<4 lines>...
    )
    ^
  File "c:\Users\mtt1e23\OneDrive - University of Southampton\Documents\python-PIVTOOLs\env\Lib\site-packages\distributed\comm\core.py", line 342, in connect
    comm = await wait_for(
           ^^^^^^^^^^^^^^^
    ...<2 lines>...
    )
    ^
  File "c:\Users\mtt1e23\OneDrive - University of Southampton\Documents\python-PIVTOOLs\env\Lib\site-packages\distributed\utils.py", line 1923, in wait_for
    return await fut
           ^^^^^^^^^
  File "c:\Users\mtt1e23\OneDrive - University of Southampton\Documents\python-PIVTOOLs\env\Lib\site-packages\distributed\comm\tcp.py", line 547, in connect
    stream = await self.client.connect(
             ^^^^^^^^^^^^^^^^^^^^^^^^^^
        ip, port, max_buffer_size=MAX_BUFFER_SIZE, **kwargs
        ^^^^^^^^^^^^^^^^^^^^^^^^^^^^^^^^^^^^^^^^^^^^^^^^^^^
    )
    ^
  File "c:\Users\mtt1e23\OneDrive - University of Southampton\Documents\python-PIVTOOLs\env\Lib\site-packages\tornado\tcpclient.py", line 279, in connect
    af, addr, stream = await connector.start(connect_timeout=timeout)
                       ^^^^^^^^^^^^^^^^^^^^^^^^^^^^^^^^^^^^^^^^^^^^^^
asyncio.exceptions.CancelledError

The above exception was the direct cause of the following exception:

Traceback (most recent call last):
  File "c:\Users\mtt1e23\OneDrive - University of Southampton\Documents\python-PIVTOOLs\env\Lib\site-packages\distributed\core.py", line 1476, in connect
    async with asyncio.timeout(math.inf) as scope:
               ~~~~~~~~~~~~~~~^^^^^^^^^^
  File "C:\Python313\Lib\asyncio\timeouts.py", line 116, in __aexit__
    raise TimeoutError from exc_val
TimeoutError

During handling of the above exception, another exception occurred:

Traceback (most recent call last):
  File "c:\Users\mtt1e23\OneDrive - University of Southampton\Documents\python-PIVTOOLs\env\Lib\site-packages\distributed\worker.py", line 2073, in gather_dep
    response = await get_data_from_worker(
               ^^^^^^^^^^^^^^^^^^^^^^^^^^^
        rpc=self.rpc, keys=to_gather, worker=worker, who=self.address
        ^^^^^^^^^^^^^^^^^^^^^^^^^^^^^^^^^^^^^^^^^^^^^^^^^^^^^^^^^^^^^
    )
    ^
  File "c:\Users\mtt1e23\OneDrive - University of Southampton\Documents\python-PIVTOOLs\env\Lib\site-packages\distributed\worker.py", line 2876, in get_data_from_worker
    comm = await rpc.connect(worker)
           ^^^^^^^^^^^^^^^^^^^^^^^^^
  File "c:\Users\mtt1e23\OneDrive - University of Southampton\Documents\python-PIVTOOLs\env\Lib\site-packages\distributed\core.py", line 1497, in connect
    raise CommClosedError(reason)
distributed.comm.core.CommClosedError: Address removed.
2025-11-03 15:30:41,070 - distributed.worker - ERROR - Worker stream died during communication: tcp://127.0.0.1:62390
Traceback (most recent call last):
  File "c:\Users\mtt1e23\OneDrive - University of Southampton\Documents\python-PIVTOOLs\env\Lib\site-packages\distributed\core.py", line 1485, in connect
    return await self._connect(addr=addr, timeout=timeout)
           ^^^^^^^^^^^^^^^^^^^^^^^^^^^^^^^^^^^^^^^^^^^^^^^
  File "c:\Users\mtt1e23\OneDrive - University of Southampton\Documents\python-PIVTOOLs\env\Lib\site-packages\distributed\core.py", line 1429, in _connect
    comm = await connect(
           ^^^^^^^^^^^^^^
    ...<4 lines>...
    )
    ^
  File "c:\Users\mtt1e23\OneDrive - University of Southampton\Documents\python-PIVTOOLs\env\Lib\site-packages\distributed\comm\core.py", line 342, in connect
    comm = await wait_for(
           ^^^^^^^^^^^^^^^
    ...<2 lines>...
    )
    ^
  File "c:\Users\mtt1e23\OneDrive - University of Southampton\Documents\python-PIVTOOLs\env\Lib\site-packages\distributed\utils.py", line 1923, in wait_for
    return await fut
           ^^^^^^^^^
  File "c:\Users\mtt1e23\OneDrive - University of Southampton\Documents\python-PIVTOOLs\env\Lib\site-packages\distributed\comm\tcp.py", line 547, in connect
    stream = await self.client.connect(
             ^^^^^^^^^^^^^^^^^^^^^^^^^^
        ip, port, max_buffer_size=MAX_BUFFER_SIZE, **kwargs
        ^^^^^^^^^^^^^^^^^^^^^^^^^^^^^^^^^^^^^^^^^^^^^^^^^^^
    )
    ^
  File "c:\Users\mtt1e23\OneDrive - University of Southampton\Documents\python-PIVTOOLs\env\Lib\site-packages\tornado\tcpclient.py", line 279, in connect
    af, addr, stream = await connector.start(connect_timeout=timeout)
                       ^^^^^^^^^^^^^^^^^^^^^^^^^^^^^^^^^^^^^^^^^^^^^^
asyncio.exceptions.CancelledError

The above exception was the direct cause of the following exception:

Traceback (most recent call last):
  File "c:\Users\mtt1e23\OneDrive - University of Southampton\Documents\python-PIVTOOLs\env\Lib\site-packages\distributed\core.py", line 1476, in connect
    async with asyncio.timeout(math.inf) as scope:
               ~~~~~~~~~~~~~~~^^^^^^^^^^
  File "C:\Python313\Lib\asyncio\timeouts.py", line 116, in __aexit__
    raise TimeoutError from exc_val
TimeoutError

During handling of the above exception, another exception occurred:

Traceback (most recent call last):
  File "c:\Users\mtt1e23\OneDrive - University of Southampton\Documents\python-PIVTOOLs\env\Lib\site-packages\distributed\worker.py", line 2073, in gather_dep
    response = await get_data_from_worker(
               ^^^^^^^^^^^^^^^^^^^^^^^^^^^
        rpc=self.rpc, keys=to_gather, worker=worker, who=self.address
        ^^^^^^^^^^^^^^^^^^^^^^^^^^^^^^^^^^^^^^^^^^^^^^^^^^^^^^^^^^^^^
    )
    ^
  File "c:\Users\mtt1e23\OneDrive - University of Southampton\Documents\python-PIVTOOLs\env\Lib\site-packages\distributed\worker.py", line 2876, in get_data_from_worker
    comm = await rpc.connect(worker)
           ^^^^^^^^^^^^^^^^^^^^^^^^^
  File "c:\Users\mtt1e23\OneDrive - University of Southampton\Documents\python-PIVTOOLs\env\Lib\site-packages\distributed\core.py", line 1497, in connect
    raise CommClosedError(reason)
distributed.comm.core.CommClosedError: Address removed.
2025-11-03 15:30:41,072 - distributed.worker - ERROR - Worker stream died during communication: tcp://127.0.0.1:62390
Traceback (most recent call last):
  File "c:\Users\mtt1e23\OneDrive - University of Southampton\Documents\python-PIVTOOLs\env\Lib\site-packages\distributed\core.py", line 1485, in connect
    return await self._connect(addr=addr, timeout=timeout)
           ^^^^^^^^^^^^^^^^^^^^^^^^^^^^^^^^^^^^^^^^^^^^^^^
  File "c:\Users\mtt1e23\OneDrive - University of Southampton\Documents\python-PIVTOOLs\env\Lib\site-packages\distributed\core.py", line 1429, in _connect
    comm = await connect(
           ^^^^^^^^^^^^^^
    ...<4 lines>...
    )
    ^
  File "c:\Users\mtt1e23\OneDrive - University of Southampton\Documents\python-PIVTOOLs\env\Lib\site-packages\distributed\comm\core.py", line 342, in connect
    comm = await wait_for(
           ^^^^^^^^^^^^^^^
    ...<2 lines>...
    )
    ^
  File "c:\Users\mtt1e23\OneDrive - University of Southampton\Documents\python-PIVTOOLs\env\Lib\site-packages\distributed\utils.py", line 1923, in wait_for
    return await fut
           ^^^^^^^^^
  File "c:\Users\mtt1e23\OneDrive - University of Southampton\Documents\python-PIVTOOLs\env\Lib\site-packages\distributed\comm\tcp.py", line 547, in connect
    stream = await self.client.connect(
             ^^^^^^^^^^^^^^^^^^^^^^^^^^
        ip, port, max_buffer_size=MAX_BUFFER_SIZE, **kwargs
        ^^^^^^^^^^^^^^^^^^^^^^^^^^^^^^^^^^^^^^^^^^^^^^^^^^^
    )
    ^
  File "c:\Users\mtt1e23\OneDrive - University of Southampton\Documents\python-PIVTOOLs\env\Lib\site-packages\tornado\tcpclient.py", line 279, in connect
    af, addr, stream = await connector.start(connect_timeout=timeout)
                       ^^^^^^^^^^^^^^^^^^^^^^^^^^^^^^^^^^^^^^^^^^^^^^
asyncio.exceptions.CancelledError

The above exception was the direct cause of the following exception:

Traceback (most recent call last):
  File "c:\Users\mtt1e23\OneDrive - University of Southampton\Documents\python-PIVTOOLs\env\Lib\site-packages\distributed\core.py", line 1476, in connect
    async with asyncio.timeout(math.inf) as scope:
               ~~~~~~~~~~~~~~~^^^^^^^^^^
  File "C:\Python313\Lib\asyncio\timeouts.py", line 116, in __aexit__
    raise TimeoutError from exc_val
TimeoutError

During handling of the above exception, another exception occurred:

Traceback (most recent call last):
  File "c:\Users\mtt1e23\OneDrive - University of Southampton\Documents\python-PIVTOOLs\env\Lib\site-packages\distributed\worker.py", line 2073, in gather_dep
    response = await get_data_from_worker(
               ^^^^^^^^^^^^^^^^^^^^^^^^^^^
        rpc=self.rpc, keys=to_gather, worker=worker, who=self.address
        ^^^^^^^^^^^^^^^^^^^^^^^^^^^^^^^^^^^^^^^^^^^^^^^^^^^^^^^^^^^^^
    )
    ^
  File "c:\Users\mtt1e23\OneDrive - University of Southampton\Documents\python-PIVTOOLs\env\Lib\site-packages\distributed\worker.py", line 2876, in get_data_from_worker
    comm = await rpc.connect(worker)
           ^^^^^^^^^^^^^^^^^^^^^^^^^
  File "c:\Users\mtt1e23\OneDrive - University of Southampton\Documents\python-PIVTOOLs\env\Lib\site-packages\distributed\core.py", line 1497, in connect
    raise CommClosedError(reason)
distributed.comm.core.CommClosedError: Address removed.
2025-11-03 15:30:41,067 - distributed.worker - ERROR - Worker stream died during communication: tcp://127.0.0.1:62371
Traceback (most recent call last):
  File "c:\Users\mtt1e23\OneDrive - University of Southampton\Documents\python-PIVTOOLs\env\Lib\site-packages\distributed\core.py", line 1485, in connect
    return await self._connect(addr=addr, timeout=timeout)
           ^^^^^^^^^^^^^^^^^^^^^^^^^^^^^^^^^^^^^^^^^^^^^^^
  File "c:\Users\mtt1e23\OneDrive - University of Southampton\Documents\python-PIVTOOLs\env\Lib\site-packages\distributed\core.py", line 1429, in _connect
    comm = await connect(
           ^^^^^^^^^^^^^^
    ...<4 lines>...
    )
    ^
  File "c:\Users\mtt1e23\OneDrive - University of Southampton\Documents\python-PIVTOOLs\env\Lib\site-packages\distributed\comm\core.py", line 342, in connect
    comm = await wait_for(
           ^^^^^^^^^^^^^^^
    ...<2 lines>...
    )
    ^
  File "c:\Users\mtt1e23\OneDrive - University of Southampton\Documents\python-PIVTOOLs\env\Lib\site-packages\distributed\utils.py", line 1923, in wait_for
    return await fut
           ^^^^^^^^^
  File "c:\Users\mtt1e23\OneDrive - University of Southampton\Documents\python-PIVTOOLs\env\Lib\site-packages\distributed\comm\tcp.py", line 547, in connect
    stream = await self.client.connect(
             ^^^^^^^^^^^^^^^^^^^^^^^^^^
        ip, port, max_buffer_size=MAX_BUFFER_SIZE, **kwargs
        ^^^^^^^^^^^^^^^^^^^^^^^^^^^^^^^^^^^^^^^^^^^^^^^^^^^
    )
    ^
  File "c:\Users\mtt1e23\OneDrive - University of Southampton\Documents\python-PIVTOOLs\env\Lib\site-packages\tornado\tcpclient.py", line 279, in connect
    af, addr, stream = await connector.start(connect_timeout=timeout)
                       ^^^^^^^^^^^^^^^^^^^^^^^^^^^^^^^^^^^^^^^^^^^^^^
asyncio.exceptions.CancelledError

The above exception was the direct cause of the following exception:

Traceback (most recent call last):
  File "c:\Users\mtt1e23\OneDrive - University of Southampton\Documents\python-PIVTOOLs\env\Lib\site-packages\distributed\core.py", line 1476, in connect
    async with asyncio.timeout(math.inf) as scope:
               ~~~~~~~~~~~~~~~^^^^^^^^^^
  File "C:\Python313\Lib\asyncio\timeouts.py", line 116, in __aexit__
    raise TimeoutError from exc_val
TimeoutError

During handling of the above exception, another exception occurred:

Traceback (most recent call last):
  File "c:\Users\mtt1e23\OneDrive - University of Southampton\Documents\python-PIVTOOLs\env\Lib\site-packages\distributed\worker.py", line 2073, in gather_dep
    response = await get_data_from_worker(
               ^^^^^^^^^^^^^^^^^^^^^^^^^^^
        rpc=self.rpc, keys=to_gather, worker=worker, who=self.address
        ^^^^^^^^^^^^^^^^^^^^^^^^^^^^^^^^^^^^^^^^^^^^^^^^^^^^^^^^^^^^^
    )
    ^
  File "c:\Users\mtt1e23\OneDrive - University of Southampton\Documents\python-PIVTOOLs\env\Lib\site-packages\distributed\worker.py", line 2876, in get_data_from_worker
    comm = await rpc.connect(worker)
           ^^^^^^^^^^^^^^^^^^^^^^^^^
  File "c:\Users\mtt1e23\OneDrive - University of Southampton\Documents\python-PIVTOOLs\env\Lib\site-packages\distributed\core.py", line 1497, in connect
    raise CommClosedError(reason)
distributed.comm.core.CommClosedError: Address removed.
2025-11-03 15:30:41,083 - distributed.worker - ERROR - Worker stream died during communication: tcp://127.0.0.1:62390
Traceback (most recent call last):
  File "c:\Users\mtt1e23\OneDrive - University of Southampton\Documents\python-PIVTOOLs\env\Lib\site-packages\distributed\core.py", line 1485, in connect
    return await self._connect(addr=addr, timeout=timeout)
           ^^^^^^^^^^^^^^^^^^^^^^^^^^^^^^^^^^^^^^^^^^^^^^^
  File "c:\Users\mtt1e23\OneDrive - University of Southampton\Documents\python-PIVTOOLs\env\Lib\site-packages\distributed\core.py", line 1429, in _connect
    comm = await connect(
           ^^^^^^^^^^^^^^
    ...<4 lines>...
    )
    ^
  File "c:\Users\mtt1e23\OneDrive - University of Southampton\Documents\python-PIVTOOLs\env\Lib\site-packages\distributed\comm\core.py", line 342, in connect
    comm = await wait_for(
           ^^^^^^^^^^^^^^^
    ...<2 lines>...
    )
    ^
  File "c:\Users\mtt1e23\OneDrive - University of Southampton\Documents\python-PIVTOOLs\env\Lib\site-packages\distributed\utils.py", line 1923, in wait_for
    return await fut
           ^^^^^^^^^
  File "c:\Users\mtt1e23\OneDrive - University of Southampton\Documents\python-PIVTOOLs\env\Lib\site-packages\distributed\comm\tcp.py", line 547, in connect
    stream = await self.client.connect(
             ^^^^^^^^^^^^^^^^^^^^^^^^^^
        ip, port, max_buffer_size=MAX_BUFFER_SIZE, **kwargs
        ^^^^^^^^^^^^^^^^^^^^^^^^^^^^^^^^^^^^^^^^^^^^^^^^^^^
    )
    ^
  File "c:\Users\mtt1e23\OneDrive - University of Southampton\Documents\python-PIVTOOLs\env\Lib\site-packages\tornado\tcpclient.py", line 279, in connect
    af, addr, stream = await connector.start(connect_timeout=timeout)
                       ^^^^^^^^^^^^^^^^^^^^^^^^^^^^^^^^^^^^^^^^^^^^^^
asyncio.exceptions.CancelledError

The above exception was the direct cause of the following exception:

Traceback (most recent call last):
  File "c:\Users\mtt1e23\OneDrive - University of Southampton\Documents\python-PIVTOOLs\env\Lib\site-packages\distributed\core.py", line 1476, in connect
    async with asyncio.timeout(math.inf) as scope:
               ~~~~~~~~~~~~~~~^^^^^^^^^^
  File "C:\Python313\Lib\asyncio\timeouts.py", line 116, in __aexit__
    raise TimeoutError from exc_val
TimeoutError

During handling of the above exception, another exception occurred:

Traceback (most recent call last):
  File "c:\Users\mtt1e23\OneDrive - University of Southampton\Documents\python-PIVTOOLs\env\Lib\site-packages\distributed\worker.py", line 2073, in gather_dep
    response = await get_data_from_worker(
               ^^^^^^^^^^^^^^^^^^^^^^^^^^^
        rpc=self.rpc, keys=to_gather, worker=worker, who=self.address
        ^^^^^^^^^^^^^^^^^^^^^^^^^^^^^^^^^^^^^^^^^^^^^^^^^^^^^^^^^^^^^
    )
    ^
  File "c:\Users\mtt1e23\OneDrive - University of Southampton\Documents\python-PIVTOOLs\env\Lib\site-packages\distributed\worker.py", line 2876, in get_data_from_worker
    comm = await rpc.connect(worker)
           ^^^^^^^^^^^^^^^^^^^^^^^^^
  File "c:\Users\mtt1e23\OneDrive - University of Southampton\Documents\python-PIVTOOLs\env\Lib\site-packages\distributed\core.py", line 1497, in connect
    raise CommClosedError(reason)
distributed.comm.core.CommClosedError: Address removed.
2025-11-03 15:30:41,070 - distributed.worker - ERROR - Worker stream died during communication: tcp://127.0.0.1:62390
Traceback (most recent call last):
  File "c:\Users\mtt1e23\OneDrive - University of Southampton\Documents\python-PIVTOOLs\env\Lib\site-packages\distributed\core.py", line 1485, in connect
    return await self._connect(addr=addr, timeout=timeout)
           ^^^^^^^^^^^^^^^^^^^^^^^^^^^^^^^^^^^^^^^^^^^^^^^
  File "c:\Users\mtt1e23\OneDrive - University of Southampton\Documents\python-PIVTOOLs\env\Lib\site-packages\distributed\core.py", line 1429, in _connect
    comm = await connect(
           ^^^^^^^^^^^^^^
    ...<4 lines>...
    )
    ^
  File "c:\Users\mtt1e23\OneDrive - University of Southampton\Documents\python-PIVTOOLs\env\Lib\site-packages\distributed\comm\core.py", line 342, in connect
    comm = await wait_for(
           ^^^^^^^^^^^^^^^
    ...<2 lines>...
    )
    ^
  File "c:\Users\mtt1e23\OneDrive - University of Southampton\Documents\python-PIVTOOLs\env\Lib\site-packages\distributed\utils.py", line 1923, in wait_for
    return await fut
           ^^^^^^^^^
  File "c:\Users\mtt1e23\OneDrive - University of Southampton\Documents\python-PIVTOOLs\env\Lib\site-packages\distributed\comm\tcp.py", line 547, in connect
    stream = await self.client.connect(
             ^^^^^^^^^^^^^^^^^^^^^^^^^^
        ip, port, max_buffer_size=MAX_BUFFER_SIZE, **kwargs
        ^^^^^^^^^^^^^^^^^^^^^^^^^^^^^^^^^^^^^^^^^^^^^^^^^^^
    )
    ^
  File "c:\Users\mtt1e23\OneDrive - University of Southampton\Documents\python-PIVTOOLs\env\Lib\site-packages\tornado\tcpclient.py", line 279, in connect
    af, addr, stream = await connector.start(connect_timeout=timeout)
                       ^^^^^^^^^^^^^^^^^^^^^^^^^^^^^^^^^^^^^^^^^^^^^^
asyncio.exceptions.CancelledError

The above exception was the direct cause of the following exception:

Traceback (most recent call last):
  File "c:\Users\mtt1e23\OneDrive - University of Southampton\Documents\python-PIVTOOLs\env\Lib\site-packages\distributed\core.py", line 1476, in connect
    async with asyncio.timeout(math.inf) as scope:
               ~~~~~~~~~~~~~~~^^^^^^^^^^
  File "C:\Python313\Lib\asyncio\timeouts.py", line 116, in __aexit__
    raise TimeoutError from exc_val
TimeoutError

During handling of the above exception, another exception occurred:

Traceback (most recent call last):
  File "c:\Users\mtt1e23\OneDrive - University of Southampton\Documents\python-PIVTOOLs\env\Lib\site-packages\distributed\worker.py", line 2073, in gather_dep
    response = await get_data_from_worker(
               ^^^^^^^^^^^^^^^^^^^^^^^^^^^
        rpc=self.rpc, keys=to_gather, worker=worker, who=self.address
        ^^^^^^^^^^^^^^^^^^^^^^^^^^^^^^^^^^^^^^^^^^^^^^^^^^^^^^^^^^^^^
    )
    ^
  File "c:\Users\mtt1e23\OneDrive - University of Southampton\Documents\python-PIVTOOLs\env\Lib\site-packages\distributed\worker.py", line 2876, in get_data_from_worker
    comm = await rpc.connect(worker)
           ^^^^^^^^^^^^^^^^^^^^^^^^^
  File "c:\Users\mtt1e23\OneDrive - University of Southampton\Documents\python-PIVTOOLs\env\Lib\site-packages\distributed\core.py", line 1497, in connect
    raise CommClosedError(reason)
distributed.comm.core.CommClosedError: Address removed.
2025-11-03 15:30:41,070 - distributed.worker - ERROR - Worker stream died during communication: tcp://127.0.0.1:62390
Traceback (most recent call last):
  File "c:\Users\mtt1e23\OneDrive - University of Southampton\Documents\python-PIVTOOLs\env\Lib\site-packages\distributed\core.py", line 1485, in connect
    return await self._connect(addr=addr, timeout=timeout)
           ^^^^^^^^^^^^^^^^^^^^^^^^^^^^^^^^^^^^^^^^^^^^^^^
  File "c:\Users\mtt1e23\OneDrive - University of Southampton\Documents\python-PIVTOOLs\env\Lib\site-packages\distributed\core.py", line 1429, in _connect
    comm = await connect(
           ^^^^^^^^^^^^^^
    ...<4 lines>...
    )
    ^
  File "c:\Users\mtt1e23\OneDrive - University of Southampton\Documents\python-PIVTOOLs\env\Lib\site-packages\distributed\comm\core.py", line 342, in connect
    comm = await wait_for(
           ^^^^^^^^^^^^^^^
    ...<2 lines>...
    )
    ^
  File "c:\Users\mtt1e23\OneDrive - University of Southampton\Documents\python-PIVTOOLs\env\Lib\site-packages\distributed\utils.py", line 1923, in wait_for
    return await fut
           ^^^^^^^^^
  File "c:\Users\mtt1e23\OneDrive - University of Southampton\Documents\python-PIVTOOLs\env\Lib\site-packages\distributed\comm\tcp.py", line 547, in connect
    stream = await self.client.connect(
             ^^^^^^^^^^^^^^^^^^^^^^^^^^
        ip, port, max_buffer_size=MAX_BUFFER_SIZE, **kwargs
        ^^^^^^^^^^^^^^^^^^^^^^^^^^^^^^^^^^^^^^^^^^^^^^^^^^^
    )
    ^
  File "c:\Users\mtt1e23\OneDrive - University of Southampton\Documents\python-PIVTOOLs\env\Lib\site-packages\tornado\tcpclient.py", line 279, in connect
    af, addr, stream = await connector.start(connect_timeout=timeout)
                       ^^^^^^^^^^^^^^^^^^^^^^^^^^^^^^^^^^^^^^^^^^^^^^
asyncio.exceptions.CancelledError

The above exception was the direct cause of the following exception:

Traceback (most recent call last):
  File "c:\Users\mtt1e23\OneDrive - University of Southampton\Documents\python-PIVTOOLs\env\Lib\site-packages\distributed\core.py", line 1476, in connect
    async with asyncio.timeout(math.inf) as scope:
               ~~~~~~~~~~~~~~~^^^^^^^^^^
  File "C:\Python313\Lib\asyncio\timeouts.py", line 116, in __aexit__
    raise TimeoutError from exc_val
TimeoutError

During handling of the above exception, another exception occurred:

Traceback (most recent call last):
  File "c:\Users\mtt1e23\OneDrive - University of Southampton\Documents\python-PIVTOOLs\env\Lib\site-packages\distributed\worker.py", line 2073, in gather_dep
    response = await get_data_from_worker(
               ^^^^^^^^^^^^^^^^^^^^^^^^^^^
        rpc=self.rpc, keys=to_gather, worker=worker, who=self.address
        ^^^^^^^^^^^^^^^^^^^^^^^^^^^^^^^^^^^^^^^^^^^^^^^^^^^^^^^^^^^^^
    )
    ^
  File "c:\Users\mtt1e23\OneDrive - University of Southampton\Documents\python-PIVTOOLs\env\Lib\site-packages\distributed\worker.py", line 2876, in get_data_from_worker
    comm = await rpc.connect(worker)
           ^^^^^^^^^^^^^^^^^^^^^^^^^
  File "c:\Users\mtt1e23\OneDrive - University of Southampton\Documents\python-PIVTOOLs\env\Lib\site-packages\distributed\core.py", line 1497, in connect
    raise CommClosedError(reason)
distributed.comm.core.CommClosedError: Address removed.
2025-11-03 15:30:41,070 - distributed.worker - ERROR - Worker stream died during communication: tcp://127.0.0.1:62390
Traceback (most recent call last):
  File "c:\Users\mtt1e23\OneDrive - University of Southampton\Documents\python-PIVTOOLs\env\Lib\site-packages\distributed\core.py", line 1485, in connect
    return await self._connect(addr=addr, timeout=timeout)
           ^^^^^^^^^^^^^^^^^^^^^^^^^^^^^^^^^^^^^^^^^^^^^^^
  File "c:\Users\mtt1e23\OneDrive - University of Southampton\Documents\python-PIVTOOLs\env\Lib\site-packages\distributed\core.py", line 1429, in _connect
    comm = await connect(
           ^^^^^^^^^^^^^^
    ...<4 lines>...
    )
    ^
  File "c:\Users\mtt1e23\OneDrive - University of Southampton\Documents\python-PIVTOOLs\env\Lib\site-packages\distributed\comm\core.py", line 342, in connect
    comm = await wait_for(
           ^^^^^^^^^^^^^^^
    ...<2 lines>...
    )
    ^
  File "c:\Users\mtt1e23\OneDrive - University of Southampton\Documents\python-PIVTOOLs\env\Lib\site-packages\distributed\utils.py", line 1923, in wait_for
    return await fut
           ^^^^^^^^^
  File "c:\Users\mtt1e23\OneDrive - University of Southampton\Documents\python-PIVTOOLs\env\Lib\site-packages\distributed\comm\tcp.py", line 547, in connect
    stream = await self.client.connect(
             ^^^^^^^^^^^^^^^^^^^^^^^^^^
        ip, port, max_buffer_size=MAX_BUFFER_SIZE, **kwargs
        ^^^^^^^^^^^^^^^^^^^^^^^^^^^^^^^^^^^^^^^^^^^^^^^^^^^
    )
    ^
  File "c:\Users\mtt1e23\OneDrive - University of Southampton\Documents\python-PIVTOOLs\env\Lib\site-packages\tornado\tcpclient.py", line 279, in connect
    af, addr, stream = await connector.start(connect_timeout=timeout)
                       ^^^^^^^^^^^^^^^^^^^^^^^^^^^^^^^^^^^^^^^^^^^^^^
asyncio.exceptions.CancelledError

The above exception was the direct cause of the following exception:

Traceback (most recent call last):
  File "c:\Users\mtt1e23\OneDrive - University of Southampton\Documents\python-PIVTOOLs\env\Lib\site-packages\distributed\core.py", line 1476, in connect
    async with asyncio.timeout(math.inf) as scope:
               ~~~~~~~~~~~~~~~^^^^^^^^^^
  File "C:\Python313\Lib\asyncio\timeouts.py", line 116, in __aexit__
    raise TimeoutError from exc_val
TimeoutError

During handling of the above exception, another exception occurred:

Traceback (most recent call last):
  File "c:\Users\mtt1e23\OneDrive - University of Southampton\Documents\python-PIVTOOLs\env\Lib\site-packages\distributed\worker.py", line 2073, in gather_dep
    response = await get_data_from_worker(
               ^^^^^^^^^^^^^^^^^^^^^^^^^^^
        rpc=self.rpc, keys=to_gather, worker=worker, who=self.address
        ^^^^^^^^^^^^^^^^^^^^^^^^^^^^^^^^^^^^^^^^^^^^^^^^^^^^^^^^^^^^^
    )
    ^
  File "c:\Users\mtt1e23\OneDrive - University of Southampton\Documents\python-PIVTOOLs\env\Lib\site-packages\distributed\worker.py", line 2876, in get_data_from_worker
    comm = await rpc.connect(worker)
           ^^^^^^^^^^^^^^^^^^^^^^^^^
  File "c:\Users\mtt1e23\OneDrive - University of Southampton\Documents\python-PIVTOOLs\env\Lib\site-packages\distributed\core.py", line 1497, in connect
    raise CommClosedError(reason)
distributed.comm.core.CommClosedError: Address removed.
2025-11-03 15:30:41,115 - distributed.worker - ERROR - Worker stream died during communication: tcp://127.0.0.1:62371
Traceback (most recent call last):
  File "c:\Users\mtt1e23\OneDrive - University of Southampton\Documents\python-PIVTOOLs\env\Lib\site-packages\distributed\core.py", line 1485, in connect
    return await self._connect(addr=addr, timeout=timeout)
           ^^^^^^^^^^^^^^^^^^^^^^^^^^^^^^^^^^^^^^^^^^^^^^^
  File "c:\Users\mtt1e23\OneDrive - University of Southampton\Documents\python-PIVTOOLs\env\Lib\site-packages\distributed\core.py", line 1429, in _connect
    comm = await connect(
           ^^^^^^^^^^^^^^
    ...<4 lines>...
    )
    ^
  File "c:\Users\mtt1e23\OneDrive - University of Southampton\Documents\python-PIVTOOLs\env\Lib\site-packages\distributed\comm\core.py", line 342, in connect
    comm = await wait_for(
           ^^^^^^^^^^^^^^^
    ...<2 lines>...
    )
    ^
  File "c:\Users\mtt1e23\OneDrive - University of Southampton\Documents\python-PIVTOOLs\env\Lib\site-packages\distributed\utils.py", line 1923, in wait_for
    return await fut
           ^^^^^^^^^
  File "c:\Users\mtt1e23\OneDrive - University of Southampton\Documents\python-PIVTOOLs\env\Lib\site-packages\distributed\comm\tcp.py", line 547, in connect
    stream = await self.client.connect(
             ^^^^^^^^^^^^^^^^^^^^^^^^^^
        ip, port, max_buffer_size=MAX_BUFFER_SIZE, **kwargs
        ^^^^^^^^^^^^^^^^^^^^^^^^^^^^^^^^^^^^^^^^^^^^^^^^^^^
    )
    ^
  File "c:\Users\mtt1e23\OneDrive - University of Southampton\Documents\python-PIVTOOLs\env\Lib\site-packages\tornado\tcpclient.py", line 279, in connect
    af, addr, stream = await connector.start(connect_timeout=timeout)
                       ^^^^^^^^^^^^^^^^^^^^^^^^^^^^^^^^^^^^^^^^^^^^^^
asyncio.exceptions.CancelledError

The above exception was the direct cause of the following exception:

Traceback (most recent call last):
  File "c:\Users\mtt1e23\OneDrive - University of Southampton\Documents\python-PIVTOOLs\env\Lib\site-packages\distributed\core.py", line 1476, in connect
    async with asyncio.timeout(math.inf) as scope:
               ~~~~~~~~~~~~~~~^^^^^^^^^^
  File "C:\Python313\Lib\asyncio\timeouts.py", line 116, in __aexit__
    raise TimeoutError from exc_val
TimeoutError

During handling of the above exception, another exception occurred:

Traceback (most recent call last):
  File "c:\Users\mtt1e23\OneDrive - University of Southampton\Documents\python-PIVTOOLs\env\Lib\site-packages\distributed\worker.py", line 2073, in gather_dep
    response = await get_data_from_worker(
               ^^^^^^^^^^^^^^^^^^^^^^^^^^^
        rpc=self.rpc, keys=to_gather, worker=worker, who=self.address
        ^^^^^^^^^^^^^^^^^^^^^^^^^^^^^^^^^^^^^^^^^^^^^^^^^^^^^^^^^^^^^
    )
    ^
  File "c:\Users\mtt1e23\OneDrive - University of Southampton\Documents\python-PIVTOOLs\env\Lib\site-packages\distributed\worker.py", line 2876, in get_data_from_worker
    comm = await rpc.connect(worker)
           ^^^^^^^^^^^^^^^^^^^^^^^^^
  File "c:\Users\mtt1e23\OneDrive - University of Southampton\Documents\python-PIVTOOLs\env\Lib\site-packages\distributed\core.py", line 1497, in connect
    raise CommClosedError(reason)
distributed.comm.core.CommClosedError: Address removed.
2025-11-03 15:30:41,115 - distributed.worker - ERROR - Worker stream died during communication: tcp://127.0.0.1:62371
Traceback (most recent call last):
  File "c:\Users\mtt1e23\OneDrive - University of Southampton\Documents\python-PIVTOOLs\env\Lib\site-packages\distributed\core.py", line 1485, in connect
    return await self._connect(addr=addr, timeout=timeout)
           ^^^^^^^^^^^^^^^^^^^^^^^^^^^^^^^^^^^^^^^^^^^^^^^
  File "c:\Users\mtt1e23\OneDrive - University of Southampton\Documents\python-PIVTOOLs\env\Lib\site-packages\distributed\core.py", line 1429, in _connect
    comm = await connect(
           ^^^^^^^^^^^^^^
    ...<4 lines>...
    )
    ^
  File "c:\Users\mtt1e23\OneDrive - University of Southampton\Documents\python-PIVTOOLs\env\Lib\site-packages\distributed\comm\core.py", line 342, in connect
    comm = await wait_for(
           ^^^^^^^^^^^^^^^
    ...<2 lines>...
    )
    ^
  File "c:\Users\mtt1e23\OneDrive - University of Southampton\Documents\python-PIVTOOLs\env\Lib\site-packages\distributed\utils.py", line 1923, in wait_for
    return await fut
           ^^^^^^^^^
  File "c:\Users\mtt1e23\OneDrive - University of Southampton\Documents\python-PIVTOOLs\env\Lib\site-packages\distributed\comm\tcp.py", line 547, in connect
    stream = await self.client.connect(
             ^^^^^^^^^^^^^^^^^^^^^^^^^^
        ip, port, max_buffer_size=MAX_BUFFER_SIZE, **kwargs
        ^^^^^^^^^^^^^^^^^^^^^^^^^^^^^^^^^^^^^^^^^^^^^^^^^^^
    )
    ^
  File "c:\Users\mtt1e23\OneDrive - University of Southampton\Documents\python-PIVTOOLs\env\Lib\site-packages\tornado\tcpclient.py", line 279, in connect
    af, addr, stream = await connector.start(connect_timeout=timeout)
                       ^^^^^^^^^^^^^^^^^^^^^^^^^^^^^^^^^^^^^^^^^^^^^^
asyncio.exceptions.CancelledError

The above exception was the direct cause of the following exception:

Traceback (most recent call last):
  File "c:\Users\mtt1e23\OneDrive - University of Southampton\Documents\python-PIVTOOLs\env\Lib\site-packages\distributed\core.py", line 1476, in connect
    async with asyncio.timeout(math.inf) as scope:
               ~~~~~~~~~~~~~~~^^^^^^^^^^
  File "C:\Python313\Lib\asyncio\timeouts.py", line 116, in __aexit__
    raise TimeoutError from exc_val
TimeoutError

During handling of the above exception, another exception occurred:

Traceback (most recent call last):
  File "c:\Users\mtt1e23\OneDrive - University of Southampton\Documents\python-PIVTOOLs\env\Lib\site-packages\distributed\worker.py", line 2073, in gather_dep
    response = await get_data_from_worker(
               ^^^^^^^^^^^^^^^^^^^^^^^^^^^
        rpc=self.rpc, keys=to_gather, worker=worker, who=self.address
        ^^^^^^^^^^^^^^^^^^^^^^^^^^^^^^^^^^^^^^^^^^^^^^^^^^^^^^^^^^^^^
    )
    ^
  File "c:\Users\mtt1e23\OneDrive - University of Southampton\Documents\python-PIVTOOLs\env\Lib\site-packages\distributed\worker.py", line 2876, in get_data_from_worker
    comm = await rpc.connect(worker)
           ^^^^^^^^^^^^^^^^^^^^^^^^^
  File "c:\Users\mtt1e23\OneDrive - University of Southampton\Documents\python-PIVTOOLs\env\Lib\site-packages\distributed\core.py", line 1497, in connect
    raise CommClosedError(reason)
distributed.comm.core.CommClosedError: Address removed.
2025-11-03 15:30:41,115 - distributed.worker - ERROR - Worker stream died during communication: tcp://127.0.0.1:62371
Traceback (most recent call last):
  File "c:\Users\mtt1e23\OneDrive - University of Southampton\Documents\python-PIVTOOLs\env\Lib\site-packages\distributed\core.py", line 1485, in connect
    return await self._connect(addr=addr, timeout=timeout)
           ^^^^^^^^^^^^^^^^^^^^^^^^^^^^^^^^^^^^^^^^^^^^^^^
  File "c:\Users\mtt1e23\OneDrive - University of Southampton\Documents\python-PIVTOOLs\env\Lib\site-packages\distributed\core.py", line 1429, in _connect
    comm = await connect(
           ^^^^^^^^^^^^^^
    ...<4 lines>...
    )
    ^
  File "c:\Users\mtt1e23\OneDrive - University of Southampton\Documents\python-PIVTOOLs\env\Lib\site-packages\distributed\comm\core.py", line 342, in connect
    comm = await wait_for(
           ^^^^^^^^^^^^^^^
    ...<2 lines>...
    )
    ^
  File "c:\Users\mtt1e23\OneDrive - University of Southampton\Documents\python-PIVTOOLs\env\Lib\site-packages\distributed\utils.py", line 1923, in wait_for
    return await fut
           ^^^^^^^^^
  File "c:\Users\mtt1e23\OneDrive - University of Southampton\Documents\python-PIVTOOLs\env\Lib\site-packages\distributed\comm\tcp.py", line 547, in connect
    stream = await self.client.connect(
             ^^^^^^^^^^^^^^^^^^^^^^^^^^
        ip, port, max_buffer_size=MAX_BUFFER_SIZE, **kwargs
        ^^^^^^^^^^^^^^^^^^^^^^^^^^^^^^^^^^^^^^^^^^^^^^^^^^^
    )
    ^
  File "c:\Users\mtt1e23\OneDrive - University of Southampton\Documents\python-PIVTOOLs\env\Lib\site-packages\tornado\tcpclient.py", line 279, in connect
    af, addr, stream = await connector.start(connect_timeout=timeout)
                       ^^^^^^^^^^^^^^^^^^^^^^^^^^^^^^^^^^^^^^^^^^^^^^
asyncio.exceptions.CancelledError

The above exception was the direct cause of the following exception:

Traceback (most recent call last):
  File "c:\Users\mtt1e23\OneDrive - University of Southampton\Documents\python-PIVTOOLs\env\Lib\site-packages\distributed\core.py", line 1476, in connect
    async with asyncio.timeout(math.inf) as scope:
               ~~~~~~~~~~~~~~~^^^^^^^^^^
  File "C:\Python313\Lib\asyncio\timeouts.py", line 116, in __aexit__
    raise TimeoutError from exc_val
TimeoutError

During handling of the above exception, another exception occurred:

Traceback (most recent call last):
  File "c:\Users\mtt1e23\OneDrive - University of Southampton\Documents\python-PIVTOOLs\env\Lib\site-packages\distributed\worker.py", line 2073, in gather_dep
    response = await get_data_from_worker(
               ^^^^^^^^^^^^^^^^^^^^^^^^^^^
        rpc=self.rpc, keys=to_gather, worker=worker, who=self.address
        ^^^^^^^^^^^^^^^^^^^^^^^^^^^^^^^^^^^^^^^^^^^^^^^^^^^^^^^^^^^^^
    )
    ^
  File "c:\Users\mtt1e23\OneDrive - University of Southampton\Documents\python-PIVTOOLs\env\Lib\site-packages\distributed\worker.py", line 2876, in get_data_from_worker
    comm = await rpc.connect(worker)
           ^^^^^^^^^^^^^^^^^^^^^^^^^
  File "c:\Users\mtt1e23\OneDrive - University of Southampton\Documents\python-PIVTOOLs\env\Lib\site-packages\distributed\core.py", line 1497, in connect
    raise CommClosedError(reason)
distributed.comm.core.CommClosedError: Address removed.
2025-11-03 15:30:41,116 - distributed.worker - ERROR - Worker stream died during communication: tcp://127.0.0.1:62371
Traceback (most recent call last):
  File "c:\Users\mtt1e23\OneDrive - University of Southampton\Documents\python-PIVTOOLs\env\Lib\site-packages\distributed\core.py", line 1485, in connect
    return await self._connect(addr=addr, timeout=timeout)
           ^^^^^^^^^^^^^^^^^^^^^^^^^^^^^^^^^^^^^^^^^^^^^^^
  File "c:\Users\mtt1e23\OneDrive - University of Southampton\Documents\python-PIVTOOLs\env\Lib\site-packages\distributed\core.py", line 1429, in _connect
    comm = await connect(
           ^^^^^^^^^^^^^^
    ...<4 lines>...
    )
    ^
  File "c:\Users\mtt1e23\OneDrive - University of Southampton\Documents\python-PIVTOOLs\env\Lib\site-packages\distributed\comm\core.py", line 342, in connect
    comm = await wait_for(
           ^^^^^^^^^^^^^^^
    ...<2 lines>...
    )
    ^
  File "c:\Users\mtt1e23\OneDrive - University of Southampton\Documents\python-PIVTOOLs\env\Lib\site-packages\distributed\utils.py", line 1923, in wait_for
    return await fut
           ^^^^^^^^^
  File "c:\Users\mtt1e23\OneDrive - University of Southampton\Documents\python-PIVTOOLs\env\Lib\site-packages\distributed\comm\tcp.py", line 547, in connect
    stream = await self.client.connect(
             ^^^^^^^^^^^^^^^^^^^^^^^^^^
        ip, port, max_buffer_size=MAX_BUFFER_SIZE, **kwargs
        ^^^^^^^^^^^^^^^^^^^^^^^^^^^^^^^^^^^^^^^^^^^^^^^^^^^
    )
    ^
  File "c:\Users\mtt1e23\OneDrive - University of Southampton\Documents\python-PIVTOOLs\env\Lib\site-packages\tornado\tcpclient.py", line 279, in connect
    af, addr, stream = await connector.start(connect_timeout=timeout)
                       ^^^^^^^^^^^^^^^^^^^^^^^^^^^^^^^^^^^^^^^^^^^^^^
asyncio.exceptions.CancelledError

The above exception was the direct cause of the following exception:

Traceback (most recent call last):
  File "c:\Users\mtt1e23\OneDrive - University of Southampton\Documents\python-PIVTOOLs\env\Lib\site-packages\distributed\core.py", line 1476, in connect
    async with asyncio.timeout(math.inf) as scope:
               ~~~~~~~~~~~~~~~^^^^^^^^^^
  File "C:\Python313\Lib\asyncio\timeouts.py", line 116, in __aexit__
    raise TimeoutError from exc_val
TimeoutError

During handling of the above exception, another exception occurred:

Traceback (most recent call last):
  File "c:\Users\mtt1e23\OneDrive - University of Southampton\Documents\python-PIVTOOLs\env\Lib\site-packages\distributed\worker.py", line 2073, in gather_dep
    response = await get_data_from_worker(
               ^^^^^^^^^^^^^^^^^^^^^^^^^^^
        rpc=self.rpc, keys=to_gather, worker=worker, who=self.address
        ^^^^^^^^^^^^^^^^^^^^^^^^^^^^^^^^^^^^^^^^^^^^^^^^^^^^^^^^^^^^^
    )
    ^
  File "c:\Users\mtt1e23\OneDrive - University of Southampton\Documents\python-PIVTOOLs\env\Lib\site-packages\distributed\worker.py", line 2876, in get_data_from_worker
    comm = await rpc.connect(worker)
           ^^^^^^^^^^^^^^^^^^^^^^^^^
  File "c:\Users\mtt1e23\OneDrive - University of Southampton\Documents\python-PIVTOOLs\env\Lib\site-packages\distributed\core.py", line 1497, in connect
    raise CommClosedError(reason)
distributed.comm.core.CommClosedError: Address removed.
2025-11-03 15:30:41,115 - distributed.worker - ERROR - Worker stream died during communication: tcp://127.0.0.1:62371
Traceback (most recent call last):
  File "c:\Users\mtt1e23\OneDrive - University of Southampton\Documents\python-PIVTOOLs\env\Lib\site-packages\distributed\core.py", line 1485, in connect
    return await self._connect(addr=addr, timeout=timeout)
           ^^^^^^^^^^^^^^^^^^^^^^^^^^^^^^^^^^^^^^^^^^^^^^^
  File "c:\Users\mtt1e23\OneDrive - University of Southampton\Documents\python-PIVTOOLs\env\Lib\site-packages\distributed\core.py", line 1429, in _connect
    comm = await connect(
           ^^^^^^^^^^^^^^
    ...<4 lines>...
    )
    ^
  File "c:\Users\mtt1e23\OneDrive - University of Southampton\Documents\python-PIVTOOLs\env\Lib\site-packages\distributed\comm\core.py", line 342, in connect
    comm = await wait_for(
           ^^^^^^^^^^^^^^^
    ...<2 lines>...
    )
    ^
  File "c:\Users\mtt1e23\OneDrive - University of Southampton\Documents\python-PIVTOOLs\env\Lib\site-packages\distributed\utils.py", line 1923, in wait_for
    return await fut
           ^^^^^^^^^
  File "c:\Users\mtt1e23\OneDrive - University of Southampton\Documents\python-PIVTOOLs\env\Lib\site-packages\distributed\comm\tcp.py", line 547, in connect
    stream = await self.client.connect(
             ^^^^^^^^^^^^^^^^^^^^^^^^^^
        ip, port, max_buffer_size=MAX_BUFFER_SIZE, **kwargs
        ^^^^^^^^^^^^^^^^^^^^^^^^^^^^^^^^^^^^^^^^^^^^^^^^^^^
    )
    ^
  File "c:\Users\mtt1e23\OneDrive - University of Southampton\Documents\python-PIVTOOLs\env\Lib\site-packages\tornado\tcpclient.py", line 279, in connect
    af, addr, stream = await connector.start(connect_timeout=timeout)
                       ^^^^^^^^^^^^^^^^^^^^^^^^^^^^^^^^^^^^^^^^^^^^^^
asyncio.exceptions.CancelledError

The above exception was the direct cause of the following exception:

Traceback (most recent call last):
  File "c:\Users\mtt1e23\OneDrive - University of Southampton\Documents\python-PIVTOOLs\env\Lib\site-packages\distributed\core.py", line 1476, in connect
    async with asyncio.timeout(math.inf) as scope:
               ~~~~~~~~~~~~~~~^^^^^^^^^^
  File "C:\Python313\Lib\asyncio\timeouts.py", line 116, in __aexit__
    raise TimeoutError from exc_val
TimeoutError

During handling of the above exception, another exception occurred:

Traceback (most recent call last):
  File "c:\Users\mtt1e23\OneDrive - University of Southampton\Documents\python-PIVTOOLs\env\Lib\site-packages\distributed\worker.py", line 2073, in gather_dep
    response = await get_data_from_worker(
               ^^^^^^^^^^^^^^^^^^^^^^^^^^^
        rpc=self.rpc, keys=to_gather, worker=worker, who=self.address
        ^^^^^^^^^^^^^^^^^^^^^^^^^^^^^^^^^^^^^^^^^^^^^^^^^^^^^^^^^^^^^
    )
    ^
  File "c:\Users\mtt1e23\OneDrive - University of Southampton\Documents\python-PIVTOOLs\env\Lib\site-packages\distributed\worker.py", line 2876, in get_data_from_worker
    comm = await rpc.connect(worker)
           ^^^^^^^^^^^^^^^^^^^^^^^^^
  File "c:\Users\mtt1e23\OneDrive - University of Southampton\Documents\python-PIVTOOLs\env\Lib\site-packages\distributed\core.py", line 1497, in connect
    raise CommClosedError(reason)
distributed.comm.core.CommClosedError: Address removed.
2025-11-03 15:30:41,115 - distributed.worker - ERROR - Worker stream died during communication: tcp://127.0.0.1:62371
Traceback (most recent call last):
  File "c:\Users\mtt1e23\OneDrive - University of Southampton\Documents\python-PIVTOOLs\env\Lib\site-packages\distributed\core.py", line 1485, in connect
    return await self._connect(addr=addr, timeout=timeout)
           ^^^^^^^^^^^^^^^^^^^^^^^^^^^^^^^^^^^^^^^^^^^^^^^
  File "c:\Users\mtt1e23\OneDrive - University of Southampton\Documents\python-PIVTOOLs\env\Lib\site-packages\distributed\core.py", line 1429, in _connect
    comm = await connect(
           ^^^^^^^^^^^^^^
    ...<4 lines>...
    )
    ^
  File "c:\Users\mtt1e23\OneDrive - University of Southampton\Documents\python-PIVTOOLs\env\Lib\site-packages\distributed\comm\core.py", line 342, in connect
    comm = await wait_for(
           ^^^^^^^^^^^^^^^
    ...<2 lines>...
    )
    ^
  File "c:\Users\mtt1e23\OneDrive - University of Southampton\Documents\python-PIVTOOLs\env\Lib\site-packages\distributed\utils.py", line 1923, in wait_for
    return await fut
           ^^^^^^^^^
  File "c:\Users\mtt1e23\OneDrive - University of Southampton\Documents\python-PIVTOOLs\env\Lib\site-packages\distributed\comm\tcp.py", line 547, in connect
    stream = await self.client.connect(
             ^^^^^^^^^^^^^^^^^^^^^^^^^^
        ip, port, max_buffer_size=MAX_BUFFER_SIZE, **kwargs
        ^^^^^^^^^^^^^^^^^^^^^^^^^^^^^^^^^^^^^^^^^^^^^^^^^^^
    )
    ^
  File "c:\Users\mtt1e23\OneDrive - University of Southampton\Documents\python-PIVTOOLs\env\Lib\site-packages\tornado\tcpclient.py", line 279, in connect
    af, addr, stream = await connector.start(connect_timeout=timeout)
                       ^^^^^^^^^^^^^^^^^^^^^^^^^^^^^^^^^^^^^^^^^^^^^^
asyncio.exceptions.CancelledError

The above exception was the direct cause of the following exception:

Traceback (most recent call last):
  File "c:\Users\mtt1e23\OneDrive - University of Southampton\Documents\python-PIVTOOLs\env\Lib\site-packages\distributed\core.py", line 1476, in connect
    async with asyncio.timeout(math.inf) as scope:
               ~~~~~~~~~~~~~~~^^^^^^^^^^
  File "C:\Python313\Lib\asyncio\timeouts.py", line 116, in __aexit__
    raise TimeoutError from exc_val
TimeoutError

During handling of the above exception, another exception occurred:

Traceback (most recent call last):
  File "c:\Users\mtt1e23\OneDrive - University of Southampton\Documents\python-PIVTOOLs\env\Lib\site-packages\distributed\worker.py", line 2073, in gather_dep
    response = await get_data_from_worker(
               ^^^^^^^^^^^^^^^^^^^^^^^^^^^
        rpc=self.rpc, keys=to_gather, worker=worker, who=self.address
        ^^^^^^^^^^^^^^^^^^^^^^^^^^^^^^^^^^^^^^^^^^^^^^^^^^^^^^^^^^^^^
    )
    ^
  File "c:\Users\mtt1e23\OneDrive - University of Southampton\Documents\python-PIVTOOLs\env\Lib\site-packages\distributed\worker.py", line 2876, in get_data_from_worker
    comm = await rpc.connect(worker)
           ^^^^^^^^^^^^^^^^^^^^^^^^^
  File "c:\Users\mtt1e23\OneDrive - University of Southampton\Documents\python-PIVTOOLs\env\Lib\site-packages\distributed\core.py", line 1497, in connect
    raise CommClosedError(reason)
distributed.comm.core.CommClosedError: Address removed.
2025-11-03 15:30:41,203 - distributed.nanny - WARNING - Restarting worker
2025-11-03 15:30:41,208 - distributed.nanny - WARNING - Restarting worker
2025-11-03 15:30:41,212 - distributed.nanny - WARNING - Restarting worker
2025-11-03 15:30:41,224 - distributed.nanny - WARNING - Restarting worker
2025-11-03 15:30:41,268 - distributed.nanny - WARNING - Restarting worker
2025-11-03 15:30:41,286 - distributed.nanny - WARNING - Restarting worker
2025-11-03 15:30:41,906 - distributed.worker.memory - WARNING - Worker is at 80% memory usage. Pausing worker.  Process memory: 2.15 GiB -- Worker memory limit: 2.66 GiB
2025-11-03 15:30:42,242 - distributed.nanny.memory - WARNING - Worker tcp://127.0.0.1:62303 (pid=11540) exceeded 95% memory budget. Restarting...
2025-11-03 15:30:42,290 - distributed.worker - ERROR - Worker stream died during communication: tcp://127.0.0.1:62303
Traceback (most recent call last):
  File "c:\Users\mtt1e23\OneDrive - University of Southampton\Documents\python-PIVTOOLs\env\Lib\site-packages\tornado\iostream.py", line 861, in _read_to_buffer
    bytes_read = self.read_from_fd(buf)
  File "c:\Users\mtt1e23\OneDrive - University of Southampton\Documents\python-PIVTOOLs\env\Lib\site-packages\tornado\iostream.py", line 1113, in read_from_fd
    return self.socket.recv_into(buf, len(buf))
           ~~~~~~~~~~~~~~~~~~~~~^^^^^^^^^^^^^^^
ConnectionResetError: [WinError 10054] An existing connection was forcibly closed by the remote host

The above exception was the direct cause of the following exception:

Traceback (most recent call last):
  File "c:\Users\mtt1e23\OneDrive - University of Southampton\Documents\python-PIVTOOLs\env\Lib\site-packages\distributed\worker.py", line 2073, in gather_dep
    response = await get_data_from_worker(
               ^^^^^^^^^^^^^^^^^^^^^^^^^^^
        rpc=self.rpc, keys=to_gather, worker=worker, who=self.address
        ^^^^^^^^^^^^^^^^^^^^^^^^^^^^^^^^^^^^^^^^^^^^^^^^^^^^^^^^^^^^^
    )
    ^
  File "c:\Users\mtt1e23\OneDrive - University of Southampton\Documents\python-PIVTOOLs\env\Lib\site-packages\distributed\worker.py", line 2879, in get_data_from_worker
    response = await send_recv(
               ^^^^^^^^^^^^^^^^
    ...<6 lines>...
    )
    ^
  File "c:\Users\mtt1e23\OneDrive - University of Southampton\Documents\python-PIVTOOLs\env\Lib\site-packages\distributed\core.py", line 1018, in send_recv
    response = await comm.read(deserializers=deserializers)
               ^^^^^^^^^^^^^^^^^^^^^^^^^^^^^^^^^^^^^^^^^^^^
  File "c:\Users\mtt1e23\OneDrive - University of Southampton\Documents\python-PIVTOOLs\env\Lib\site-packages\distributed\comm\tcp.py", line 237, in read
    convert_stream_closed_error(self, e)
    ~~~~~~~~~~~~~~~~~~~~~~~~~~~^^^^^^^^^
  File "c:\Users\mtt1e23\OneDrive - University of Southampton\Documents\python-PIVTOOLs\env\Lib\site-packages\distributed\comm\tcp.py", line 143, in convert_stream_closed_error
    raise CommClosedError(f"in {obj}: {exc.__class__.__name__}: {exc}") from exc
distributed.comm.core.CommClosedError: in <TCP (closed) Ephemeral Worker->Worker for gather local=tcp://127.0.0.1:64892 remote=tcp://127.0.0.1:62303>: ConnectionResetError: [WinError 10054] An existing connection was forcibly closed by the remote host
2025-11-03 15:30:42,290 - distributed.worker - ERROR - Worker stream died during communication: tcp://127.0.0.1:62303
Traceback (most recent call last):
  File "c:\Users\mtt1e23\OneDrive - University of Southampton\Documents\python-PIVTOOLs\env\Lib\site-packages\tornado\iostream.py", line 861, in _read_to_buffer
    bytes_read = self.read_from_fd(buf)
  File "c:\Users\mtt1e23\OneDrive - University of Southampton\Documents\python-PIVTOOLs\env\Lib\site-packages\tornado\iostream.py", line 1113, in read_from_fd
    return self.socket.recv_into(buf, len(buf))
           ~~~~~~~~~~~~~~~~~~~~~^^^^^^^^^^^^^^^
ConnectionResetError: [WinError 10054] An existing connection was forcibly closed by the remote host

The above exception was the direct cause of the following exception:

Traceback (most recent call last):
  File "c:\Users\mtt1e23\OneDrive - University of Southampton\Documents\python-PIVTOOLs\env\Lib\site-packages\distributed\worker.py", line 2073, in gather_dep
    response = await get_data_from_worker(
               ^^^^^^^^^^^^^^^^^^^^^^^^^^^
        rpc=self.rpc, keys=to_gather, worker=worker, who=self.address
        ^^^^^^^^^^^^^^^^^^^^^^^^^^^^^^^^^^^^^^^^^^^^^^^^^^^^^^^^^^^^^
    )
    ^
  File "c:\Users\mtt1e23\OneDrive - University of Southampton\Documents\python-PIVTOOLs\env\Lib\site-packages\distributed\worker.py", line 2879, in get_data_from_worker
    response = await send_recv(
               ^^^^^^^^^^^^^^^^
    ...<6 lines>...
    )
    ^
  File "c:\Users\mtt1e23\OneDrive - University of Southampton\Documents\python-PIVTOOLs\env\Lib\site-packages\distributed\core.py", line 1018, in send_recv
    response = await comm.read(deserializers=deserializers)
               ^^^^^^^^^^^^^^^^^^^^^^^^^^^^^^^^^^^^^^^^^^^^
  File "c:\Users\mtt1e23\OneDrive - University of Southampton\Documents\python-PIVTOOLs\env\Lib\site-packages\distributed\comm\tcp.py", line 237, in read
    convert_stream_closed_error(self, e)
    ~~~~~~~~~~~~~~~~~~~~~~~~~~~^^^^^^^^^
  File "c:\Users\mtt1e23\OneDrive - University of Southampton\Documents\python-PIVTOOLs\env\Lib\site-packages\distributed\comm\tcp.py", line 143, in convert_stream_closed_error
    raise CommClosedError(f"in {obj}: {exc.__class__.__name__}: {exc}") from exc
distributed.comm.core.CommClosedError: in <TCP (closed) Ephemeral Worker->Worker for gather local=tcp://127.0.0.1:54107 remote=tcp://127.0.0.1:62303>: ConnectionResetError: [WinError 10054] An existing connection was forcibly closed by the remote host
2025-11-03 15:30:42,291 - distributed.worker - ERROR - Worker stream died during communication: tcp://127.0.0.1:62303
Traceback (most recent call last):
  File "c:\Users\mtt1e23\OneDrive - University of Southampton\Documents\python-PIVTOOLs\env\Lib\site-packages\tornado\iostream.py", line 861, in _read_to_buffer
    bytes_read = self.read_from_fd(buf)
  File "c:\Users\mtt1e23\OneDrive - University of Southampton\Documents\python-PIVTOOLs\env\Lib\site-packages\tornado\iostream.py", line 1113, in read_from_fd
    return self.socket.recv_into(buf, len(buf))
           ~~~~~~~~~~~~~~~~~~~~~^^^^^^^^^^^^^^^
ConnectionResetError: [WinError 10054] An existing connection was forcibly closed by the remote host

The above exception was the direct cause of the following exception:

Traceback (most recent call last):
  File "c:\Users\mtt1e23\OneDrive - University of Southampton\Documents\python-PIVTOOLs\env\Lib\site-packages\distributed\worker.py", line 2073, in gather_dep
    response = await get_data_from_worker(
               ^^^^^^^^^^^^^^^^^^^^^^^^^^^
        rpc=self.rpc, keys=to_gather, worker=worker, who=self.address
        ^^^^^^^^^^^^^^^^^^^^^^^^^^^^^^^^^^^^^^^^^^^^^^^^^^^^^^^^^^^^^
    )
    ^
  File "c:\Users\mtt1e23\OneDrive - University of Southampton\Documents\python-PIVTOOLs\env\Lib\site-packages\distributed\worker.py", line 2879, in get_data_from_worker
    response = await send_recv(
               ^^^^^^^^^^^^^^^^
    ...<6 lines>...
    )
    ^
  File "c:\Users\mtt1e23\OneDrive - University of Southampton\Documents\python-PIVTOOLs\env\Lib\site-packages\distributed\core.py", line 1018, in send_recv
    response = await comm.read(deserializers=deserializers)
               ^^^^^^^^^^^^^^^^^^^^^^^^^^^^^^^^^^^^^^^^^^^^
  File "c:\Users\mtt1e23\OneDrive - University of Southampton\Documents\python-PIVTOOLs\env\Lib\site-packages\distributed\comm\tcp.py", line 237, in read
    convert_stream_closed_error(self, e)
    ~~~~~~~~~~~~~~~~~~~~~~~~~~~^^^^^^^^^
  File "c:\Users\mtt1e23\OneDrive - University of Southampton\Documents\python-PIVTOOLs\env\Lib\site-packages\distributed\comm\tcp.py", line 143, in convert_stream_closed_error
    raise CommClosedError(f"in {obj}: {exc.__class__.__name__}: {exc}") from exc
distributed.comm.core.CommClosedError: in <TCP (closed) Ephemeral Worker->Worker for gather local=tcp://127.0.0.1:64936 remote=tcp://127.0.0.1:62303>: ConnectionResetError: [WinError 10054] An existing connection was forcibly closed by the remote host
2025-11-03 15:30:42,292 - distributed.worker - ERROR - Worker stream died during communication: tcp://127.0.0.1:62303
Traceback (most recent call last):
  File "c:\Users\mtt1e23\OneDrive - University of Southampton\Documents\python-PIVTOOLs\env\Lib\site-packages\tornado\iostream.py", line 861, in _read_to_buffer
    bytes_read = self.read_from_fd(buf)
  File "c:\Users\mtt1e23\OneDrive - University of Southampton\Documents\python-PIVTOOLs\env\Lib\site-packages\tornado\iostream.py", line 1113, in read_from_fd
    return self.socket.recv_into(buf, len(buf))
           ~~~~~~~~~~~~~~~~~~~~~^^^^^^^^^^^^^^^
ConnectionResetError: [WinError 10054] An existing connection was forcibly closed by the remote host

The above exception was the direct cause of the following exception:

Traceback (most recent call last):
  File "c:\Users\mtt1e23\OneDrive - University of Southampton\Documents\python-PIVTOOLs\env\Lib\site-packages\distributed\worker.py", line 2073, in gather_dep
    response = await get_data_from_worker(
               ^^^^^^^^^^^^^^^^^^^^^^^^^^^
        rpc=self.rpc, keys=to_gather, worker=worker, who=self.address
        ^^^^^^^^^^^^^^^^^^^^^^^^^^^^^^^^^^^^^^^^^^^^^^^^^^^^^^^^^^^^^
    )
    ^
  File "c:\Users\mtt1e23\OneDrive - University of Southampton\Documents\python-PIVTOOLs\env\Lib\site-packages\distributed\worker.py", line 2879, in get_data_from_worker
    response = await send_recv(
               ^^^^^^^^^^^^^^^^
    ...<6 lines>...
    )
    ^
  File "c:\Users\mtt1e23\OneDrive - University of Southampton\Documents\python-PIVTOOLs\env\Lib\site-packages\distributed\core.py", line 1018, in send_recv
    response = await comm.read(deserializers=deserializers)
               ^^^^^^^^^^^^^^^^^^^^^^^^^^^^^^^^^^^^^^^^^^^^
  File "c:\Users\mtt1e23\OneDrive - University of Southampton\Documents\python-PIVTOOLs\env\Lib\site-packages\distributed\comm\tcp.py", line 237, in read
    convert_stream_closed_error(self, e)
    ~~~~~~~~~~~~~~~~~~~~~~~~~~~^^^^^^^^^
  File "c:\Users\mtt1e23\OneDrive - University of Southampton\Documents\python-PIVTOOLs\env\Lib\site-packages\distributed\comm\tcp.py", line 143, in convert_stream_closed_error
    raise CommClosedError(f"in {obj}: {exc.__class__.__name__}: {exc}") from exc
distributed.comm.core.CommClosedError: in <TCP (closed) Ephemeral Worker->Worker for gather local=tcp://127.0.0.1:64886 remote=tcp://127.0.0.1:62303>: ConnectionResetError: [WinError 10054] An existing connection was forcibly closed by the remote host
2025-11-03 15:30:42,292 - distributed.worker - ERROR - Worker stream died during communication: tcp://127.0.0.1:62303
Traceback (most recent call last):
  File "c:\Users\mtt1e23\OneDrive - University of Southampton\Documents\python-PIVTOOLs\env\Lib\site-packages\tornado\iostream.py", line 861, in _read_to_buffer
    bytes_read = self.read_from_fd(buf)
  File "c:\Users\mtt1e23\OneDrive - University of Southampton\Documents\python-PIVTOOLs\env\Lib\site-packages\tornado\iostream.py", line 1113, in read_from_fd
    return self.socket.recv_into(buf, len(buf))
           ~~~~~~~~~~~~~~~~~~~~~^^^^^^^^^^^^^^^
ConnectionResetError: [WinError 10054] An existing connection was forcibly closed by the remote host

The above exception was the direct cause of the following exception:

Traceback (most recent call last):
  File "c:\Users\mtt1e23\OneDrive - University of Southampton\Documents\python-PIVTOOLs\env\Lib\site-packages\distributed\worker.py", line 2073, in gather_dep
    response = await get_data_from_worker(
               ^^^^^^^^^^^^^^^^^^^^^^^^^^^
        rpc=self.rpc, keys=to_gather, worker=worker, who=self.address
        ^^^^^^^^^^^^^^^^^^^^^^^^^^^^^^^^^^^^^^^^^^^^^^^^^^^^^^^^^^^^^
    )
    ^
  File "c:\Users\mtt1e23\OneDrive - University of Southampton\Documents\python-PIVTOOLs\env\Lib\site-packages\distributed\worker.py", line 2879, in get_data_from_worker
    response = await send_recv(
               ^^^^^^^^^^^^^^^^
    ...<6 lines>...
    )
    ^
  File "c:\Users\mtt1e23\OneDrive - University of Southampton\Documents\python-PIVTOOLs\env\Lib\site-packages\distributed\core.py", line 1018, in send_recv
    response = await comm.read(deserializers=deserializers)
               ^^^^^^^^^^^^^^^^^^^^^^^^^^^^^^^^^^^^^^^^^^^^
  File "c:\Users\mtt1e23\OneDrive - University of Southampton\Documents\python-PIVTOOLs\env\Lib\site-packages\distributed\comm\tcp.py", line 237, in read
    convert_stream_closed_error(self, e)
    ~~~~~~~~~~~~~~~~~~~~~~~~~~~^^^^^^^^^
  File "c:\Users\mtt1e23\OneDrive - University of Southampton\Documents\python-PIVTOOLs\env\Lib\site-packages\distributed\comm\tcp.py", line 143, in convert_stream_closed_error
    raise CommClosedError(f"in {obj}: {exc.__class__.__name__}: {exc}") from exc
distributed.comm.core.CommClosedError: in <TCP (closed) Ephemeral Worker->Worker for gather local=tcp://127.0.0.1:54082 remote=tcp://127.0.0.1:62303>: ConnectionResetError: [WinError 10054] An existing connection was forcibly closed by the remote host
2025-11-03 15:30:42,293 - distributed.worker - ERROR - Worker stream died during communication: tcp://127.0.0.1:62303
Traceback (most recent call last):
  File "c:\Users\mtt1e23\OneDrive - University of Southampton\Documents\python-PIVTOOLs\env\Lib\site-packages\tornado\iostream.py", line 861, in _read_to_buffer
    bytes_read = self.read_from_fd(buf)
  File "c:\Users\mtt1e23\OneDrive - University of Southampton\Documents\python-PIVTOOLs\env\Lib\site-packages\tornado\iostream.py", line 1113, in read_from_fd
    return self.socket.recv_into(buf, len(buf))
           ~~~~~~~~~~~~~~~~~~~~~^^^^^^^^^^^^^^^
ConnectionResetError: [WinError 10054] An existing connection was forcibly closed by the remote host

The above exception was the direct cause of the following exception:

Traceback (most recent call last):
  File "c:\Users\mtt1e23\OneDrive - University of Southampton\Documents\python-PIVTOOLs\env\Lib\site-packages\distributed\worker.py", line 2073, in gather_dep
    response = await get_data_from_worker(
               ^^^^^^^^^^^^^^^^^^^^^^^^^^^
        rpc=self.rpc, keys=to_gather, worker=worker, who=self.address
        ^^^^^^^^^^^^^^^^^^^^^^^^^^^^^^^^^^^^^^^^^^^^^^^^^^^^^^^^^^^^^
    )
    ^
  File "c:\Users\mtt1e23\OneDrive - University of Southampton\Documents\python-PIVTOOLs\env\Lib\site-packages\distributed\worker.py", line 2879, in get_data_from_worker
    response = await send_recv(
               ^^^^^^^^^^^^^^^^
    ...<6 lines>...
    )
    ^
  File "c:\Users\mtt1e23\OneDrive - University of Southampton\Documents\python-PIVTOOLs\env\Lib\site-packages\distributed\core.py", line 1018, in send_recv
    response = await comm.read(deserializers=deserializers)
               ^^^^^^^^^^^^^^^^^^^^^^^^^^^^^^^^^^^^^^^^^^^^
  File "c:\Users\mtt1e23\OneDrive - University of Southampton\Documents\python-PIVTOOLs\env\Lib\site-packages\distributed\comm\tcp.py", line 237, in read
    convert_stream_closed_error(self, e)
    ~~~~~~~~~~~~~~~~~~~~~~~~~~~^^^^^^^^^
  File "c:\Users\mtt1e23\OneDrive - University of Southampton\Documents\python-PIVTOOLs\env\Lib\site-packages\distributed\comm\tcp.py", line 143, in convert_stream_closed_error
    raise CommClosedError(f"in {obj}: {exc.__class__.__name__}: {exc}") from exc
distributed.comm.core.CommClosedError: in <TCP (closed) Ephemeral Worker->Worker for gather local=tcp://127.0.0.1:65077 remote=tcp://127.0.0.1:62303>: ConnectionResetError: [WinError 10054] An existing connection was forcibly closed by the remote host
2025-11-03 15:30:42,294 - distributed.worker - ERROR - Worker stream died during communication: tcp://127.0.0.1:62303
Traceback (most recent call last):
  File "c:\Users\mtt1e23\OneDrive - University of Southampton\Documents\python-PIVTOOLs\env\Lib\site-packages\tornado\iostream.py", line 861, in _read_to_buffer
    bytes_read = self.read_from_fd(buf)
  File "c:\Users\mtt1e23\OneDrive - University of Southampton\Documents\python-PIVTOOLs\env\Lib\site-packages\tornado\iostream.py", line 1113, in read_from_fd
    return self.socket.recv_into(buf, len(buf))
           ~~~~~~~~~~~~~~~~~~~~~^^^^^^^^^^^^^^^
ConnectionResetError: [WinError 10054] An existing connection was forcibly closed by the remote host

The above exception was the direct cause of the following exception:

Traceback (most recent call last):
  File "c:\Users\mtt1e23\OneDrive - University of Southampton\Documents\python-PIVTOOLs\env\Lib\site-packages\distributed\worker.py", line 2073, in gather_dep
    response = await get_data_from_worker(
               ^^^^^^^^^^^^^^^^^^^^^^^^^^^
        rpc=self.rpc, keys=to_gather, worker=worker, who=self.address
        ^^^^^^^^^^^^^^^^^^^^^^^^^^^^^^^^^^^^^^^^^^^^^^^^^^^^^^^^^^^^^
    )
    ^
  File "c:\Users\mtt1e23\OneDrive - University of Southampton\Documents\python-PIVTOOLs\env\Lib\site-packages\distributed\worker.py", line 2879, in get_data_from_worker
    response = await send_recv(
               ^^^^^^^^^^^^^^^^
    ...<6 lines>...
    )
    ^
  File "c:\Users\mtt1e23\OneDrive - University of Southampton\Documents\python-PIVTOOLs\env\Lib\site-packages\distributed\core.py", line 1018, in send_recv
    response = await comm.read(deserializers=deserializers)
               ^^^^^^^^^^^^^^^^^^^^^^^^^^^^^^^^^^^^^^^^^^^^
  File "c:\Users\mtt1e23\OneDrive - University of Southampton\Documents\python-PIVTOOLs\env\Lib\site-packages\distributed\comm\tcp.py", line 237, in read
    convert_stream_closed_error(self, e)
    ~~~~~~~~~~~~~~~~~~~~~~~~~~~^^^^^^^^^
  File "c:\Users\mtt1e23\OneDrive - University of Southampton\Documents\python-PIVTOOLs\env\Lib\site-packages\distributed\comm\tcp.py", line 143, in convert_stream_closed_error
    raise CommClosedError(f"in {obj}: {exc.__class__.__name__}: {exc}") from exc
distributed.comm.core.CommClosedError: in <TCP (closed) Ephemeral Worker->Worker for gather local=tcp://127.0.0.1:65029 remote=tcp://127.0.0.1:62303>: ConnectionResetError: [WinError 10054] An existing connection was forcibly closed by the remote host
2025-11-03 15:30:42,295 - distributed.worker - ERROR - Worker stream died during communication: tcp://127.0.0.1:62303
Traceback (most recent call last):
  File "c:\Users\mtt1e23\OneDrive - University of Southampton\Documents\python-PIVTOOLs\env\Lib\site-packages\tornado\iostream.py", line 861, in _read_to_buffer
    bytes_read = self.read_from_fd(buf)
  File "c:\Users\mtt1e23\OneDrive - University of Southampton\Documents\python-PIVTOOLs\env\Lib\site-packages\tornado\iostream.py", line 1113, in read_from_fd
    return self.socket.recv_into(buf, len(buf))
           ~~~~~~~~~~~~~~~~~~~~~^^^^^^^^^^^^^^^
ConnectionResetError: [WinError 10054] An existing connection was forcibly closed by the remote host

The above exception was the direct cause of the following exception:

Traceback (most recent call last):
  File "c:\Users\mtt1e23\OneDrive - University of Southampton\Documents\python-PIVTOOLs\env\Lib\site-packages\distributed\worker.py", line 2073, in gather_dep
    response = await get_data_from_worker(
               ^^^^^^^^^^^^^^^^^^^^^^^^^^^
        rpc=self.rpc, keys=to_gather, worker=worker, who=self.address
        ^^^^^^^^^^^^^^^^^^^^^^^^^^^^^^^^^^^^^^^^^^^^^^^^^^^^^^^^^^^^^
    )
    ^
  File "c:\Users\mtt1e23\OneDrive - University of Southampton\Documents\python-PIVTOOLs\env\Lib\site-packages\distributed\worker.py", line 2879, in get_data_from_worker
    response = await send_recv(
               ^^^^^^^^^^^^^^^^
    ...<6 lines>...
    )
    ^
  File "c:\Users\mtt1e23\OneDrive - University of Southampton\Documents\python-PIVTOOLs\env\Lib\site-packages\distributed\core.py", line 1018, in send_recv
    response = await comm.read(deserializers=deserializers)
               ^^^^^^^^^^^^^^^^^^^^^^^^^^^^^^^^^^^^^^^^^^^^
  File "c:\Users\mtt1e23\OneDrive - University of Southampton\Documents\python-PIVTOOLs\env\Lib\site-packages\distributed\comm\tcp.py", line 237, in read
    convert_stream_closed_error(self, e)
    ~~~~~~~~~~~~~~~~~~~~~~~~~~~^^^^^^^^^
  File "c:\Users\mtt1e23\OneDrive - University of Southampton\Documents\python-PIVTOOLs\env\Lib\site-packages\distributed\comm\tcp.py", line 143, in convert_stream_closed_error
    raise CommClosedError(f"in {obj}: {exc.__class__.__name__}: {exc}") from exc
distributed.comm.core.CommClosedError: in <TCP (closed) Ephemeral Worker->Worker for gather local=tcp://127.0.0.1:64967 remote=tcp://127.0.0.1:62303>: ConnectionResetError: [WinError 10054] An existing connection was forcibly closed by the remote host
2025-11-03 15:30:42,295 - distributed.worker - ERROR - Worker stream died during communication: tcp://127.0.0.1:62303
Traceback (most recent call last):
  File "c:\Users\mtt1e23\OneDrive - University of Southampton\Documents\python-PIVTOOLs\env\Lib\site-packages\tornado\iostream.py", line 861, in _read_to_buffer
    bytes_read = self.read_from_fd(buf)
  File "c:\Users\mtt1e23\OneDrive - University of Southampton\Documents\python-PIVTOOLs\env\Lib\site-packages\tornado\iostream.py", line 1113, in read_from_fd
    return self.socket.recv_into(buf, len(buf))
           ~~~~~~~~~~~~~~~~~~~~~^^^^^^^^^^^^^^^
ConnectionResetError: [WinError 10054] An existing connection was forcibly closed by the remote host

The above exception was the direct cause of the following exception:

Traceback (most recent call last):
  File "c:\Users\mtt1e23\OneDrive - University of Southampton\Documents\python-PIVTOOLs\env\Lib\site-packages\distributed\worker.py", line 2073, in gather_dep
    response = await get_data_from_worker(
               ^^^^^^^^^^^^^^^^^^^^^^^^^^^
        rpc=self.rpc, keys=to_gather, worker=worker, who=self.address
        ^^^^^^^^^^^^^^^^^^^^^^^^^^^^^^^^^^^^^^^^^^^^^^^^^^^^^^^^^^^^^
    )
    ^
  File "c:\Users\mtt1e23\OneDrive - University of Southampton\Documents\python-PIVTOOLs\env\Lib\site-packages\distributed\worker.py", line 2879, in get_data_from_worker
    response = await send_recv(
               ^^^^^^^^^^^^^^^^
    ...<6 lines>...
    )
    ^
  File "c:\Users\mtt1e23\OneDrive - University of Southampton\Documents\python-PIVTOOLs\env\Lib\site-packages\distributed\core.py", line 1018, in send_recv
    response = await comm.read(deserializers=deserializers)
               ^^^^^^^^^^^^^^^^^^^^^^^^^^^^^^^^^^^^^^^^^^^^
  File "c:\Users\mtt1e23\OneDrive - University of Southampton\Documents\python-PIVTOOLs\env\Lib\site-packages\distributed\comm\tcp.py", line 237, in read
    convert_stream_closed_error(self, e)
    ~~~~~~~~~~~~~~~~~~~~~~~~~~~^^^^^^^^^
  File "c:\Users\mtt1e23\OneDrive - University of Southampton\Documents\python-PIVTOOLs\env\Lib\site-packages\distributed\comm\tcp.py", line 143, in convert_stream_closed_error
    raise CommClosedError(f"in {obj}: {exc.__class__.__name__}: {exc}") from exc
distributed.comm.core.CommClosedError: in <TCP (closed) Ephemeral Worker->Worker for gather local=tcp://127.0.0.1:65038 remote=tcp://127.0.0.1:62303>: ConnectionResetError: [WinError 10054] An existing connection was forcibly closed by the remote host
2025-11-03 15:30:42,295 - distributed.worker - ERROR - Worker stream died during communication: tcp://127.0.0.1:62303
Traceback (most recent call last):
  File "c:\Users\mtt1e23\OneDrive - University of Southampton\Documents\python-PIVTOOLs\env\Lib\site-packages\tornado\iostream.py", line 861, in _read_to_buffer
    bytes_read = self.read_from_fd(buf)
  File "c:\Users\mtt1e23\OneDrive - University of Southampton\Documents\python-PIVTOOLs\env\Lib\site-packages\tornado\iostream.py", line 1113, in read_from_fd
    return self.socket.recv_into(buf, len(buf))
           ~~~~~~~~~~~~~~~~~~~~~^^^^^^^^^^^^^^^
ConnectionResetError: [WinError 10054] An existing connection was forcibly closed by the remote host

The above exception was the direct cause of the following exception:

Traceback (most recent call last):
  File "c:\Users\mtt1e23\OneDrive - University of Southampton\Documents\python-PIVTOOLs\env\Lib\site-packages\distributed\worker.py", line 2073, in gather_dep
    response = await get_data_from_worker(
               ^^^^^^^^^^^^^^^^^^^^^^^^^^^
        rpc=self.rpc, keys=to_gather, worker=worker, who=self.address
        ^^^^^^^^^^^^^^^^^^^^^^^^^^^^^^^^^^^^^^^^^^^^^^^^^^^^^^^^^^^^^
    )
    ^
  File "c:\Users\mtt1e23\OneDrive - University of Southampton\Documents\python-PIVTOOLs\env\Lib\site-packages\distributed\worker.py", line 2879, in get_data_from_worker
    response = await send_recv(
               ^^^^^^^^^^^^^^^^
    ...<6 lines>...
    )
    ^
  File "c:\Users\mtt1e23\OneDrive - University of Southampton\Documents\python-PIVTOOLs\env\Lib\site-packages\distributed\core.py", line 1018, in send_recv
    response = await comm.read(deserializers=deserializers)
               ^^^^^^^^^^^^^^^^^^^^^^^^^^^^^^^^^^^^^^^^^^^^
  File "c:\Users\mtt1e23\OneDrive - University of Southampton\Documents\python-PIVTOOLs\env\Lib\site-packages\distributed\comm\tcp.py", line 237, in read
    convert_stream_closed_error(self, e)
    ~~~~~~~~~~~~~~~~~~~~~~~~~~~^^^^^^^^^
  File "c:\Users\mtt1e23\OneDrive - University of Southampton\Documents\python-PIVTOOLs\env\Lib\site-packages\distributed\comm\tcp.py", line 143, in convert_stream_closed_error
    raise CommClosedError(f"in {obj}: {exc.__class__.__name__}: {exc}") from exc
distributed.comm.core.CommClosedError: in <TCP (closed) Ephemeral Worker->Worker for gather local=tcp://127.0.0.1:54096 remote=tcp://127.0.0.1:62303>: ConnectionResetError: [WinError 10054] An existing connection was forcibly closed by the remote host
2025-11-03 15:30:42,295 - distributed.worker - ERROR - Worker stream died during communication: tcp://127.0.0.1:62303
Traceback (most recent call last):
  File "c:\Users\mtt1e23\OneDrive - University of Southampton\Documents\python-PIVTOOLs\env\Lib\site-packages\tornado\iostream.py", line 861, in _read_to_buffer
    bytes_read = self.read_from_fd(buf)
  File "c:\Users\mtt1e23\OneDrive - University of Southampton\Documents\python-PIVTOOLs\env\Lib\site-packages\tornado\iostream.py", line 1113, in read_from_fd
    return self.socket.recv_into(buf, len(buf))
           ~~~~~~~~~~~~~~~~~~~~~^^^^^^^^^^^^^^^
ConnectionResetError: [WinError 10054] An existing connection was forcibly closed by the remote host

The above exception was the direct cause of the following exception:

Traceback (most recent call last):
  File "c:\Users\mtt1e23\OneDrive - University of Southampton\Documents\python-PIVTOOLs\env\Lib\site-packages\distributed\worker.py", line 2073, in gather_dep
    response = await get_data_from_worker(
               ^^^^^^^^^^^^^^^^^^^^^^^^^^^
        rpc=self.rpc, keys=to_gather, worker=worker, who=self.address
        ^^^^^^^^^^^^^^^^^^^^^^^^^^^^^^^^^^^^^^^^^^^^^^^^^^^^^^^^^^^^^
    )
    ^
  File "c:\Users\mtt1e23\OneDrive - University of Southampton\Documents\python-PIVTOOLs\env\Lib\site-packages\distributed\worker.py", line 2879, in get_data_from_worker
    response = await send_recv(
               ^^^^^^^^^^^^^^^^
    ...<6 lines>...
    )
    ^
  File "c:\Users\mtt1e23\OneDrive - University of Southampton\Documents\python-PIVTOOLs\env\Lib\site-packages\distributed\core.py", line 1018, in send_recv
    response = await comm.read(deserializers=deserializers)
               ^^^^^^^^^^^^^^^^^^^^^^^^^^^^^^^^^^^^^^^^^^^^
  File "c:\Users\mtt1e23\OneDrive - University of Southampton\Documents\python-PIVTOOLs\env\Lib\site-packages\distributed\comm\tcp.py", line 237, in read
    convert_stream_closed_error(self, e)
    ~~~~~~~~~~~~~~~~~~~~~~~~~~~^^^^^^^^^
  File "c:\Users\mtt1e23\OneDrive - University of Southampton\Documents\python-PIVTOOLs\env\Lib\site-packages\distributed\comm\tcp.py", line 143, in convert_stream_closed_error
    raise CommClosedError(f"in {obj}: {exc.__class__.__name__}: {exc}") from exc
distributed.comm.core.CommClosedError: in <TCP (closed) Ephemeral Worker->Worker for gather local=tcp://127.0.0.1:65030 remote=tcp://127.0.0.1:62303>: ConnectionResetError: [WinError 10054] An existing connection was forcibly closed by the remote host
2025-11-03 15:30:42,523 - distributed.worker - ERROR - Worker stream died during communication: tcp://127.0.0.1:62303
Traceback (most recent call last):
  File "c:\Users\mtt1e23\OneDrive - University of Southampton\Documents\python-PIVTOOLs\env\Lib\site-packages\distributed\core.py", line 1485, in connect
    return await self._connect(addr=addr, timeout=timeout)
           ^^^^^^^^^^^^^^^^^^^^^^^^^^^^^^^^^^^^^^^^^^^^^^^
  File "c:\Users\mtt1e23\OneDrive - University of Southampton\Documents\python-PIVTOOLs\env\Lib\site-packages\distributed\core.py", line 1429, in _connect
    comm = await connect(
           ^^^^^^^^^^^^^^
    ...<4 lines>...
    )
    ^
  File "c:\Users\mtt1e23\OneDrive - University of Southampton\Documents\python-PIVTOOLs\env\Lib\site-packages\distributed\comm\core.py", line 342, in connect
    comm = await wait_for(
           ^^^^^^^^^^^^^^^
    ...<2 lines>...
    )
    ^
  File "c:\Users\mtt1e23\OneDrive - University of Southampton\Documents\python-PIVTOOLs\env\Lib\site-packages\distributed\utils.py", line 1923, in wait_for
    return await fut
           ^^^^^^^^^
  File "c:\Users\mtt1e23\OneDrive - University of Southampton\Documents\python-PIVTOOLs\env\Lib\site-packages\distributed\comm\tcp.py", line 547, in connect
    stream = await self.client.connect(
             ^^^^^^^^^^^^^^^^^^^^^^^^^^
        ip, port, max_buffer_size=MAX_BUFFER_SIZE, **kwargs
        ^^^^^^^^^^^^^^^^^^^^^^^^^^^^^^^^^^^^^^^^^^^^^^^^^^^
    )
    ^
  File "c:\Users\mtt1e23\OneDrive - University of Southampton\Documents\python-PIVTOOLs\env\Lib\site-packages\tornado\tcpclient.py", line 279, in connect
    af, addr, stream = await connector.start(connect_timeout=timeout)
                       ^^^^^^^^^^^^^^^^^^^^^^^^^^^^^^^^^^^^^^^^^^^^^^
asyncio.exceptions.CancelledError

The above exception was the direct cause of the following exception:

Traceback (most recent call last):
  File "c:\Users\mtt1e23\OneDrive - University of Southampton\Documents\python-PIVTOOLs\env\Lib\site-packages\distributed\core.py", line 1476, in connect
    async with asyncio.timeout(math.inf) as scope:
               ~~~~~~~~~~~~~~~^^^^^^^^^^
  File "C:\Python313\Lib\asyncio\timeouts.py", line 116, in __aexit__
    raise TimeoutError from exc_val
TimeoutError

During handling of the above exception, another exception occurred:

Traceback (most recent call last):
  File "c:\Users\mtt1e23\OneDrive - University of Southampton\Documents\python-PIVTOOLs\env\Lib\site-packages\distributed\worker.py", line 2073, in gather_dep
    response = await get_data_from_worker(
               ^^^^^^^^^^^^^^^^^^^^^^^^^^^
        rpc=self.rpc, keys=to_gather, worker=worker, who=self.address
        ^^^^^^^^^^^^^^^^^^^^^^^^^^^^^^^^^^^^^^^^^^^^^^^^^^^^^^^^^^^^^
    )
    ^
  File "c:\Users\mtt1e23\OneDrive - University of Southampton\Documents\python-PIVTOOLs\env\Lib\site-packages\distributed\worker.py", line 2876, in get_data_from_worker
    comm = await rpc.connect(worker)
           ^^^^^^^^^^^^^^^^^^^^^^^^^
  File "c:\Users\mtt1e23\OneDrive - University of Southampton\Documents\python-PIVTOOLs\env\Lib\site-packages\distributed\core.py", line 1497, in connect
    raise CommClosedError(reason)
distributed.comm.core.CommClosedError: Address removed.
2025-11-03 15:30:42,555 - distributed.worker.memory - WARNING - Worker is at 91% memory usage. Pausing worker.  Process memory: 2.43 GiB -- Worker memory limit: 2.66 GiB
2025-11-03 15:30:42,692 - distributed.nanny.memory - WARNING - Worker tcp://127.0.0.1:62354 (pid=1264) exceeded 95% memory budget. Restarting...
2025-11-03 15:30:42,713 - distributed.nanny - WARNING - Restarting worker
2025-11-03 15:30:42,739 - distributed.worker.memory - WARNING - Worker is at 84% memory usage. Pausing worker.  Process memory: 2.24 GiB -- Worker memory limit: 2.66 GiB
2025-11-03 15:30:43,151 - distributed.worker.memory - WARNING - Worker is at 72% memory usage. Resuming worker. Process memory: 1.92 GiB -- Worker memory limit: 2.66 GiB
2025-11-03 15:30:43,457 - distributed.nanny - WARNING - Restarting worker
2025-11-03 15:30:43,486 - distributed.worker.memory - WARNING - Worker is at 94% memory usage. Pausing worker.  Process memory: 2.51 GiB -- Worker memory limit: 2.66 GiB
2025-11-03 15:30:43,529 - distributed.nanny.memory - WARNING - Worker tcp://127.0.0.1:62302 (pid=31188) exceeded 95% memory budget. Restarting...
2025-11-03 15:30:43,620 - distributed.worker.memory - WARNING - Worker is at 80% memory usage. Pausing worker.  Process memory: 2.14 GiB -- Worker memory limit: 2.66 GiB
2025-11-03 15:30:43,821 - distributed.nanny.memory - WARNING - Worker tcp://127.0.0.1:62389 (pid=22512) exceeded 95% memory budget. Restarting...
2025-11-03 15:30:43,918 - distributed.nanny - WARNING - Restarting worker
2025-11-03 15:30:44,193 - distributed.nanny - WARNING - Restarting worker
2025-11-03 15:30:44,350 [INFO] Logging initialized. Level: INFO, File: pypiv.log
2025-11-03 15:30:44,352 [INFO] Logging initialized. Level: INFO, File: pypiv.log
2025-11-03 15:30:44,371 [INFO] Logging initialized. Level: INFO, File: pypiv.log
2025-11-03 15:30:44,385 [INFO] Logging initialized. Level: INFO, File: pypiv.log
2025-11-03 15:30:44,386 [INFO] Logging initialized. Level: INFO, File: pypiv.log
2025-11-03 15:30:44,399 [INFO] Logging initialized. Level: INFO, File: pypiv.log
2025-11-03 15:30:45,308 [INFO] Logging initialized. Level: INFO, File: pypiv.log
2025-11-03 15:30:46,153 [INFO] Logging initialized. Level: INFO, File: pypiv.log
2025-11-03 15:30:46,561 [INFO] Logging initialized. Level: INFO, File: pypiv.log
2025-11-03 15:30:46,628 - distributed.worker.memory - WARNING - Worker is at 85% memory usage. Pausing worker.  Process memory: 2.29 GiB -- Worker memory limit: 2.66 GiB
2025-11-03 15:30:46,853 - distributed.nanny.memory - WARNING - Worker tcp://127.0.0.1:62314 (pid=27000) exceeded 95% memory budget. Restarting...
2025-11-03 15:30:46,859 [INFO] Logging initialized. Level: INFO, File: pypiv.log
2025-11-03 15:30:46,937 - distributed.nanny.memory - WARNING - Worker tcp://127.0.0.1:62314 (pid=27000) is slow to terminate; trying again
2025-11-03 15:30:46,974 - distributed.worker - ERROR - Worker stream died during communication: tcp://127.0.0.1:62314
Traceback (most recent call last):
  File "c:\Users\mtt1e23\OneDrive - University of Southampton\Documents\python-PIVTOOLs\env\Lib\site-packages\tornado\iostream.py", line 861, in _read_to_buffer
    bytes_read = self.read_from_fd(buf)
  File "c:\Users\mtt1e23\OneDrive - University of Southampton\Documents\python-PIVTOOLs\env\Lib\site-packages\tornado\iostream.py", line 1113, in read_from_fd
    return self.socket.recv_into(buf, len(buf))
           ~~~~~~~~~~~~~~~~~~~~~^^^^^^^^^^^^^^^
ConnectionResetError: [WinError 10054] An existing connection was forcibly closed by the remote host

The above exception was the direct cause of the following exception:

Traceback (most recent call last):
  File "c:\Users\mtt1e23\OneDrive - University of Southampton\Documents\python-PIVTOOLs\env\Lib\site-packages\distributed\worker.py", line 2073, in gather_dep
    response = await get_data_from_worker(
               ^^^^^^^^^^^^^^^^^^^^^^^^^^^
        rpc=self.rpc, keys=to_gather, worker=worker, who=self.address
        ^^^^^^^^^^^^^^^^^^^^^^^^^^^^^^^^^^^^^^^^^^^^^^^^^^^^^^^^^^^^^
    )
    ^
  File "c:\Users\mtt1e23\OneDrive - University of Southampton\Documents\python-PIVTOOLs\env\Lib\site-packages\distributed\worker.py", line 2879, in get_data_from_worker
    response = await send_recv(
               ^^^^^^^^^^^^^^^^
    ...<6 lines>...
    )
    ^
  File "c:\Users\mtt1e23\OneDrive - University of Southampton\Documents\python-PIVTOOLs\env\Lib\site-packages\distributed\core.py", line 1018, in send_recv
    response = await comm.read(deserializers=deserializers)
               ^^^^^^^^^^^^^^^^^^^^^^^^^^^^^^^^^^^^^^^^^^^^
  File "c:\Users\mtt1e23\OneDrive - University of Southampton\Documents\python-PIVTOOLs\env\Lib\site-packages\distributed\comm\tcp.py", line 237, in read
    convert_stream_closed_error(self, e)
    ~~~~~~~~~~~~~~~~~~~~~~~~~~~^^^^^^^^^
  File "c:\Users\mtt1e23\OneDrive - University of Southampton\Documents\python-PIVTOOLs\env\Lib\site-packages\distributed\comm\tcp.py", line 143, in convert_stream_closed_error
    raise CommClosedError(f"in {obj}: {exc.__class__.__name__}: {exc}") from exc
distributed.comm.core.CommClosedError: in <TCP (closed) Ephemeral Worker->Worker for gather local=tcp://127.0.0.1:61032 remote=tcp://127.0.0.1:62314>: ConnectionResetError: [WinError 10054] An existing connection was forcibly closed by the remote host
2025-11-03 15:30:46,973 - distributed.worker - ERROR - Worker stream died during communication: tcp://127.0.0.1:62314
Traceback (most recent call last):
  File "c:\Users\mtt1e23\OneDrive - University of Southampton\Documents\python-PIVTOOLs\env\Lib\site-packages\tornado\iostream.py", line 861, in _read_to_buffer
    bytes_read = self.read_from_fd(buf)
  File "c:\Users\mtt1e23\OneDrive - University of Southampton\Documents\python-PIVTOOLs\env\Lib\site-packages\tornado\iostream.py", line 1113, in read_from_fd
    return self.socket.recv_into(buf, len(buf))
           ~~~~~~~~~~~~~~~~~~~~~^^^^^^^^^^^^^^^
ConnectionResetError: [WinError 10054] An existing connection was forcibly closed by the remote host

The above exception was the direct cause of the following exception:

Traceback (most recent call last):
  File "c:\Users\mtt1e23\OneDrive - University of Southampton\Documents\python-PIVTOOLs\env\Lib\site-packages\distributed\worker.py", line 2073, in gather_dep
    response = await get_data_from_worker(
               ^^^^^^^^^^^^^^^^^^^^^^^^^^^
        rpc=self.rpc, keys=to_gather, worker=worker, who=self.address
        ^^^^^^^^^^^^^^^^^^^^^^^^^^^^^^^^^^^^^^^^^^^^^^^^^^^^^^^^^^^^^
    )
    ^
  File "c:\Users\mtt1e23\OneDrive - University of Southampton\Documents\python-PIVTOOLs\env\Lib\site-packages\distributed\worker.py", line 2879, in get_data_from_worker
    response = await send_recv(
               ^^^^^^^^^^^^^^^^
    ...<6 lines>...
    )
    ^
  File "c:\Users\mtt1e23\OneDrive - University of Southampton\Documents\python-PIVTOOLs\env\Lib\site-packages\distributed\core.py", line 1018, in send_recv
    response = await comm.read(deserializers=deserializers)
               ^^^^^^^^^^^^^^^^^^^^^^^^^^^^^^^^^^^^^^^^^^^^
  File "c:\Users\mtt1e23\OneDrive - University of Southampton\Documents\python-PIVTOOLs\env\Lib\site-packages\distributed\comm\tcp.py", line 237, in read
    convert_stream_closed_error(self, e)
    ~~~~~~~~~~~~~~~~~~~~~~~~~~~^^^^^^^^^
  File "c:\Users\mtt1e23\OneDrive - University of Southampton\Documents\python-PIVTOOLs\env\Lib\site-packages\distributed\comm\tcp.py", line 143, in convert_stream_closed_error
    raise CommClosedError(f"in {obj}: {exc.__class__.__name__}: {exc}") from exc
distributed.comm.core.CommClosedError: in <TCP (closed) Ephemeral Worker->Worker for gather local=tcp://127.0.0.1:61033 remote=tcp://127.0.0.1:62314>: ConnectionResetError: [WinError 10054] An existing connection was forcibly closed by the remote host
2025-11-03 15:30:46,975 - distributed.worker - ERROR - Worker stream died during communication: tcp://127.0.0.1:62314
Traceback (most recent call last):
  File "c:\Users\mtt1e23\OneDrive - University of Southampton\Documents\python-PIVTOOLs\env\Lib\site-packages\tornado\iostream.py", line 861, in _read_to_buffer
    bytes_read = self.read_from_fd(buf)
  File "c:\Users\mtt1e23\OneDrive - University of Southampton\Documents\python-PIVTOOLs\env\Lib\site-packages\tornado\iostream.py", line 1113, in read_from_fd
    return self.socket.recv_into(buf, len(buf))
           ~~~~~~~~~~~~~~~~~~~~~^^^^^^^^^^^^^^^
ConnectionResetError: [WinError 10054] An existing connection was forcibly closed by the remote host

The above exception was the direct cause of the following exception:

Traceback (most recent call last):
  File "c:\Users\mtt1e23\OneDrive - University of Southampton\Documents\python-PIVTOOLs\env\Lib\site-packages\distributed\worker.py", line 2073, in gather_dep
    response = await get_data_from_worker(
               ^^^^^^^^^^^^^^^^^^^^^^^^^^^
        rpc=self.rpc, keys=to_gather, worker=worker, who=self.address
        ^^^^^^^^^^^^^^^^^^^^^^^^^^^^^^^^^^^^^^^^^^^^^^^^^^^^^^^^^^^^^
    )
    ^
  File "c:\Users\mtt1e23\OneDrive - University of Southampton\Documents\python-PIVTOOLs\env\Lib\site-packages\distributed\worker.py", line 2879, in get_data_from_worker
    response = await send_recv(
               ^^^^^^^^^^^^^^^^
    ...<6 lines>...
    )
    ^
  File "c:\Users\mtt1e23\OneDrive - University of Southampton\Documents\python-PIVTOOLs\env\Lib\site-packages\distributed\core.py", line 1018, in send_recv
    response = await comm.read(deserializers=deserializers)
               ^^^^^^^^^^^^^^^^^^^^^^^^^^^^^^^^^^^^^^^^^^^^
  File "c:\Users\mtt1e23\OneDrive - University of Southampton\Documents\python-PIVTOOLs\env\Lib\site-packages\distributed\comm\tcp.py", line 237, in read
    convert_stream_closed_error(self, e)
    ~~~~~~~~~~~~~~~~~~~~~~~~~~~^^^^^^^^^
  File "c:\Users\mtt1e23\OneDrive - University of Southampton\Documents\python-PIVTOOLs\env\Lib\site-packages\distributed\comm\tcp.py", line 143, in convert_stream_closed_error
    raise CommClosedError(f"in {obj}: {exc.__class__.__name__}: {exc}") from exc
distributed.comm.core.CommClosedError: in <TCP (closed) Ephemeral Worker->Worker for gather local=tcp://127.0.0.1:61018 remote=tcp://127.0.0.1:62314>: ConnectionResetError: [WinError 10054] An existing connection was forcibly closed by the remote host
2025-11-03 15:30:46,974 - distributed.worker - ERROR - Worker stream died during communication: tcp://127.0.0.1:62314
Traceback (most recent call last):
  File "c:\Users\mtt1e23\OneDrive - University of Southampton\Documents\python-PIVTOOLs\env\Lib\site-packages\tornado\iostream.py", line 861, in _read_to_buffer
    bytes_read = self.read_from_fd(buf)
  File "c:\Users\mtt1e23\OneDrive - University of Southampton\Documents\python-PIVTOOLs\env\Lib\site-packages\tornado\iostream.py", line 1113, in read_from_fd
    return self.socket.recv_into(buf, len(buf))
           ~~~~~~~~~~~~~~~~~~~~~^^^^^^^^^^^^^^^
ConnectionResetError: [WinError 10054] An existing connection was forcibly closed by the remote host

The above exception was the direct cause of the following exception:

Traceback (most recent call last):
  File "c:\Users\mtt1e23\OneDrive - University of Southampton\Documents\python-PIVTOOLs\env\Lib\site-packages\distributed\worker.py", line 2073, in gather_dep
    response = await get_data_from_worker(
               ^^^^^^^^^^^^^^^^^^^^^^^^^^^
        rpc=self.rpc, keys=to_gather, worker=worker, who=self.address
        ^^^^^^^^^^^^^^^^^^^^^^^^^^^^^^^^^^^^^^^^^^^^^^^^^^^^^^^^^^^^^
    )
    ^
  File "c:\Users\mtt1e23\OneDrive - University of Southampton\Documents\python-PIVTOOLs\env\Lib\site-packages\distributed\worker.py", line 2879, in get_data_from_worker
    response = await send_recv(
               ^^^^^^^^^^^^^^^^
    ...<6 lines>...
    )
    ^
  File "c:\Users\mtt1e23\OneDrive - University of Southampton\Documents\python-PIVTOOLs\env\Lib\site-packages\distributed\core.py", line 1018, in send_recv
    response = await comm.read(deserializers=deserializers)
               ^^^^^^^^^^^^^^^^^^^^^^^^^^^^^^^^^^^^^^^^^^^^
  File "c:\Users\mtt1e23\OneDrive - University of Southampton\Documents\python-PIVTOOLs\env\Lib\site-packages\distributed\comm\tcp.py", line 237, in read
    convert_stream_closed_error(self, e)
    ~~~~~~~~~~~~~~~~~~~~~~~~~~~^^^^^^^^^
  File "c:\Users\mtt1e23\OneDrive - University of Southampton\Documents\python-PIVTOOLs\env\Lib\site-packages\distributed\comm\tcp.py", line 143, in convert_stream_closed_error
    raise CommClosedError(f"in {obj}: {exc.__class__.__name__}: {exc}") from exc
distributed.comm.core.CommClosedError: in <TCP (closed) Ephemeral Worker->Worker for gather local=tcp://127.0.0.1:61006 remote=tcp://127.0.0.1:62314>: ConnectionResetError: [WinError 10054] An existing connection was forcibly closed by the remote host
2025-11-03 15:30:46,974 - distributed.worker - ERROR - Worker stream died during communication: tcp://127.0.0.1:62314
Traceback (most recent call last):
  File "c:\Users\mtt1e23\OneDrive - University of Southampton\Documents\python-PIVTOOLs\env\Lib\site-packages\tornado\iostream.py", line 861, in _read_to_buffer
    bytes_read = self.read_from_fd(buf)
  File "c:\Users\mtt1e23\OneDrive - University of Southampton\Documents\python-PIVTOOLs\env\Lib\site-packages\tornado\iostream.py", line 1113, in read_from_fd
    return self.socket.recv_into(buf, len(buf))
           ~~~~~~~~~~~~~~~~~~~~~^^^^^^^^^^^^^^^
ConnectionResetError: [WinError 10054] An existing connection was forcibly closed by the remote host

The above exception was the direct cause of the following exception:

Traceback (most recent call last):
  File "c:\Users\mtt1e23\OneDrive - University of Southampton\Documents\python-PIVTOOLs\env\Lib\site-packages\distributed\worker.py", line 2073, in gather_dep
    response = await get_data_from_worker(
               ^^^^^^^^^^^^^^^^^^^^^^^^^^^
        rpc=self.rpc, keys=to_gather, worker=worker, who=self.address
        ^^^^^^^^^^^^^^^^^^^^^^^^^^^^^^^^^^^^^^^^^^^^^^^^^^^^^^^^^^^^^
    )
    ^
  File "c:\Users\mtt1e23\OneDrive - University of Southampton\Documents\python-PIVTOOLs\env\Lib\site-packages\distributed\worker.py", line 2879, in get_data_from_worker
    response = await send_recv(
               ^^^^^^^^^^^^^^^^
    ...<6 lines>...
    )
    ^
  File "c:\Users\mtt1e23\OneDrive - University of Southampton\Documents\python-PIVTOOLs\env\Lib\site-packages\distributed\core.py", line 1018, in send_recv
    response = await comm.read(deserializers=deserializers)
               ^^^^^^^^^^^^^^^^^^^^^^^^^^^^^^^^^^^^^^^^^^^^
  File "c:\Users\mtt1e23\OneDrive - University of Southampton\Documents\python-PIVTOOLs\env\Lib\site-packages\distributed\comm\tcp.py", line 237, in read
    convert_stream_closed_error(self, e)
    ~~~~~~~~~~~~~~~~~~~~~~~~~~~^^^^^^^^^
  File "c:\Users\mtt1e23\OneDrive - University of Southampton\Documents\python-PIVTOOLs\env\Lib\site-packages\distributed\comm\tcp.py", line 143, in convert_stream_closed_error
    raise CommClosedError(f"in {obj}: {exc.__class__.__name__}: {exc}") from exc
distributed.comm.core.CommClosedError: in <TCP (closed) Ephemeral Worker->Worker for gather local=tcp://127.0.0.1:61030 remote=tcp://127.0.0.1:62314>: ConnectionResetError: [WinError 10054] An existing connection was forcibly closed by the remote host
2025-11-03 15:30:46,975 - distributed.worker - ERROR - Worker stream died during communication: tcp://127.0.0.1:62314
Traceback (most recent call last):
  File "c:\Users\mtt1e23\OneDrive - University of Southampton\Documents\python-PIVTOOLs\env\Lib\site-packages\tornado\iostream.py", line 861, in _read_to_buffer
    bytes_read = self.read_from_fd(buf)
  File "c:\Users\mtt1e23\OneDrive - University of Southampton\Documents\python-PIVTOOLs\env\Lib\site-packages\tornado\iostream.py", line 1113, in read_from_fd
    return self.socket.recv_into(buf, len(buf))
           ~~~~~~~~~~~~~~~~~~~~~^^^^^^^^^^^^^^^
ConnectionResetError: [WinError 10054] An existing connection was forcibly closed by the remote host

The above exception was the direct cause of the following exception:

Traceback (most recent call last):
  File "c:\Users\mtt1e23\OneDrive - University of Southampton\Documents\python-PIVTOOLs\env\Lib\site-packages\distributed\worker.py", line 2073, in gather_dep
    response = await get_data_from_worker(
               ^^^^^^^^^^^^^^^^^^^^^^^^^^^
        rpc=self.rpc, keys=to_gather, worker=worker, who=self.address
        ^^^^^^^^^^^^^^^^^^^^^^^^^^^^^^^^^^^^^^^^^^^^^^^^^^^^^^^^^^^^^
    )
    ^
  File "c:\Users\mtt1e23\OneDrive - University of Southampton\Documents\python-PIVTOOLs\env\Lib\site-packages\distributed\worker.py", line 2879, in get_data_from_worker
    response = await send_recv(
               ^^^^^^^^^^^^^^^^
    ...<6 lines>...
    )
    ^
  File "c:\Users\mtt1e23\OneDrive - University of Southampton\Documents\python-PIVTOOLs\env\Lib\site-packages\distributed\core.py", line 1018, in send_recv
    response = await comm.read(deserializers=deserializers)
               ^^^^^^^^^^^^^^^^^^^^^^^^^^^^^^^^^^^^^^^^^^^^
  File "c:\Users\mtt1e23\OneDrive - University of Southampton\Documents\python-PIVTOOLs\env\Lib\site-packages\distributed\comm\tcp.py", line 237, in read
    convert_stream_closed_error(self, e)
    ~~~~~~~~~~~~~~~~~~~~~~~~~~~^^^^^^^^^
  File "c:\Users\mtt1e23\OneDrive - University of Southampton\Documents\python-PIVTOOLs\env\Lib\site-packages\distributed\comm\tcp.py", line 143, in convert_stream_closed_error
    raise CommClosedError(f"in {obj}: {exc.__class__.__name__}: {exc}") from exc
distributed.comm.core.CommClosedError: in <TCP (closed) Ephemeral Worker->Worker for gather local=tcp://127.0.0.1:61007 remote=tcp://127.0.0.1:62314>: ConnectionResetError: [WinError 10054] An existing connection was forcibly closed by the remote host
2025-11-03 15:30:46,977 - distributed.worker - ERROR - Worker stream died during communication: tcp://127.0.0.1:62314
Traceback (most recent call last):
  File "c:\Users\mtt1e23\OneDrive - University of Southampton\Documents\python-PIVTOOLs\env\Lib\site-packages\tornado\iostream.py", line 861, in _read_to_buffer
    bytes_read = self.read_from_fd(buf)
  File "c:\Users\mtt1e23\OneDrive - University of Southampton\Documents\python-PIVTOOLs\env\Lib\site-packages\tornado\iostream.py", line 1113, in read_from_fd
    return self.socket.recv_into(buf, len(buf))
           ~~~~~~~~~~~~~~~~~~~~~^^^^^^^^^^^^^^^
ConnectionResetError: [WinError 10054] An existing connection was forcibly closed by the remote host

The above exception was the direct cause of the following exception:

Traceback (most recent call last):
  File "c:\Users\mtt1e23\OneDrive - University of Southampton\Documents\python-PIVTOOLs\env\Lib\site-packages\distributed\worker.py", line 2073, in gather_dep
    response = await get_data_from_worker(
               ^^^^^^^^^^^^^^^^^^^^^^^^^^^
        rpc=self.rpc, keys=to_gather, worker=worker, who=self.address
        ^^^^^^^^^^^^^^^^^^^^^^^^^^^^^^^^^^^^^^^^^^^^^^^^^^^^^^^^^^^^^
    )
    ^
  File "c:\Users\mtt1e23\OneDrive - University of Southampton\Documents\python-PIVTOOLs\env\Lib\site-packages\distributed\worker.py", line 2879, in get_data_from_worker
    response = await send_recv(
               ^^^^^^^^^^^^^^^^
    ...<6 lines>...
    )
    ^
  File "c:\Users\mtt1e23\OneDrive - University of Southampton\Documents\python-PIVTOOLs\env\Lib\site-packages\distributed\core.py", line 1018, in send_recv
    response = await comm.read(deserializers=deserializers)
               ^^^^^^^^^^^^^^^^^^^^^^^^^^^^^^^^^^^^^^^^^^^^
  File "c:\Users\mtt1e23\OneDrive - University of Southampton\Documents\python-PIVTOOLs\env\Lib\site-packages\distributed\comm\tcp.py", line 237, in read
    convert_stream_closed_error(self, e)
    ~~~~~~~~~~~~~~~~~~~~~~~~~~~^^^^^^^^^
  File "c:\Users\mtt1e23\OneDrive - University of Southampton\Documents\python-PIVTOOLs\env\Lib\site-packages\distributed\comm\tcp.py", line 143, in convert_stream_closed_error
    raise CommClosedError(f"in {obj}: {exc.__class__.__name__}: {exc}") from exc
distributed.comm.core.CommClosedError: in <TCP (closed) Ephemeral Worker->Worker for gather local=tcp://127.0.0.1:65049 remote=tcp://127.0.0.1:62314>: ConnectionResetError: [WinError 10054] An existing connection was forcibly closed by the remote host
2025-11-03 15:30:46,981 - distributed.worker - ERROR - Worker stream died during communication: tcp://127.0.0.1:62314
Traceback (most recent call last):
  File "c:\Users\mtt1e23\OneDrive - University of Southampton\Documents\python-PIVTOOLs\env\Lib\site-packages\tornado\iostream.py", line 861, in _read_to_buffer
    bytes_read = self.read_from_fd(buf)
  File "c:\Users\mtt1e23\OneDrive - University of Southampton\Documents\python-PIVTOOLs\env\Lib\site-packages\tornado\iostream.py", line 1113, in read_from_fd
    return self.socket.recv_into(buf, len(buf))
           ~~~~~~~~~~~~~~~~~~~~~^^^^^^^^^^^^^^^
ConnectionResetError: [WinError 10054] An existing connection was forcibly closed by the remote host

The above exception was the direct cause of the following exception:

Traceback (most recent call last):
  File "c:\Users\mtt1e23\OneDrive - University of Southampton\Documents\python-PIVTOOLs\env\Lib\site-packages\distributed\worker.py", line 2073, in gather_dep
    response = await get_data_from_worker(
               ^^^^^^^^^^^^^^^^^^^^^^^^^^^
        rpc=self.rpc, keys=to_gather, worker=worker, who=self.address
        ^^^^^^^^^^^^^^^^^^^^^^^^^^^^^^^^^^^^^^^^^^^^^^^^^^^^^^^^^^^^^
    )
    ^
  File "c:\Users\mtt1e23\OneDrive - University of Southampton\Documents\python-PIVTOOLs\env\Lib\site-packages\distributed\worker.py", line 2879, in get_data_from_worker
    response = await send_recv(
               ^^^^^^^^^^^^^^^^
    ...<6 lines>...
    )
    ^
  File "c:\Users\mtt1e23\OneDrive - University of Southampton\Documents\python-PIVTOOLs\env\Lib\site-packages\distributed\core.py", line 1018, in send_recv
    response = await comm.read(deserializers=deserializers)
               ^^^^^^^^^^^^^^^^^^^^^^^^^^^^^^^^^^^^^^^^^^^^
  File "c:\Users\mtt1e23\OneDrive - University of Southampton\Documents\python-PIVTOOLs\env\Lib\site-packages\distributed\comm\tcp.py", line 237, in read
    convert_stream_closed_error(self, e)
    ~~~~~~~~~~~~~~~~~~~~~~~~~~~^^^^^^^^^
  File "c:\Users\mtt1e23\OneDrive - University of Southampton\Documents\python-PIVTOOLs\env\Lib\site-packages\distributed\comm\tcp.py", line 143, in convert_stream_closed_error
    raise CommClosedError(f"in {obj}: {exc.__class__.__name__}: {exc}") from exc
distributed.comm.core.CommClosedError: in <TCP (closed) Ephemeral Worker->Worker for gather local=tcp://127.0.0.1:54101 remote=tcp://127.0.0.1:62314>: ConnectionResetError: [WinError 10054] An existing connection was forcibly closed by the remote host
2025-11-03 15:30:46,982 - distributed.worker - ERROR - Worker stream died during communication: tcp://127.0.0.1:62314
Traceback (most recent call last):
  File "c:\Users\mtt1e23\OneDrive - University of Southampton\Documents\python-PIVTOOLs\env\Lib\site-packages\tornado\iostream.py", line 861, in _read_to_buffer
    bytes_read = self.read_from_fd(buf)
  File "c:\Users\mtt1e23\OneDrive - University of Southampton\Documents\python-PIVTOOLs\env\Lib\site-packages\tornado\iostream.py", line 1113, in read_from_fd
    return self.socket.recv_into(buf, len(buf))
           ~~~~~~~~~~~~~~~~~~~~~^^^^^^^^^^^^^^^
ConnectionResetError: [WinError 10054] An existing connection was forcibly closed by the remote host

The above exception was the direct cause of the following exception:

Traceback (most recent call last):
  File "c:\Users\mtt1e23\OneDrive - University of Southampton\Documents\python-PIVTOOLs\env\Lib\site-packages\distributed\worker.py", line 2073, in gather_dep
    response = await get_data_from_worker(
               ^^^^^^^^^^^^^^^^^^^^^^^^^^^
        rpc=self.rpc, keys=to_gather, worker=worker, who=self.address
        ^^^^^^^^^^^^^^^^^^^^^^^^^^^^^^^^^^^^^^^^^^^^^^^^^^^^^^^^^^^^^
    )
    ^
  File "c:\Users\mtt1e23\OneDrive - University of Southampton\Documents\python-PIVTOOLs\env\Lib\site-packages\distributed\worker.py", line 2879, in get_data_from_worker
    response = await send_recv(
               ^^^^^^^^^^^^^^^^
    ...<6 lines>...
    )
    ^
  File "c:\Users\mtt1e23\OneDrive - University of Southampton\Documents\python-PIVTOOLs\env\Lib\site-packages\distributed\core.py", line 1018, in send_recv
    response = await comm.read(deserializers=deserializers)
               ^^^^^^^^^^^^^^^^^^^^^^^^^^^^^^^^^^^^^^^^^^^^
  File "c:\Users\mtt1e23\OneDrive - University of Southampton\Documents\python-PIVTOOLs\env\Lib\site-packages\distributed\comm\tcp.py", line 237, in read
    convert_stream_closed_error(self, e)
    ~~~~~~~~~~~~~~~~~~~~~~~~~~~^^^^^^^^^
  File "c:\Users\mtt1e23\OneDrive - University of Southampton\Documents\python-PIVTOOLs\env\Lib\site-packages\distributed\comm\tcp.py", line 143, in convert_stream_closed_error
    raise CommClosedError(f"in {obj}: {exc.__class__.__name__}: {exc}") from exc
distributed.comm.core.CommClosedError: in <TCP (closed) Ephemeral Worker->Worker for gather local=tcp://127.0.0.1:51219 remote=tcp://127.0.0.1:62314>: ConnectionResetError: [WinError 10054] An existing connection was forcibly closed by the remote host
2025-11-03 15:30:47,013 - distributed.scheduler - WARNING - Removing worker 'tcp://127.0.0.1:62314' caused the cluster to lose already computed task(s), which will be recomputed elsewhere: {'getitem-rechunk-merge-finalize-hlgfinalizecompute-bf2174d2e24d4bb9bab3753aa9037a5a'} (stimulus_id='handle-worker-cleanup-1762183847.0135908')
2025-11-03 15:30:47,495 - distributed.worker.memory - WARNING - Worker is at 81% memory usage. Pausing worker.  Process memory: 2.18 GiB -- Worker memory limit: 2.66 GiB
2025-11-03 15:30:47,630 - distributed.worker.memory - WARNING - Worker is at 80% memory usage. Pausing worker.  Process memory: 2.15 GiB -- Worker memory limit: 2.66 GiB
2025-11-03 15:30:47,705 - distributed.worker.memory - WARNING - Worker is at 81% memory usage. Pausing worker.  Process memory: 2.16 GiB -- Worker memory limit: 2.66 GiB
2025-11-03 15:30:47,725 - distributed.worker.memory - WARNING - Worker is at 80% memory usage. Pausing worker.  Process memory: 2.13 GiB -- Worker memory limit: 2.66 GiB
2025-11-03 15:30:47,745 - distributed.worker.memory - WARNING - Worker is at 80% memory usage. Pausing worker.  Process memory: 2.14 GiB -- Worker memory limit: 2.66 GiB
2025-11-03 15:30:47,925 - distributed.worker.memory - WARNING - Worker is at 81% memory usage. Pausing worker.  Process memory: 2.16 GiB -- Worker memory limit: 2.66 GiB
2025-11-03 15:30:47,963 - distributed.worker.memory - WARNING - Worker is at 81% memory usage. Pausing worker.  Process memory: 2.18 GiB -- Worker memory limit: 2.66 GiB
2025-11-03 15:30:48,141 - distributed.nanny - WARNING - Restarting worker
2025-11-03 15:30:48,695 - distributed.nanny.memory - WARNING - Worker tcp://127.0.0.1:63584 (pid=30228) exceeded 95% memory budget. Restarting...
2025-11-03 15:30:48,774 - distributed.nanny.memory - WARNING - Worker tcp://127.0.0.1:63592 (pid=25640) exceeded 95% memory budget. Restarting...
2025-11-03 15:30:48,793 - distributed.nanny.memory - WARNING - Worker tcp://127.0.0.1:63584 (pid=30228) is slow to terminate; trying again
2025-11-03 15:30:48,943 - distributed.worker - ERROR - Worker stream died during communication: tcp://127.0.0.1:63584
Traceback (most recent call last):
  File "c:\Users\mtt1e23\OneDrive - University of Southampton\Documents\python-PIVTOOLs\env\Lib\site-packages\distributed\core.py", line 1485, in connect
    return await self._connect(addr=addr, timeout=timeout)
           ^^^^^^^^^^^^^^^^^^^^^^^^^^^^^^^^^^^^^^^^^^^^^^^
  File "c:\Users\mtt1e23\OneDrive - University of Southampton\Documents\python-PIVTOOLs\env\Lib\site-packages\distributed\core.py", line 1429, in _connect
    comm = await connect(
           ^^^^^^^^^^^^^^
    ...<4 lines>...
    )
    ^
  File "c:\Users\mtt1e23\OneDrive - University of Southampton\Documents\python-PIVTOOLs\env\Lib\site-packages\distributed\comm\core.py", line 342, in connect
    comm = await wait_for(
           ^^^^^^^^^^^^^^^
    ...<2 lines>...
    )
    ^
  File "c:\Users\mtt1e23\OneDrive - University of Southampton\Documents\python-PIVTOOLs\env\Lib\site-packages\distributed\utils.py", line 1923, in wait_for
    return await fut
           ^^^^^^^^^
  File "c:\Users\mtt1e23\OneDrive - University of Southampton\Documents\python-PIVTOOLs\env\Lib\site-packages\distributed\comm\tcp.py", line 547, in connect
    stream = await self.client.connect(
             ^^^^^^^^^^^^^^^^^^^^^^^^^^
        ip, port, max_buffer_size=MAX_BUFFER_SIZE, **kwargs
        ^^^^^^^^^^^^^^^^^^^^^^^^^^^^^^^^^^^^^^^^^^^^^^^^^^^
    )
    ^
  File "c:\Users\mtt1e23\OneDrive - University of Southampton\Documents\python-PIVTOOLs\env\Lib\site-packages\tornado\tcpclient.py", line 279, in connect
    af, addr, stream = await connector.start(connect_timeout=timeout)
                       ^^^^^^^^^^^^^^^^^^^^^^^^^^^^^^^^^^^^^^^^^^^^^^
asyncio.exceptions.CancelledError

The above exception was the direct cause of the following exception:

Traceback (most recent call last):
  File "c:\Users\mtt1e23\OneDrive - University of Southampton\Documents\python-PIVTOOLs\env\Lib\site-packages\distributed\core.py", line 1476, in connect
    async with asyncio.timeout(math.inf) as scope:
               ~~~~~~~~~~~~~~~^^^^^^^^^^
  File "C:\Python313\Lib\asyncio\timeouts.py", line 116, in __aexit__
    raise TimeoutError from exc_val
TimeoutError

During handling of the above exception, another exception occurred:

Traceback (most recent call last):
  File "c:\Users\mtt1e23\OneDrive - University of Southampton\Documents\python-PIVTOOLs\env\Lib\site-packages\distributed\worker.py", line 2073, in gather_dep
    response = await get_data_from_worker(
               ^^^^^^^^^^^^^^^^^^^^^^^^^^^
        rpc=self.rpc, keys=to_gather, worker=worker, who=self.address
        ^^^^^^^^^^^^^^^^^^^^^^^^^^^^^^^^^^^^^^^^^^^^^^^^^^^^^^^^^^^^^
    )
    ^
  File "c:\Users\mtt1e23\OneDrive - University of Southampton\Documents\python-PIVTOOLs\env\Lib\site-packages\distributed\worker.py", line 2876, in get_data_from_worker
    comm = await rpc.connect(worker)
           ^^^^^^^^^^^^^^^^^^^^^^^^^
  File "c:\Users\mtt1e23\OneDrive - University of Southampton\Documents\python-PIVTOOLs\env\Lib\site-packages\distributed\core.py", line 1497, in connect
    raise CommClosedError(reason)
distributed.comm.core.CommClosedError: Address removed.
2025-11-03 15:30:48,944 - distributed.worker - ERROR - Worker stream died during communication: tcp://127.0.0.1:63584
Traceback (most recent call last):
  File "c:\Users\mtt1e23\OneDrive - University of Southampton\Documents\python-PIVTOOLs\env\Lib\site-packages\distributed\core.py", line 1485, in connect
    return await self._connect(addr=addr, timeout=timeout)
           ^^^^^^^^^^^^^^^^^^^^^^^^^^^^^^^^^^^^^^^^^^^^^^^
  File "c:\Users\mtt1e23\OneDrive - University of Southampton\Documents\python-PIVTOOLs\env\Lib\site-packages\distributed\core.py", line 1429, in _connect
    comm = await connect(
           ^^^^^^^^^^^^^^
    ...<4 lines>...
    )
    ^
  File "c:\Users\mtt1e23\OneDrive - University of Southampton\Documents\python-PIVTOOLs\env\Lib\site-packages\distributed\comm\core.py", line 342, in connect
    comm = await wait_for(
           ^^^^^^^^^^^^^^^
    ...<2 lines>...
    )
    ^
  File "c:\Users\mtt1e23\OneDrive - University of Southampton\Documents\python-PIVTOOLs\env\Lib\site-packages\distributed\utils.py", line 1923, in wait_for
    return await fut
           ^^^^^^^^^
  File "c:\Users\mtt1e23\OneDrive - University of Southampton\Documents\python-PIVTOOLs\env\Lib\site-packages\distributed\comm\tcp.py", line 547, in connect
    stream = await self.client.connect(
             ^^^^^^^^^^^^^^^^^^^^^^^^^^
        ip, port, max_buffer_size=MAX_BUFFER_SIZE, **kwargs
        ^^^^^^^^^^^^^^^^^^^^^^^^^^^^^^^^^^^^^^^^^^^^^^^^^^^
    )
    ^
  File "c:\Users\mtt1e23\OneDrive - University of Southampton\Documents\python-PIVTOOLs\env\Lib\site-packages\tornado\tcpclient.py", line 279, in connect
    af, addr, stream = await connector.start(connect_timeout=timeout)
                       ^^^^^^^^^^^^^^^^^^^^^^^^^^^^^^^^^^^^^^^^^^^^^^
asyncio.exceptions.CancelledError

The above exception was the direct cause of the following exception:

Traceback (most recent call last):
  File "c:\Users\mtt1e23\OneDrive - University of Southampton\Documents\python-PIVTOOLs\env\Lib\site-packages\distributed\core.py", line 1476, in connect
    async with asyncio.timeout(math.inf) as scope:
               ~~~~~~~~~~~~~~~^^^^^^^^^^
  File "C:\Python313\Lib\asyncio\timeouts.py", line 116, in __aexit__
    raise TimeoutError from exc_val
TimeoutError

During handling of the above exception, another exception occurred:

Traceback (most recent call last):
  File "c:\Users\mtt1e23\OneDrive - University of Southampton\Documents\python-PIVTOOLs\env\Lib\site-packages\distributed\worker.py", line 2073, in gather_dep
    response = await get_data_from_worker(
               ^^^^^^^^^^^^^^^^^^^^^^^^^^^
        rpc=self.rpc, keys=to_gather, worker=worker, who=self.address
        ^^^^^^^^^^^^^^^^^^^^^^^^^^^^^^^^^^^^^^^^^^^^^^^^^^^^^^^^^^^^^
    )
    ^
  File "c:\Users\mtt1e23\OneDrive - University of Southampton\Documents\python-PIVTOOLs\env\Lib\site-packages\distributed\worker.py", line 2876, in get_data_from_worker
    comm = await rpc.connect(worker)
           ^^^^^^^^^^^^^^^^^^^^^^^^^
  File "c:\Users\mtt1e23\OneDrive - University of Southampton\Documents\python-PIVTOOLs\env\Lib\site-packages\distributed\core.py", line 1497, in connect
    raise CommClosedError(reason)
distributed.comm.core.CommClosedError: Address removed.
2025-11-03 15:30:48,972 - distributed.scheduler - WARNING - Removing worker 'tcp://127.0.0.1:63592' caused the cluster to lose already computed task(s), which will be recomputed elsewhere: {('from-value-read_pair-stack-2eb85d96b2c57f19f5c45fe8bf3c4979', 52, 0, 0, 0)} (stimulus_id='handle-worker-cleanup-1762183848.9719176')
2025-11-03 15:30:48,977 - distributed.nanny.memory - WARNING - Worker tcp://127.0.0.1:63587 (pid=3648) exceeded 95% memory budget. Restarting...
2025-11-03 15:30:48,982 - distributed.worker - ERROR - Worker stream died during communication: tcp://127.0.0.1:63592
Traceback (most recent call last):
  File "c:\Users\mtt1e23\OneDrive - University of Southampton\Documents\python-PIVTOOLs\env\Lib\site-packages\tornado\iostream.py", line 861, in _read_to_buffer
    bytes_read = self.read_from_fd(buf)
  File "c:\Users\mtt1e23\OneDrive - University of Southampton\Documents\python-PIVTOOLs\env\Lib\site-packages\tornado\iostream.py", line 1113, in read_from_fd
    return self.socket.recv_into(buf, len(buf))
           ~~~~~~~~~~~~~~~~~~~~~^^^^^^^^^^^^^^^
ConnectionResetError: [WinError 10054] An existing connection was forcibly closed by the remote host

The above exception was the direct cause of the following exception:

Traceback (most recent call last):
  File "c:\Users\mtt1e23\OneDrive - University of Southampton\Documents\python-PIVTOOLs\env\Lib\site-packages\distributed\worker.py", line 2073, in gather_dep
    response = await get_data_from_worker(
               ^^^^^^^^^^^^^^^^^^^^^^^^^^^
        rpc=self.rpc, keys=to_gather, worker=worker, who=self.address
        ^^^^^^^^^^^^^^^^^^^^^^^^^^^^^^^^^^^^^^^^^^^^^^^^^^^^^^^^^^^^^
    )
    ^
  File "c:\Users\mtt1e23\OneDrive - University of Southampton\Documents\python-PIVTOOLs\env\Lib\site-packages\distributed\worker.py", line 2876, in get_data_from_worker
    comm = await rpc.connect(worker)
           ^^^^^^^^^^^^^^^^^^^^^^^^^
  File "c:\Users\mtt1e23\OneDrive - University of Southampton\Documents\python-PIVTOOLs\env\Lib\site-packages\distributed\core.py", line 1485, in connect
    return await self._connect(addr=addr, timeout=timeout)
           ^^^^^^^^^^^^^^^^^^^^^^^^^^^^^^^^^^^^^^^^^^^^^^^
  File "c:\Users\mtt1e23\OneDrive - University of Southampton\Documents\python-PIVTOOLs\env\Lib\site-packages\distributed\core.py", line 1429, in _connect
    comm = await connect(
           ^^^^^^^^^^^^^^
    ...<4 lines>...
    )
    ^
  File "c:\Users\mtt1e23\OneDrive - University of Southampton\Documents\python-PIVTOOLs\env\Lib\site-packages\distributed\comm\core.py", line 377, in connect
    handshake = await comm.read()
                ^^^^^^^^^^^^^^^^^
  File "c:\Users\mtt1e23\OneDrive - University of Southampton\Documents\python-PIVTOOLs\env\Lib\site-packages\distributed\comm\tcp.py", line 237, in read
    convert_stream_closed_error(self, e)
    ~~~~~~~~~~~~~~~~~~~~~~~~~~~^^^^^^^^^
  File "c:\Users\mtt1e23\OneDrive - University of Southampton\Documents\python-PIVTOOLs\env\Lib\site-packages\distributed\comm\tcp.py", line 143, in convert_stream_closed_error
    raise CommClosedError(f"in {obj}: {exc.__class__.__name__}: {exc}") from exc
distributed.comm.core.CommClosedError: in <TCP (closed)  local=tcp://127.0.0.1:62496 remote=tcp://127.0.0.1:63592>: ConnectionResetError: [WinError 10054] An existing connection was forcibly closed by the remote host
2025-11-03 15:30:49,037 - distributed.worker - ERROR - Worker stream died during communication: tcp://127.0.0.1:63587
Traceback (most recent call last):
  File "c:\Users\mtt1e23\OneDrive - University of Southampton\Documents\python-PIVTOOLs\env\Lib\site-packages\tornado\iostream.py", line 861, in _read_to_buffer
    bytes_read = self.read_from_fd(buf)
  File "c:\Users\mtt1e23\OneDrive - University of Southampton\Documents\python-PIVTOOLs\env\Lib\site-packages\tornado\iostream.py", line 1113, in read_from_fd
    return self.socket.recv_into(buf, len(buf))
           ~~~~~~~~~~~~~~~~~~~~~^^^^^^^^^^^^^^^
ConnectionResetError: [WinError 10054] An existing connection was forcibly closed by the remote host

The above exception was the direct cause of the following exception:

Traceback (most recent call last):
  File "c:\Users\mtt1e23\OneDrive - University of Southampton\Documents\python-PIVTOOLs\env\Lib\site-packages\distributed\worker.py", line 2073, in gather_dep
    response = await get_data_from_worker(
               ^^^^^^^^^^^^^^^^^^^^^^^^^^^
        rpc=self.rpc, keys=to_gather, worker=worker, who=self.address
        ^^^^^^^^^^^^^^^^^^^^^^^^^^^^^^^^^^^^^^^^^^^^^^^^^^^^^^^^^^^^^
    )
    ^
  File "c:\Users\mtt1e23\OneDrive - University of Southampton\Documents\python-PIVTOOLs\env\Lib\site-packages\distributed\worker.py", line 2876, in get_data_from_worker
    comm = await rpc.connect(worker)
           ^^^^^^^^^^^^^^^^^^^^^^^^^
  File "c:\Users\mtt1e23\OneDrive - University of Southampton\Documents\python-PIVTOOLs\env\Lib\site-packages\distributed\core.py", line 1485, in connect
    return await self._connect(addr=addr, timeout=timeout)
           ^^^^^^^^^^^^^^^^^^^^^^^^^^^^^^^^^^^^^^^^^^^^^^^
  File "c:\Users\mtt1e23\OneDrive - University of Southampton\Documents\python-PIVTOOLs\env\Lib\site-packages\distributed\core.py", line 1429, in _connect
    comm = await connect(
           ^^^^^^^^^^^^^^
    ...<4 lines>...
    )
    ^
  File "c:\Users\mtt1e23\OneDrive - University of Southampton\Documents\python-PIVTOOLs\env\Lib\site-packages\distributed\comm\core.py", line 377, in connect
    handshake = await comm.read()
                ^^^^^^^^^^^^^^^^^
  File "c:\Users\mtt1e23\OneDrive - University of Southampton\Documents\python-PIVTOOLs\env\Lib\site-packages\distributed\comm\tcp.py", line 237, in read
    convert_stream_closed_error(self, e)
    ~~~~~~~~~~~~~~~~~~~~~~~~~~~^^^^^^^^^
  File "c:\Users\mtt1e23\OneDrive - University of Southampton\Documents\python-PIVTOOLs\env\Lib\site-packages\distributed\comm\tcp.py", line 143, in convert_stream_closed_error
    raise CommClosedError(f"in {obj}: {exc.__class__.__name__}: {exc}") from exc
distributed.comm.core.CommClosedError: in <TCP (closed)  local=tcp://127.0.0.1:50691 remote=tcp://127.0.0.1:63587>: ConnectionResetError: [WinError 10054] An existing connection was forcibly closed by the remote host
2025-11-03 15:30:49,040 - distributed.worker - ERROR - Worker stream died during communication: tcp://127.0.0.1:63587
Traceback (most recent call last):
  File "c:\Users\mtt1e23\OneDrive - University of Southampton\Documents\python-PIVTOOLs\env\Lib\site-packages\tornado\iostream.py", line 861, in _read_to_buffer
    bytes_read = self.read_from_fd(buf)
  File "c:\Users\mtt1e23\OneDrive - University of Southampton\Documents\python-PIVTOOLs\env\Lib\site-packages\tornado\iostream.py", line 1113, in read_from_fd
    return self.socket.recv_into(buf, len(buf))
           ~~~~~~~~~~~~~~~~~~~~~^^^^^^^^^^^^^^^
ConnectionResetError: [WinError 10054] An existing connection was forcibly closed by the remote host

The above exception was the direct cause of the following exception:

Traceback (most recent call last):
  File "c:\Users\mtt1e23\OneDrive - University of Southampton\Documents\python-PIVTOOLs\env\Lib\site-packages\distributed\worker.py", line 2073, in gather_dep
    response = await get_data_from_worker(
               ^^^^^^^^^^^^^^^^^^^^^^^^^^^
        rpc=self.rpc, keys=to_gather, worker=worker, who=self.address
        ^^^^^^^^^^^^^^^^^^^^^^^^^^^^^^^^^^^^^^^^^^^^^^^^^^^^^^^^^^^^^
    )
    ^
  File "c:\Users\mtt1e23\OneDrive - University of Southampton\Documents\python-PIVTOOLs\env\Lib\site-packages\distributed\worker.py", line 2879, in get_data_from_worker
    response = await send_recv(
               ^^^^^^^^^^^^^^^^
    ...<6 lines>...
    )
    ^
  File "c:\Users\mtt1e23\OneDrive - University of Southampton\Documents\python-PIVTOOLs\env\Lib\site-packages\distributed\core.py", line 1018, in send_recv
    response = await comm.read(deserializers=deserializers)
               ^^^^^^^^^^^^^^^^^^^^^^^^^^^^^^^^^^^^^^^^^^^^
  File "c:\Users\mtt1e23\OneDrive - University of Southampton\Documents\python-PIVTOOLs\env\Lib\site-packages\distributed\comm\tcp.py", line 237, in read
    convert_stream_closed_error(self, e)
    ~~~~~~~~~~~~~~~~~~~~~~~~~~~^^^^^^^^^
  File "c:\Users\mtt1e23\OneDrive - University of Southampton\Documents\python-PIVTOOLs\env\Lib\site-packages\distributed\comm\tcp.py", line 143, in convert_stream_closed_error
    raise CommClosedError(f"in {obj}: {exc.__class__.__name__}: {exc}") from exc
distributed.comm.core.CommClosedError: in <TCP (closed) Ephemeral Worker->Worker for gather local=tcp://127.0.0.1:62497 remote=tcp://127.0.0.1:63587>: ConnectionResetError: [WinError 10054] An existing connection was forcibly closed by the remote host
2025-11-03 15:30:49,060 - distributed.nanny.memory - WARNING - Worker tcp://127.0.0.1:62332 (pid=22460) exceeded 95% memory budget. Restarting...
2025-11-03 15:30:49,059 - distributed.worker - ERROR - Worker stream died during communication: tcp://127.0.0.1:63587
Traceback (most recent call last):
  File "c:\Users\mtt1e23\OneDrive - University of Southampton\Documents\python-PIVTOOLs\env\Lib\site-packages\tornado\iostream.py", line 861, in _read_to_buffer
    bytes_read = self.read_from_fd(buf)
  File "c:\Users\mtt1e23\OneDrive - University of Southampton\Documents\python-PIVTOOLs\env\Lib\site-packages\tornado\iostream.py", line 1113, in read_from_fd
    return self.socket.recv_into(buf, len(buf))
           ~~~~~~~~~~~~~~~~~~~~~^^^^^^^^^^^^^^^
ConnectionResetError: [WinError 10054] An existing connection was forcibly closed by the remote host

The above exception was the direct cause of the following exception:

Traceback (most recent call last):
  File "c:\Users\mtt1e23\OneDrive - University of Southampton\Documents\python-PIVTOOLs\env\Lib\site-packages\distributed\worker.py", line 2073, in gather_dep
    response = await get_data_from_worker(
               ^^^^^^^^^^^^^^^^^^^^^^^^^^^
        rpc=self.rpc, keys=to_gather, worker=worker, who=self.address
        ^^^^^^^^^^^^^^^^^^^^^^^^^^^^^^^^^^^^^^^^^^^^^^^^^^^^^^^^^^^^^
    )
    ^
  File "c:\Users\mtt1e23\OneDrive - University of Southampton\Documents\python-PIVTOOLs\env\Lib\site-packages\distributed\worker.py", line 2876, in get_data_from_worker
    comm = await rpc.connect(worker)
           ^^^^^^^^^^^^^^^^^^^^^^^^^
  File "c:\Users\mtt1e23\OneDrive - University of Southampton\Documents\python-PIVTOOLs\env\Lib\site-packages\distributed\core.py", line 1485, in connect
    return await self._connect(addr=addr, timeout=timeout)
           ^^^^^^^^^^^^^^^^^^^^^^^^^^^^^^^^^^^^^^^^^^^^^^^
  File "c:\Users\mtt1e23\OneDrive - University of Southampton\Documents\python-PIVTOOLs\env\Lib\site-packages\distributed\core.py", line 1429, in _connect
    comm = await connect(
           ^^^^^^^^^^^^^^
    ...<4 lines>...
    )
    ^
  File "c:\Users\mtt1e23\OneDrive - University of Southampton\Documents\python-PIVTOOLs\env\Lib\site-packages\distributed\comm\core.py", line 377, in connect
    handshake = await comm.read()
                ^^^^^^^^^^^^^^^^^
  File "c:\Users\mtt1e23\OneDrive - University of Southampton\Documents\python-PIVTOOLs\env\Lib\site-packages\distributed\comm\tcp.py", line 237, in read
    convert_stream_closed_error(self, e)
    ~~~~~~~~~~~~~~~~~~~~~~~~~~~^^^^^^^^^
  File "c:\Users\mtt1e23\OneDrive - University of Southampton\Documents\python-PIVTOOLs\env\Lib\site-packages\distributed\comm\tcp.py", line 143, in convert_stream_closed_error
    raise CommClosedError(f"in {obj}: {exc.__class__.__name__}: {exc}") from exc
distributed.comm.core.CommClosedError: in <TCP (closed)  local=tcp://127.0.0.1:50695 remote=tcp://127.0.0.1:63587>: ConnectionResetError: [WinError 10054] An existing connection was forcibly closed by the remote host
2025-11-03 15:30:49,060 - distributed.nanny.memory - WARNING - Worker tcp://127.0.0.1:63583 (pid=31660) exceeded 95% memory budget. Restarting...
2025-11-03 15:30:49,061 - distributed.nanny.memory - WARNING - Worker tcp://127.0.0.1:63571 (pid=8896) exceeded 95% memory budget. Restarting...
2025-11-03 15:30:49,061 - distributed.nanny.memory - WARNING - Worker tcp://127.0.0.1:63572 (pid=7436) exceeded 95% memory budget. Restarting...
2025-11-03 15:30:49,097 - distributed.worker - ERROR - Worker stream died during communication: tcp://127.0.0.1:62332
Traceback (most recent call last):
  File "c:\Users\mtt1e23\OneDrive - University of Southampton\Documents\python-PIVTOOLs\env\Lib\site-packages\tornado\iostream.py", line 861, in _read_to_buffer
    bytes_read = self.read_from_fd(buf)
  File "c:\Users\mtt1e23\OneDrive - University of Southampton\Documents\python-PIVTOOLs\env\Lib\site-packages\tornado\iostream.py", line 1113, in read_from_fd
    return self.socket.recv_into(buf, len(buf))
           ~~~~~~~~~~~~~~~~~~~~~^^^^^^^^^^^^^^^
ConnectionResetError: [WinError 10054] An existing connection was forcibly closed by the remote host

The above exception was the direct cause of the following exception:

Traceback (most recent call last):
  File "c:\Users\mtt1e23\OneDrive - University of Southampton\Documents\python-PIVTOOLs\env\Lib\site-packages\distributed\worker.py", line 2073, in gather_dep
    response = await get_data_from_worker(
               ^^^^^^^^^^^^^^^^^^^^^^^^^^^
        rpc=self.rpc, keys=to_gather, worker=worker, who=self.address
        ^^^^^^^^^^^^^^^^^^^^^^^^^^^^^^^^^^^^^^^^^^^^^^^^^^^^^^^^^^^^^
    )
    ^
  File "c:\Users\mtt1e23\OneDrive - University of Southampton\Documents\python-PIVTOOLs\env\Lib\site-packages\distributed\worker.py", line 2876, in get_data_from_worker
    comm = await rpc.connect(worker)
           ^^^^^^^^^^^^^^^^^^^^^^^^^
  File "c:\Users\mtt1e23\OneDrive - University of Southampton\Documents\python-PIVTOOLs\env\Lib\site-packages\distributed\core.py", line 1485, in connect
    return await self._connect(addr=addr, timeout=timeout)
           ^^^^^^^^^^^^^^^^^^^^^^^^^^^^^^^^^^^^^^^^^^^^^^^
  File "c:\Users\mtt1e23\OneDrive - University of Southampton\Documents\python-PIVTOOLs\env\Lib\site-packages\distributed\core.py", line 1429, in _connect
    comm = await connect(
           ^^^^^^^^^^^^^^
    ...<4 lines>...
    )
    ^
  File "c:\Users\mtt1e23\OneDrive - University of Southampton\Documents\python-PIVTOOLs\env\Lib\site-packages\distributed\comm\core.py", line 377, in connect
    handshake = await comm.read()
                ^^^^^^^^^^^^^^^^^
  File "c:\Users\mtt1e23\OneDrive - University of Southampton\Documents\python-PIVTOOLs\env\Lib\site-packages\distributed\comm\tcp.py", line 237, in read
    convert_stream_closed_error(self, e)
    ~~~~~~~~~~~~~~~~~~~~~~~~~~~^^^^^^^^^
  File "c:\Users\mtt1e23\OneDrive - University of Southampton\Documents\python-PIVTOOLs\env\Lib\site-packages\distributed\comm\tcp.py", line 143, in convert_stream_closed_error
    raise CommClosedError(f"in {obj}: {exc.__class__.__name__}: {exc}") from exc
distributed.comm.core.CommClosedError: in <TCP (closed)  local=tcp://127.0.0.1:50688 remote=tcp://127.0.0.1:62332>: ConnectionResetError: [WinError 10054] An existing connection was forcibly closed by the remote host
2025-11-03 15:30:49,101 - distributed.worker - ERROR - Worker stream died during communication: tcp://127.0.0.1:62332
Traceback (most recent call last):
  File "c:\Users\mtt1e23\OneDrive - University of Southampton\Documents\python-PIVTOOLs\env\Lib\site-packages\tornado\iostream.py", line 861, in _read_to_buffer
    bytes_read = self.read_from_fd(buf)
  File "c:\Users\mtt1e23\OneDrive - University of Southampton\Documents\python-PIVTOOLs\env\Lib\site-packages\tornado\iostream.py", line 1113, in read_from_fd
    return self.socket.recv_into(buf, len(buf))
           ~~~~~~~~~~~~~~~~~~~~~^^^^^^^^^^^^^^^
ConnectionResetError: [WinError 10054] An existing connection was forcibly closed by the remote host

The above exception was the direct cause of the following exception:

Traceback (most recent call last):
  File "c:\Users\mtt1e23\OneDrive - University of Southampton\Documents\python-PIVTOOLs\env\Lib\site-packages\distributed\worker.py", line 2073, in gather_dep
    response = await get_data_from_worker(
               ^^^^^^^^^^^^^^^^^^^^^^^^^^^
        rpc=self.rpc, keys=to_gather, worker=worker, who=self.address
        ^^^^^^^^^^^^^^^^^^^^^^^^^^^^^^^^^^^^^^^^^^^^^^^^^^^^^^^^^^^^^
    )
    ^
  File "c:\Users\mtt1e23\OneDrive - University of Southampton\Documents\python-PIVTOOLs\env\Lib\site-packages\distributed\worker.py", line 2876, in get_data_from_worker
    comm = await rpc.connect(worker)
           ^^^^^^^^^^^^^^^^^^^^^^^^^
  File "c:\Users\mtt1e23\OneDrive - University of Southampton\Documents\python-PIVTOOLs\env\Lib\site-packages\distributed\core.py", line 1485, in connect
    return await self._connect(addr=addr, timeout=timeout)
           ^^^^^^^^^^^^^^^^^^^^^^^^^^^^^^^^^^^^^^^^^^^^^^^
  File "c:\Users\mtt1e23\OneDrive - University of Southampton\Documents\python-PIVTOOLs\env\Lib\site-packages\distributed\core.py", line 1429, in _connect
    comm = await connect(
           ^^^^^^^^^^^^^^
    ...<4 lines>...
    )
    ^
  File "c:\Users\mtt1e23\OneDrive - University of Southampton\Documents\python-PIVTOOLs\env\Lib\site-packages\distributed\comm\core.py", line 377, in connect
    handshake = await comm.read()
                ^^^^^^^^^^^^^^^^^
  File "c:\Users\mtt1e23\OneDrive - University of Southampton\Documents\python-PIVTOOLs\env\Lib\site-packages\distributed\comm\tcp.py", line 237, in read
    convert_stream_closed_error(self, e)
    ~~~~~~~~~~~~~~~~~~~~~~~~~~~^^^^^^^^^
  File "c:\Users\mtt1e23\OneDrive - University of Southampton\Documents\python-PIVTOOLs\env\Lib\site-packages\distributed\comm\tcp.py", line 143, in convert_stream_closed_error
    raise CommClosedError(f"in {obj}: {exc.__class__.__name__}: {exc}") from exc
distributed.comm.core.CommClosedError: in <TCP (closed)  local=tcp://127.0.0.1:62932 remote=tcp://127.0.0.1:62332>: ConnectionResetError: [WinError 10054] An existing connection was forcibly closed by the remote host
2025-11-03 15:30:49,107 - distributed.worker - ERROR - Worker stream died during communication: tcp://127.0.0.1:62332
Traceback (most recent call last):
  File "c:\Users\mtt1e23\OneDrive - University of Southampton\Documents\python-PIVTOOLs\env\Lib\site-packages\tornado\iostream.py", line 861, in _read_to_buffer
    bytes_read = self.read_from_fd(buf)
  File "c:\Users\mtt1e23\OneDrive - University of Southampton\Documents\python-PIVTOOLs\env\Lib\site-packages\tornado\iostream.py", line 1113, in read_from_fd
    return self.socket.recv_into(buf, len(buf))
           ~~~~~~~~~~~~~~~~~~~~~^^^^^^^^^^^^^^^
ConnectionResetError: [WinError 10054] An existing connection was forcibly closed by the remote host

The above exception was the direct cause of the following exception:

Traceback (most recent call last):
  File "c:\Users\mtt1e23\OneDrive - University of Southampton\Documents\python-PIVTOOLs\env\Lib\site-packages\distributed\worker.py", line 2073, in gather_dep
    response = await get_data_from_worker(
               ^^^^^^^^^^^^^^^^^^^^^^^^^^^
        rpc=self.rpc, keys=to_gather, worker=worker, who=self.address
        ^^^^^^^^^^^^^^^^^^^^^^^^^^^^^^^^^^^^^^^^^^^^^^^^^^^^^^^^^^^^^
    )
    ^
  File "c:\Users\mtt1e23\OneDrive - University of Southampton\Documents\python-PIVTOOLs\env\Lib\site-packages\distributed\worker.py", line 2879, in get_data_from_worker
    response = await send_recv(
               ^^^^^^^^^^^^^^^^
    ...<6 lines>...
    )
    ^
  File "c:\Users\mtt1e23\OneDrive - University of Southampton\Documents\python-PIVTOOLs\env\Lib\site-packages\distributed\core.py", line 1018, in send_recv
    response = await comm.read(deserializers=deserializers)
               ^^^^^^^^^^^^^^^^^^^^^^^^^^^^^^^^^^^^^^^^^^^^
  File "c:\Users\mtt1e23\OneDrive - University of Southampton\Documents\python-PIVTOOLs\env\Lib\site-packages\distributed\comm\tcp.py", line 237, in read
    convert_stream_closed_error(self, e)
    ~~~~~~~~~~~~~~~~~~~~~~~~~~~^^^^^^^^^
  File "c:\Users\mtt1e23\OneDrive - University of Southampton\Documents\python-PIVTOOLs\env\Lib\site-packages\distributed\comm\tcp.py", line 143, in convert_stream_closed_error
    raise CommClosedError(f"in {obj}: {exc.__class__.__name__}: {exc}") from exc
distributed.comm.core.CommClosedError: in <TCP (closed) Ephemeral Worker->Worker for gather local=tcp://127.0.0.1:51222 remote=tcp://127.0.0.1:62332>: ConnectionResetError: [WinError 10054] An existing connection was forcibly closed by the remote host
2025-11-03 15:30:49,138 - distributed.worker - ERROR - Worker stream died during communication: tcp://127.0.0.1:63583
Traceback (most recent call last):
  File "c:\Users\mtt1e23\OneDrive - University of Southampton\Documents\python-PIVTOOLs\env\Lib\site-packages\tornado\iostream.py", line 861, in _read_to_buffer
    bytes_read = self.read_from_fd(buf)
  File "c:\Users\mtt1e23\OneDrive - University of Southampton\Documents\python-PIVTOOLs\env\Lib\site-packages\tornado\iostream.py", line 1113, in read_from_fd
    return self.socket.recv_into(buf, len(buf))
           ~~~~~~~~~~~~~~~~~~~~~^^^^^^^^^^^^^^^
ConnectionResetError: [WinError 10054] An existing connection was forcibly closed by the remote host

The above exception was the direct cause of the following exception:

Traceback (most recent call last):
  File "c:\Users\mtt1e23\OneDrive - University of Southampton\Documents\python-PIVTOOLs\env\Lib\site-packages\distributed\worker.py", line 2073, in gather_dep
    response = await get_data_from_worker(
               ^^^^^^^^^^^^^^^^^^^^^^^^^^^
        rpc=self.rpc, keys=to_gather, worker=worker, who=self.address
        ^^^^^^^^^^^^^^^^^^^^^^^^^^^^^^^^^^^^^^^^^^^^^^^^^^^^^^^^^^^^^
    )
    ^
  File "c:\Users\mtt1e23\OneDrive - University of Southampton\Documents\python-PIVTOOLs\env\Lib\site-packages\distributed\worker.py", line 2876, in get_data_from_worker
    comm = await rpc.connect(worker)
           ^^^^^^^^^^^^^^^^^^^^^^^^^
  File "c:\Users\mtt1e23\OneDrive - University of Southampton\Documents\python-PIVTOOLs\env\Lib\site-packages\distributed\core.py", line 1485, in connect
    return await self._connect(addr=addr, timeout=timeout)
           ^^^^^^^^^^^^^^^^^^^^^^^^^^^^^^^^^^^^^^^^^^^^^^^
  File "c:\Users\mtt1e23\OneDrive - University of Southampton\Documents\python-PIVTOOLs\env\Lib\site-packages\distributed\core.py", line 1429, in _connect
    comm = await connect(
           ^^^^^^^^^^^^^^
    ...<4 lines>...
    )
    ^
  File "c:\Users\mtt1e23\OneDrive - University of Southampton\Documents\python-PIVTOOLs\env\Lib\site-packages\distributed\comm\core.py", line 377, in connect
    handshake = await comm.read()
                ^^^^^^^^^^^^^^^^^
  File "c:\Users\mtt1e23\OneDrive - University of Southampton\Documents\python-PIVTOOLs\env\Lib\site-packages\distributed\comm\tcp.py", line 237, in read
    convert_stream_closed_error(self, e)
    ~~~~~~~~~~~~~~~~~~~~~~~~~~~^^^^^^^^^
  File "c:\Users\mtt1e23\OneDrive - University of Southampton\Documents\python-PIVTOOLs\env\Lib\site-packages\distributed\comm\tcp.py", line 143, in convert_stream_closed_error
    raise CommClosedError(f"in {obj}: {exc.__class__.__name__}: {exc}") from exc
distributed.comm.core.CommClosedError: in <TCP (closed)  local=tcp://127.0.0.1:50697 remote=tcp://127.0.0.1:63583>: ConnectionResetError: [WinError 10054] An existing connection was forcibly closed by the remote host
2025-11-03 15:30:49,146 - distributed.worker - ERROR - Worker stream died during communication: tcp://127.0.0.1:63583
Traceback (most recent call last):
  File "c:\Users\mtt1e23\OneDrive - University of Southampton\Documents\python-PIVTOOLs\env\Lib\site-packages\tornado\iostream.py", line 861, in _read_to_buffer
    bytes_read = self.read_from_fd(buf)
  File "c:\Users\mtt1e23\OneDrive - University of Southampton\Documents\python-PIVTOOLs\env\Lib\site-packages\tornado\iostream.py", line 1113, in read_from_fd
    return self.socket.recv_into(buf, len(buf))
           ~~~~~~~~~~~~~~~~~~~~~^^^^^^^^^^^^^^^
ConnectionResetError: [WinError 10054] An existing connection was forcibly closed by the remote host

The above exception was the direct cause of the following exception:

Traceback (most recent call last):
  File "c:\Users\mtt1e23\OneDrive - University of Southampton\Documents\python-PIVTOOLs\env\Lib\site-packages\distributed\worker.py", line 2073, in gather_dep
    response = await get_data_from_worker(
               ^^^^^^^^^^^^^^^^^^^^^^^^^^^
        rpc=self.rpc, keys=to_gather, worker=worker, who=self.address
        ^^^^^^^^^^^^^^^^^^^^^^^^^^^^^^^^^^^^^^^^^^^^^^^^^^^^^^^^^^^^^
    )
    ^
  File "c:\Users\mtt1e23\OneDrive - University of Southampton\Documents\python-PIVTOOLs\env\Lib\site-packages\distributed\worker.py", line 2876, in get_data_from_worker
    comm = await rpc.connect(worker)
           ^^^^^^^^^^^^^^^^^^^^^^^^^
  File "c:\Users\mtt1e23\OneDrive - University of Southampton\Documents\python-PIVTOOLs\env\Lib\site-packages\distributed\core.py", line 1485, in connect
    return await self._connect(addr=addr, timeout=timeout)
           ^^^^^^^^^^^^^^^^^^^^^^^^^^^^^^^^^^^^^^^^^^^^^^^
  File "c:\Users\mtt1e23\OneDrive - University of Southampton\Documents\python-PIVTOOLs\env\Lib\site-packages\distributed\core.py", line 1429, in _connect
    comm = await connect(
           ^^^^^^^^^^^^^^
    ...<4 lines>...
    )
    ^
  File "c:\Users\mtt1e23\OneDrive - University of Southampton\Documents\python-PIVTOOLs\env\Lib\site-packages\distributed\comm\core.py", line 377, in connect
    handshake = await comm.read()
                ^^^^^^^^^^^^^^^^^
  File "c:\Users\mtt1e23\OneDrive - University of Southampton\Documents\python-PIVTOOLs\env\Lib\site-packages\distributed\comm\tcp.py", line 237, in read
    convert_stream_closed_error(self, e)
    ~~~~~~~~~~~~~~~~~~~~~~~~~~~^^^^^^^^^
  File "c:\Users\mtt1e23\OneDrive - University of Southampton\Documents\python-PIVTOOLs\env\Lib\site-packages\distributed\comm\tcp.py", line 143, in convert_stream_closed_error
    raise CommClosedError(f"in {obj}: {exc.__class__.__name__}: {exc}") from exc
distributed.comm.core.CommClosedError: in <TCP (closed)  local=tcp://127.0.0.1:50693 remote=tcp://127.0.0.1:63583>: ConnectionResetError: [WinError 10054] An existing connection was forcibly closed by the remote host
2025-11-03 15:30:49,163 - distributed.worker - ERROR - Worker stream died during communication: tcp://127.0.0.1:63583
Traceback (most recent call last):
  File "c:\Users\mtt1e23\OneDrive - University of Southampton\Documents\python-PIVTOOLs\env\Lib\site-packages\tornado\iostream.py", line 861, in _read_to_buffer
    bytes_read = self.read_from_fd(buf)
  File "c:\Users\mtt1e23\OneDrive - University of Southampton\Documents\python-PIVTOOLs\env\Lib\site-packages\tornado\iostream.py", line 1113, in read_from_fd
    return self.socket.recv_into(buf, len(buf))
           ~~~~~~~~~~~~~~~~~~~~~^^^^^^^^^^^^^^^
ConnectionResetError: [WinError 10054] An existing connection was forcibly closed by the remote host

The above exception was the direct cause of the following exception:

Traceback (most recent call last):
  File "c:\Users\mtt1e23\OneDrive - University of Southampton\Documents\python-PIVTOOLs\env\Lib\site-packages\distributed\worker.py", line 2073, in gather_dep
    response = await get_data_from_worker(
               ^^^^^^^^^^^^^^^^^^^^^^^^^^^
        rpc=self.rpc, keys=to_gather, worker=worker, who=self.address
        ^^^^^^^^^^^^^^^^^^^^^^^^^^^^^^^^^^^^^^^^^^^^^^^^^^^^^^^^^^^^^
    )
    ^
  File "c:\Users\mtt1e23\OneDrive - University of Southampton\Documents\python-PIVTOOLs\env\Lib\site-packages\distributed\worker.py", line 2876, in get_data_from_worker
    comm = await rpc.connect(worker)
           ^^^^^^^^^^^^^^^^^^^^^^^^^
  File "c:\Users\mtt1e23\OneDrive - University of Southampton\Documents\python-PIVTOOLs\env\Lib\site-packages\distributed\core.py", line 1485, in connect
    return await self._connect(addr=addr, timeout=timeout)
           ^^^^^^^^^^^^^^^^^^^^^^^^^^^^^^^^^^^^^^^^^^^^^^^
  File "c:\Users\mtt1e23\OneDrive - University of Southampton\Documents\python-PIVTOOLs\env\Lib\site-packages\distributed\core.py", line 1429, in _connect
    comm = await connect(
           ^^^^^^^^^^^^^^
    ...<4 lines>...
    )
    ^
  File "c:\Users\mtt1e23\OneDrive - University of Southampton\Documents\python-PIVTOOLs\env\Lib\site-packages\distributed\comm\core.py", line 377, in connect
    handshake = await comm.read()
                ^^^^^^^^^^^^^^^^^
  File "c:\Users\mtt1e23\OneDrive - University of Southampton\Documents\python-PIVTOOLs\env\Lib\site-packages\distributed\comm\tcp.py", line 237, in read
    convert_stream_closed_error(self, e)
    ~~~~~~~~~~~~~~~~~~~~~~~~~~~^^^^^^^^^
  File "c:\Users\mtt1e23\OneDrive - University of Southampton\Documents\python-PIVTOOLs\env\Lib\site-packages\distributed\comm\tcp.py", line 143, in convert_stream_closed_error
    raise CommClosedError(f"in {obj}: {exc.__class__.__name__}: {exc}") from exc
distributed.comm.core.CommClosedError: in <TCP (closed)  local=tcp://127.0.0.1:62495 remote=tcp://127.0.0.1:63583>: ConnectionResetError: [WinError 10054] An existing connection was forcibly closed by the remote host
2025-11-03 15:30:49,198 - distributed.worker - ERROR - Worker stream died during communication: tcp://127.0.0.1:63571
Traceback (most recent call last):
  File "c:\Users\mtt1e23\OneDrive - University of Southampton\Documents\python-PIVTOOLs\env\Lib\site-packages\tornado\iostream.py", line 861, in _read_to_buffer
    bytes_read = self.read_from_fd(buf)
  File "c:\Users\mtt1e23\OneDrive - University of Southampton\Documents\python-PIVTOOLs\env\Lib\site-packages\tornado\iostream.py", line 1113, in read_from_fd
    return self.socket.recv_into(buf, len(buf))
           ~~~~~~~~~~~~~~~~~~~~~^^^^^^^^^^^^^^^
ConnectionResetError: [WinError 10054] An existing connection was forcibly closed by the remote host

The above exception was the direct cause of the following exception:

Traceback (most recent call last):
  File "c:\Users\mtt1e23\OneDrive - University of Southampton\Documents\python-PIVTOOLs\env\Lib\site-packages\distributed\worker.py", line 2073, in gather_dep
    response = await get_data_from_worker(
               ^^^^^^^^^^^^^^^^^^^^^^^^^^^
        rpc=self.rpc, keys=to_gather, worker=worker, who=self.address
        ^^^^^^^^^^^^^^^^^^^^^^^^^^^^^^^^^^^^^^^^^^^^^^^^^^^^^^^^^^^^^
    )
    ^
  File "c:\Users\mtt1e23\OneDrive - University of Southampton\Documents\python-PIVTOOLs\env\Lib\site-packages\distributed\worker.py", line 2876, in get_data_from_worker
    comm = await rpc.connect(worker)
           ^^^^^^^^^^^^^^^^^^^^^^^^^
  File "c:\Users\mtt1e23\OneDrive - University of Southampton\Documents\python-PIVTOOLs\env\Lib\site-packages\distributed\core.py", line 1485, in connect
    return await self._connect(addr=addr, timeout=timeout)
           ^^^^^^^^^^^^^^^^^^^^^^^^^^^^^^^^^^^^^^^^^^^^^^^
  File "c:\Users\mtt1e23\OneDrive - University of Southampton\Documents\python-PIVTOOLs\env\Lib\site-packages\distributed\core.py", line 1429, in _connect
    comm = await connect(
           ^^^^^^^^^^^^^^
    ...<4 lines>...
    )
    ^
  File "c:\Users\mtt1e23\OneDrive - University of Southampton\Documents\python-PIVTOOLs\env\Lib\site-packages\distributed\comm\core.py", line 377, in connect
    handshake = await comm.read()
                ^^^^^^^^^^^^^^^^^
  File "c:\Users\mtt1e23\OneDrive - University of Southampton\Documents\python-PIVTOOLs\env\Lib\site-packages\distributed\comm\tcp.py", line 237, in read
    convert_stream_closed_error(self, e)
    ~~~~~~~~~~~~~~~~~~~~~~~~~~~^^^^^^^^^
  File "c:\Users\mtt1e23\OneDrive - University of Southampton\Documents\python-PIVTOOLs\env\Lib\site-packages\distributed\comm\tcp.py", line 143, in convert_stream_closed_error
    raise CommClosedError(f"in {obj}: {exc.__class__.__name__}: {exc}") from exc
distributed.comm.core.CommClosedError: in <TCP (closed)  local=tcp://127.0.0.1:50698 remote=tcp://127.0.0.1:63571>: ConnectionResetError: [WinError 10054] An existing connection was forcibly closed by the remote host
2025-11-03 15:30:49,202 - distributed.worker - ERROR - Worker stream died during communication: tcp://127.0.0.1:63571
Traceback (most recent call last):
  File "c:\Users\mtt1e23\OneDrive - University of Southampton\Documents\python-PIVTOOLs\env\Lib\site-packages\tornado\iostream.py", line 861, in _read_to_buffer
    bytes_read = self.read_from_fd(buf)
  File "c:\Users\mtt1e23\OneDrive - University of Southampton\Documents\python-PIVTOOLs\env\Lib\site-packages\tornado\iostream.py", line 1113, in read_from_fd
    return self.socket.recv_into(buf, len(buf))
           ~~~~~~~~~~~~~~~~~~~~~^^^^^^^^^^^^^^^
ConnectionResetError: [WinError 10054] An existing connection was forcibly closed by the remote host

The above exception was the direct cause of the following exception:

Traceback (most recent call last):
  File "c:\Users\mtt1e23\OneDrive - University of Southampton\Documents\python-PIVTOOLs\env\Lib\site-packages\distributed\worker.py", line 2073, in gather_dep
    response = await get_data_from_worker(
               ^^^^^^^^^^^^^^^^^^^^^^^^^^^
        rpc=self.rpc, keys=to_gather, worker=worker, who=self.address
        ^^^^^^^^^^^^^^^^^^^^^^^^^^^^^^^^^^^^^^^^^^^^^^^^^^^^^^^^^^^^^
    )
    ^
  File "c:\Users\mtt1e23\OneDrive - University of Southampton\Documents\python-PIVTOOLs\env\Lib\site-packages\distributed\worker.py", line 2876, in get_data_from_worker
    comm = await rpc.connect(worker)
           ^^^^^^^^^^^^^^^^^^^^^^^^^
  File "c:\Users\mtt1e23\OneDrive - University of Southampton\Documents\python-PIVTOOLs\env\Lib\site-packages\distributed\core.py", line 1485, in connect
    return await self._connect(addr=addr, timeout=timeout)
           ^^^^^^^^^^^^^^^^^^^^^^^^^^^^^^^^^^^^^^^^^^^^^^^
  File "c:\Users\mtt1e23\OneDrive - University of Southampton\Documents\python-PIVTOOLs\env\Lib\site-packages\distributed\core.py", line 1429, in _connect
    comm = await connect(
           ^^^^^^^^^^^^^^
    ...<4 lines>...
    )
    ^
  File "c:\Users\mtt1e23\OneDrive - University of Southampton\Documents\python-PIVTOOLs\env\Lib\site-packages\distributed\comm\core.py", line 377, in connect
    handshake = await comm.read()
                ^^^^^^^^^^^^^^^^^
  File "c:\Users\mtt1e23\OneDrive - University of Southampton\Documents\python-PIVTOOLs\env\Lib\site-packages\distributed\comm\tcp.py", line 237, in read
    convert_stream_closed_error(self, e)
    ~~~~~~~~~~~~~~~~~~~~~~~~~~~^^^^^^^^^
  File "c:\Users\mtt1e23\OneDrive - University of Southampton\Documents\python-PIVTOOLs\env\Lib\site-packages\distributed\comm\tcp.py", line 143, in convert_stream_closed_error
    raise CommClosedError(f"in {obj}: {exc.__class__.__name__}: {exc}") from exc
distributed.comm.core.CommClosedError: in <TCP (closed)  local=tcp://127.0.0.1:50694 remote=tcp://127.0.0.1:63571>: ConnectionResetError: [WinError 10054] An existing connection was forcibly closed by the remote host
2025-11-03 15:30:49,212 - distributed.worker - ERROR - Worker stream died during communication: tcp://127.0.0.1:63571
Traceback (most recent call last):
  File "c:\Users\mtt1e23\OneDrive - University of Southampton\Documents\python-PIVTOOLs\env\Lib\site-packages\tornado\iostream.py", line 861, in _read_to_buffer
    bytes_read = self.read_from_fd(buf)
  File "c:\Users\mtt1e23\OneDrive - University of Southampton\Documents\python-PIVTOOLs\env\Lib\site-packages\tornado\iostream.py", line 1113, in read_from_fd
    return self.socket.recv_into(buf, len(buf))
           ~~~~~~~~~~~~~~~~~~~~~^^^^^^^^^^^^^^^
ConnectionResetError: [WinError 10054] An existing connection was forcibly closed by the remote host

The above exception was the direct cause of the following exception:

Traceback (most recent call last):
  File "c:\Users\mtt1e23\OneDrive - University of Southampton\Documents\python-PIVTOOLs\env\Lib\site-packages\distributed\worker.py", line 2073, in gather_dep
    response = await get_data_from_worker(
               ^^^^^^^^^^^^^^^^^^^^^^^^^^^
        rpc=self.rpc, keys=to_gather, worker=worker, who=self.address
        ^^^^^^^^^^^^^^^^^^^^^^^^^^^^^^^^^^^^^^^^^^^^^^^^^^^^^^^^^^^^^
    )
    ^
  File "c:\Users\mtt1e23\OneDrive - University of Southampton\Documents\python-PIVTOOLs\env\Lib\site-packages\distributed\worker.py", line 2879, in get_data_from_worker
    response = await send_recv(
               ^^^^^^^^^^^^^^^^
    ...<6 lines>...
    )
    ^
  File "c:\Users\mtt1e23\OneDrive - University of Southampton\Documents\python-PIVTOOLs\env\Lib\site-packages\distributed\core.py", line 1018, in send_recv
    response = await comm.read(deserializers=deserializers)
               ^^^^^^^^^^^^^^^^^^^^^^^^^^^^^^^^^^^^^^^^^^^^
  File "c:\Users\mtt1e23\OneDrive - University of Southampton\Documents\python-PIVTOOLs\env\Lib\site-packages\distributed\comm\tcp.py", line 237, in read
    convert_stream_closed_error(self, e)
    ~~~~~~~~~~~~~~~~~~~~~~~~~~~^^^^^^^^^
  File "c:\Users\mtt1e23\OneDrive - University of Southampton\Documents\python-PIVTOOLs\env\Lib\site-packages\distributed\comm\tcp.py", line 143, in convert_stream_closed_error
    raise CommClosedError(f"in {obj}: {exc.__class__.__name__}: {exc}") from exc
distributed.comm.core.CommClosedError: in <TCP (closed) Ephemeral Worker->Worker for gather local=tcp://127.0.0.1:62493 remote=tcp://127.0.0.1:63571>: ConnectionResetError: [WinError 10054] An existing connection was forcibly closed by the remote host
2025-11-03 15:30:49,220 - distributed.worker - ERROR - Worker stream died during communication: tcp://127.0.0.1:63592
Traceback (most recent call last):
  File "c:\Users\mtt1e23\OneDrive - University of Southampton\Documents\python-PIVTOOLs\env\Lib\site-packages\distributed\core.py", line 1485, in connect
    return await self._connect(addr=addr, timeout=timeout)
           ^^^^^^^^^^^^^^^^^^^^^^^^^^^^^^^^^^^^^^^^^^^^^^^
  File "c:\Users\mtt1e23\OneDrive - University of Southampton\Documents\python-PIVTOOLs\env\Lib\site-packages\distributed\core.py", line 1429, in _connect
    comm = await connect(
           ^^^^^^^^^^^^^^
    ...<4 lines>...
    )
    ^
  File "c:\Users\mtt1e23\OneDrive - University of Southampton\Documents\python-PIVTOOLs\env\Lib\site-packages\distributed\comm\core.py", line 342, in connect
    comm = await wait_for(
           ^^^^^^^^^^^^^^^
    ...<2 lines>...
    )
    ^
  File "c:\Users\mtt1e23\OneDrive - University of Southampton\Documents\python-PIVTOOLs\env\Lib\site-packages\distributed\utils.py", line 1923, in wait_for
    return await fut
           ^^^^^^^^^
  File "c:\Users\mtt1e23\OneDrive - University of Southampton\Documents\python-PIVTOOLs\env\Lib\site-packages\distributed\comm\tcp.py", line 547, in connect
    stream = await self.client.connect(
             ^^^^^^^^^^^^^^^^^^^^^^^^^^
        ip, port, max_buffer_size=MAX_BUFFER_SIZE, **kwargs
        ^^^^^^^^^^^^^^^^^^^^^^^^^^^^^^^^^^^^^^^^^^^^^^^^^^^
    )
    ^
  File "c:\Users\mtt1e23\OneDrive - University of Southampton\Documents\python-PIVTOOLs\env\Lib\site-packages\tornado\tcpclient.py", line 279, in connect
    af, addr, stream = await connector.start(connect_timeout=timeout)
                       ^^^^^^^^^^^^^^^^^^^^^^^^^^^^^^^^^^^^^^^^^^^^^^
asyncio.exceptions.CancelledError

The above exception was the direct cause of the following exception:

Traceback (most recent call last):
  File "c:\Users\mtt1e23\OneDrive - University of Southampton\Documents\python-PIVTOOLs\env\Lib\site-packages\distributed\core.py", line 1476, in connect
    async with asyncio.timeout(math.inf) as scope:
               ~~~~~~~~~~~~~~~^^^^^^^^^^
  File "C:\Python313\Lib\asyncio\timeouts.py", line 116, in __aexit__
    raise TimeoutError from exc_val
TimeoutError

During handling of the above exception, another exception occurred:

Traceback (most recent call last):
  File "c:\Users\mtt1e23\OneDrive - University of Southampton\Documents\python-PIVTOOLs\env\Lib\site-packages\distributed\worker.py", line 2073, in gather_dep
    response = await get_data_from_worker(
               ^^^^^^^^^^^^^^^^^^^^^^^^^^^
        rpc=self.rpc, keys=to_gather, worker=worker, who=self.address
        ^^^^^^^^^^^^^^^^^^^^^^^^^^^^^^^^^^^^^^^^^^^^^^^^^^^^^^^^^^^^^
    )
    ^
  File "c:\Users\mtt1e23\OneDrive - University of Southampton\Documents\python-PIVTOOLs\env\Lib\site-packages\distributed\worker.py", line 2876, in get_data_from_worker
    comm = await rpc.connect(worker)
           ^^^^^^^^^^^^^^^^^^^^^^^^^
  File "c:\Users\mtt1e23\OneDrive - University of Southampton\Documents\python-PIVTOOLs\env\Lib\site-packages\distributed\core.py", line 1497, in connect
    raise CommClosedError(reason)
distributed.comm.core.CommClosedError: Address removed.
2025-11-03 15:30:49,230 - distributed.worker - ERROR - Worker stream died during communication: tcp://127.0.0.1:63572
Traceback (most recent call last):
  File "c:\Users\mtt1e23\OneDrive - University of Southampton\Documents\python-PIVTOOLs\env\Lib\site-packages\tornado\iostream.py", line 861, in _read_to_buffer
    bytes_read = self.read_from_fd(buf)
  File "c:\Users\mtt1e23\OneDrive - University of Southampton\Documents\python-PIVTOOLs\env\Lib\site-packages\tornado\iostream.py", line 1113, in read_from_fd
    return self.socket.recv_into(buf, len(buf))
           ~~~~~~~~~~~~~~~~~~~~~^^^^^^^^^^^^^^^
ConnectionResetError: [WinError 10054] An existing connection was forcibly closed by the remote host

The above exception was the direct cause of the following exception:

Traceback (most recent call last):
  File "c:\Users\mtt1e23\OneDrive - University of Southampton\Documents\python-PIVTOOLs\env\Lib\site-packages\distributed\worker.py", line 2073, in gather_dep
    response = await get_data_from_worker(
               ^^^^^^^^^^^^^^^^^^^^^^^^^^^
        rpc=self.rpc, keys=to_gather, worker=worker, who=self.address
        ^^^^^^^^^^^^^^^^^^^^^^^^^^^^^^^^^^^^^^^^^^^^^^^^^^^^^^^^^^^^^
    )
    ^
  File "c:\Users\mtt1e23\OneDrive - University of Southampton\Documents\python-PIVTOOLs\env\Lib\site-packages\distributed\worker.py", line 2879, in get_data_from_worker
    response = await send_recv(
               ^^^^^^^^^^^^^^^^
    ...<6 lines>...
    )
    ^
  File "c:\Users\mtt1e23\OneDrive - University of Southampton\Documents\python-PIVTOOLs\env\Lib\site-packages\distributed\core.py", line 1018, in send_recv
    response = await comm.read(deserializers=deserializers)
               ^^^^^^^^^^^^^^^^^^^^^^^^^^^^^^^^^^^^^^^^^^^^
  File "c:\Users\mtt1e23\OneDrive - University of Southampton\Documents\python-PIVTOOLs\env\Lib\site-packages\distributed\comm\tcp.py", line 237, in read
    convert_stream_closed_error(self, e)
    ~~~~~~~~~~~~~~~~~~~~~~~~~~~^^^^^^^^^
  File "c:\Users\mtt1e23\OneDrive - University of Southampton\Documents\python-PIVTOOLs\env\Lib\site-packages\distributed\comm\tcp.py", line 143, in convert_stream_closed_error
    raise CommClosedError(f"in {obj}: {exc.__class__.__name__}: {exc}") from exc
distributed.comm.core.CommClosedError: in <TCP (closed) Ephemeral Worker->Worker for gather local=tcp://127.0.0.1:62492 remote=tcp://127.0.0.1:63572>: ConnectionResetError: [WinError 10054] An existing connection was forcibly closed by the remote host
2025-11-03 15:30:49,230 - distributed.worker - ERROR - Worker stream died during communication: tcp://127.0.0.1:63572
Traceback (most recent call last):
  File "c:\Users\mtt1e23\OneDrive - University of Southampton\Documents\python-PIVTOOLs\env\Lib\site-packages\tornado\iostream.py", line 861, in _read_to_buffer
    bytes_read = self.read_from_fd(buf)
  File "c:\Users\mtt1e23\OneDrive - University of Southampton\Documents\python-PIVTOOLs\env\Lib\site-packages\tornado\iostream.py", line 1113, in read_from_fd
    return self.socket.recv_into(buf, len(buf))
           ~~~~~~~~~~~~~~~~~~~~~^^^^^^^^^^^^^^^
ConnectionResetError: [WinError 10054] An existing connection was forcibly closed by the remote host

The above exception was the direct cause of the following exception:

Traceback (most recent call last):
  File "c:\Users\mtt1e23\OneDrive - University of Southampton\Documents\python-PIVTOOLs\env\Lib\site-packages\distributed\worker.py", line 2073, in gather_dep
    response = await get_data_from_worker(
               ^^^^^^^^^^^^^^^^^^^^^^^^^^^
        rpc=self.rpc, keys=to_gather, worker=worker, who=self.address
        ^^^^^^^^^^^^^^^^^^^^^^^^^^^^^^^^^^^^^^^^^^^^^^^^^^^^^^^^^^^^^
    )
    ^
  File "c:\Users\mtt1e23\OneDrive - University of Southampton\Documents\python-PIVTOOLs\env\Lib\site-packages\distributed\worker.py", line 2876, in get_data_from_worker
    comm = await rpc.connect(worker)
           ^^^^^^^^^^^^^^^^^^^^^^^^^
  File "c:\Users\mtt1e23\OneDrive - University of Southampton\Documents\python-PIVTOOLs\env\Lib\site-packages\distributed\core.py", line 1485, in connect
    return await self._connect(addr=addr, timeout=timeout)
           ^^^^^^^^^^^^^^^^^^^^^^^^^^^^^^^^^^^^^^^^^^^^^^^
  File "c:\Users\mtt1e23\OneDrive - University of Southampton\Documents\python-PIVTOOLs\env\Lib\site-packages\distributed\core.py", line 1429, in _connect
    comm = await connect(
           ^^^^^^^^^^^^^^
    ...<4 lines>...
    )
    ^
  File "c:\Users\mtt1e23\OneDrive - University of Southampton\Documents\python-PIVTOOLs\env\Lib\site-packages\distributed\comm\core.py", line 377, in connect
    handshake = await comm.read()
                ^^^^^^^^^^^^^^^^^
  File "c:\Users\mtt1e23\OneDrive - University of Southampton\Documents\python-PIVTOOLs\env\Lib\site-packages\distributed\comm\tcp.py", line 237, in read
    convert_stream_closed_error(self, e)
    ~~~~~~~~~~~~~~~~~~~~~~~~~~~^^^^^^^^^
  File "c:\Users\mtt1e23\OneDrive - University of Southampton\Documents\python-PIVTOOLs\env\Lib\site-packages\distributed\comm\tcp.py", line 143, in convert_stream_closed_error
    raise CommClosedError(f"in {obj}: {exc.__class__.__name__}: {exc}") from exc
distributed.comm.core.CommClosedError: in <TCP (closed)  local=tcp://127.0.0.1:50696 remote=tcp://127.0.0.1:63572>: ConnectionResetError: [WinError 10054] An existing connection was forcibly closed by the remote host
2025-11-03 15:30:49,232 - distributed.worker - ERROR - Worker stream died during communication: tcp://127.0.0.1:63572
Traceback (most recent call last):
  File "c:\Users\mtt1e23\OneDrive - University of Southampton\Documents\python-PIVTOOLs\env\Lib\site-packages\tornado\iostream.py", line 861, in _read_to_buffer
    bytes_read = self.read_from_fd(buf)
  File "c:\Users\mtt1e23\OneDrive - University of Southampton\Documents\python-PIVTOOLs\env\Lib\site-packages\tornado\iostream.py", line 1113, in read_from_fd
    return self.socket.recv_into(buf, len(buf))
           ~~~~~~~~~~~~~~~~~~~~~^^^^^^^^^^^^^^^
ConnectionResetError: [WinError 10054] An existing connection was forcibly closed by the remote host

The above exception was the direct cause of the following exception:

Traceback (most recent call last):
  File "c:\Users\mtt1e23\OneDrive - University of Southampton\Documents\python-PIVTOOLs\env\Lib\site-packages\distributed\worker.py", line 2073, in gather_dep
    response = await get_data_from_worker(
               ^^^^^^^^^^^^^^^^^^^^^^^^^^^
        rpc=self.rpc, keys=to_gather, worker=worker, who=self.address
        ^^^^^^^^^^^^^^^^^^^^^^^^^^^^^^^^^^^^^^^^^^^^^^^^^^^^^^^^^^^^^
    )
    ^
  File "c:\Users\mtt1e23\OneDrive - University of Southampton\Documents\python-PIVTOOLs\env\Lib\site-packages\distributed\worker.py", line 2876, in get_data_from_worker
    comm = await rpc.connect(worker)
           ^^^^^^^^^^^^^^^^^^^^^^^^^
  File "c:\Users\mtt1e23\OneDrive - University of Southampton\Documents\python-PIVTOOLs\env\Lib\site-packages\distributed\core.py", line 1485, in connect
    return await self._connect(addr=addr, timeout=timeout)
           ^^^^^^^^^^^^^^^^^^^^^^^^^^^^^^^^^^^^^^^^^^^^^^^
  File "c:\Users\mtt1e23\OneDrive - University of Southampton\Documents\python-PIVTOOLs\env\Lib\site-packages\distributed\core.py", line 1429, in _connect
    comm = await connect(
           ^^^^^^^^^^^^^^
    ...<4 lines>...
    )
    ^
  File "c:\Users\mtt1e23\OneDrive - University of Southampton\Documents\python-PIVTOOLs\env\Lib\site-packages\distributed\comm\core.py", line 377, in connect
    handshake = await comm.read()
                ^^^^^^^^^^^^^^^^^
  File "c:\Users\mtt1e23\OneDrive - University of Southampton\Documents\python-PIVTOOLs\env\Lib\site-packages\distributed\comm\tcp.py", line 237, in read
    convert_stream_closed_error(self, e)
    ~~~~~~~~~~~~~~~~~~~~~~~~~~~^^^^^^^^^
  File "c:\Users\mtt1e23\OneDrive - University of Southampton\Documents\python-PIVTOOLs\env\Lib\site-packages\distributed\comm\tcp.py", line 143, in convert_stream_closed_error
    raise CommClosedError(f"in {obj}: {exc.__class__.__name__}: {exc}") from exc
distributed.comm.core.CommClosedError: in <TCP (closed)  local=tcp://127.0.0.1:50700 remote=tcp://127.0.0.1:63572>: ConnectionResetError: [WinError 10054] An existing connection was forcibly closed by the remote host
2025-11-03 15:30:49,681 - distributed.worker - ERROR - Worker stream died during communication: tcp://127.0.0.1:63592
Traceback (most recent call last):
  File "c:\Users\mtt1e23\OneDrive - University of Southampton\Documents\python-PIVTOOLs\env\Lib\site-packages\distributed\core.py", line 1485, in connect
    return await self._connect(addr=addr, timeout=timeout)
           ^^^^^^^^^^^^^^^^^^^^^^^^^^^^^^^^^^^^^^^^^^^^^^^
  File "c:\Users\mtt1e23\OneDrive - University of Southampton\Documents\python-PIVTOOLs\env\Lib\site-packages\distributed\core.py", line 1429, in _connect
    comm = await connect(
           ^^^^^^^^^^^^^^
    ...<4 lines>...
    )
    ^
  File "c:\Users\mtt1e23\OneDrive - University of Southampton\Documents\python-PIVTOOLs\env\Lib\site-packages\distributed\comm\core.py", line 342, in connect
    comm = await wait_for(
           ^^^^^^^^^^^^^^^
    ...<2 lines>...
    )
    ^
  File "c:\Users\mtt1e23\OneDrive - University of Southampton\Documents\python-PIVTOOLs\env\Lib\site-packages\distributed\utils.py", line 1923, in wait_for
    return await fut
           ^^^^^^^^^
  File "c:\Users\mtt1e23\OneDrive - University of Southampton\Documents\python-PIVTOOLs\env\Lib\site-packages\distributed\comm\tcp.py", line 547, in connect
    stream = await self.client.connect(
             ^^^^^^^^^^^^^^^^^^^^^^^^^^
        ip, port, max_buffer_size=MAX_BUFFER_SIZE, **kwargs
        ^^^^^^^^^^^^^^^^^^^^^^^^^^^^^^^^^^^^^^^^^^^^^^^^^^^
    )
    ^
  File "c:\Users\mtt1e23\OneDrive - University of Southampton\Documents\python-PIVTOOLs\env\Lib\site-packages\tornado\tcpclient.py", line 279, in connect
    af, addr, stream = await connector.start(connect_timeout=timeout)
                       ^^^^^^^^^^^^^^^^^^^^^^^^^^^^^^^^^^^^^^^^^^^^^^
asyncio.exceptions.CancelledError

The above exception was the direct cause of the following exception:

Traceback (most recent call last):
  File "c:\Users\mtt1e23\OneDrive - University of Southampton\Documents\python-PIVTOOLs\env\Lib\site-packages\distributed\core.py", line 1476, in connect
    async with asyncio.timeout(math.inf) as scope:
               ~~~~~~~~~~~~~~~^^^^^^^^^^
  File "C:\Python313\Lib\asyncio\timeouts.py", line 116, in __aexit__
    raise TimeoutError from exc_val
TimeoutError

During handling of the above exception, another exception occurred:

Traceback (most recent call last):
  File "c:\Users\mtt1e23\OneDrive - University of Southampton\Documents\python-PIVTOOLs\env\Lib\site-packages\distributed\worker.py", line 2073, in gather_dep
    response = await get_data_from_worker(
               ^^^^^^^^^^^^^^^^^^^^^^^^^^^
        rpc=self.rpc, keys=to_gather, worker=worker, who=self.address
        ^^^^^^^^^^^^^^^^^^^^^^^^^^^^^^^^^^^^^^^^^^^^^^^^^^^^^^^^^^^^^
    )
    ^
  File "c:\Users\mtt1e23\OneDrive - University of Southampton\Documents\python-PIVTOOLs\env\Lib\site-packages\distributed\worker.py", line 2876, in get_data_from_worker
    comm = await rpc.connect(worker)
           ^^^^^^^^^^^^^^^^^^^^^^^^^
  File "c:\Users\mtt1e23\OneDrive - University of Southampton\Documents\python-PIVTOOLs\env\Lib\site-packages\distributed\core.py", line 1497, in connect
    raise CommClosedError(reason)
distributed.comm.core.CommClosedError: Address removed.
2025-11-03 15:30:49,996 - distributed.worker.memory - WARNING - Worker is at 86% memory usage. Pausing worker.  Process memory: 2.32 GiB -- Worker memory limit: 2.66 GiB
2025-11-03 15:30:50,113 - distributed.nanny - WARNING - Restarting worker
2025-11-03 15:30:50,138 - distributed.nanny - WARNING - Restarting worker
2025-11-03 15:30:50,156 - distributed.nanny - WARNING - Restarting worker
2025-11-03 15:30:50,159 - distributed.nanny - WARNING - Restarting worker
2025-11-03 15:30:50,162 - distributed.nanny.memory - WARNING - Worker tcp://127.0.0.1:53260 (pid=21276) exceeded 95% memory budget. Restarting...
2025-11-03 15:30:50,164 - distributed.nanny - WARNING - Restarting worker
2025-11-03 15:30:50,167 - distributed.nanny - WARNING - Restarting worker
2025-11-03 15:30:50,174 - distributed.nanny - WARNING - Restarting worker
2025-11-03 15:30:50,181 - distributed.scheduler - WARNING - Removing worker 'tcp://127.0.0.1:53260' caused the cluster to lose already computed task(s), which will be recomputed elsewhere: {('stack-2eb85d96b2c57f19f5c45fe8bf3c4979', 61, 0, 0, 0), ('from-value-read_pair-stack-2eb85d96b2c57f19f5c45fe8bf3c4979', 59, 0, 0, 0)} (stimulus_id='handle-worker-cleanup-1762183850.1812909')
2025-11-03 15:30:50,185 - distributed.worker - ERROR - Worker stream died during communication: tcp://127.0.0.1:53260
Traceback (most recent call last):
  File "c:\Users\mtt1e23\OneDrive - University of Southampton\Documents\python-PIVTOOLs\env\Lib\site-packages\tornado\iostream.py", line 861, in _read_to_buffer
    bytes_read = self.read_from_fd(buf)
  File "c:\Users\mtt1e23\OneDrive - University of Southampton\Documents\python-PIVTOOLs\env\Lib\site-packages\tornado\iostream.py", line 1113, in read_from_fd
    return self.socket.recv_into(buf, len(buf))
           ~~~~~~~~~~~~~~~~~~~~~^^^^^^^^^^^^^^^
ConnectionResetError: [WinError 10054] An existing connection was forcibly closed by the remote host

The above exception was the direct cause of the following exception:

Traceback (most recent call last):
  File "c:\Users\mtt1e23\OneDrive - University of Southampton\Documents\python-PIVTOOLs\env\Lib\site-packages\distributed\worker.py", line 2073, in gather_dep
    response = await get_data_from_worker(
               ^^^^^^^^^^^^^^^^^^^^^^^^^^^
        rpc=self.rpc, keys=to_gather, worker=worker, who=self.address
        ^^^^^^^^^^^^^^^^^^^^^^^^^^^^^^^^^^^^^^^^^^^^^^^^^^^^^^^^^^^^^
    )
    ^
  File "c:\Users\mtt1e23\OneDrive - University of Southampton\Documents\python-PIVTOOLs\env\Lib\site-packages\distributed\worker.py", line 2879, in get_data_from_worker
    response = await send_recv(
               ^^^^^^^^^^^^^^^^
    ...<6 lines>...
    )
    ^
  File "c:\Users\mtt1e23\OneDrive - University of Southampton\Documents\python-PIVTOOLs\env\Lib\site-packages\distributed\core.py", line 1018, in send_recv
    response = await comm.read(deserializers=deserializers)
               ^^^^^^^^^^^^^^^^^^^^^^^^^^^^^^^^^^^^^^^^^^^^
  File "c:\Users\mtt1e23\OneDrive - University of Southampton\Documents\python-PIVTOOLs\env\Lib\site-packages\distributed\comm\tcp.py", line 237, in read
    convert_stream_closed_error(self, e)
    ~~~~~~~~~~~~~~~~~~~~~~~~~~~^^^^^^^^^
  File "c:\Users\mtt1e23\OneDrive - University of Southampton\Documents\python-PIVTOOLs\env\Lib\site-packages\distributed\comm\tcp.py", line 143, in convert_stream_closed_error
    raise CommClosedError(f"in {obj}: {exc.__class__.__name__}: {exc}") from exc
distributed.comm.core.CommClosedError: in <TCP (closed) Ephemeral Worker->Worker for gather local=tcp://127.0.0.1:59205 remote=tcp://127.0.0.1:53260>: ConnectionResetError: [WinError 10054] An existing connection was forcibly closed by the remote host
2025-11-03 15:30:50,218 - distributed.worker - ERROR - Worker stream died during communication: tcp://127.0.0.1:53260
Traceback (most recent call last):
  File "c:\Users\mtt1e23\OneDrive - University of Southampton\Documents\python-PIVTOOLs\env\Lib\site-packages\distributed\core.py", line 1485, in connect
    return await self._connect(addr=addr, timeout=timeout)
           ^^^^^^^^^^^^^^^^^^^^^^^^^^^^^^^^^^^^^^^^^^^^^^^
  File "c:\Users\mtt1e23\OneDrive - University of Southampton\Documents\python-PIVTOOLs\env\Lib\site-packages\distributed\core.py", line 1429, in _connect
    comm = await connect(
           ^^^^^^^^^^^^^^
    ...<4 lines>...
    )
    ^
  File "c:\Users\mtt1e23\OneDrive - University of Southampton\Documents\python-PIVTOOLs\env\Lib\site-packages\distributed\comm\core.py", line 342, in connect
    comm = await wait_for(
           ^^^^^^^^^^^^^^^
    ...<2 lines>...
    )
    ^
  File "c:\Users\mtt1e23\OneDrive - University of Southampton\Documents\python-PIVTOOLs\env\Lib\site-packages\distributed\utils.py", line 1923, in wait_for
    return await fut
           ^^^^^^^^^
  File "c:\Users\mtt1e23\OneDrive - University of Southampton\Documents\python-PIVTOOLs\env\Lib\site-packages\distributed\comm\tcp.py", line 547, in connect
    stream = await self.client.connect(
             ^^^^^^^^^^^^^^^^^^^^^^^^^^
        ip, port, max_buffer_size=MAX_BUFFER_SIZE, **kwargs
        ^^^^^^^^^^^^^^^^^^^^^^^^^^^^^^^^^^^^^^^^^^^^^^^^^^^
    )
    ^
  File "c:\Users\mtt1e23\OneDrive - University of Southampton\Documents\python-PIVTOOLs\env\Lib\site-packages\tornado\tcpclient.py", line 279, in connect
    af, addr, stream = await connector.start(connect_timeout=timeout)
                       ^^^^^^^^^^^^^^^^^^^^^^^^^^^^^^^^^^^^^^^^^^^^^^
asyncio.exceptions.CancelledError

The above exception was the direct cause of the following exception:

Traceback (most recent call last):
  File "c:\Users\mtt1e23\OneDrive - University of Southampton\Documents\python-PIVTOOLs\env\Lib\site-packages\distributed\core.py", line 1476, in connect
    async with asyncio.timeout(math.inf) as scope:
               ~~~~~~~~~~~~~~~^^^^^^^^^^
  File "C:\Python313\Lib\asyncio\timeouts.py", line 116, in __aexit__
    raise TimeoutError from exc_val
TimeoutError

During handling of the above exception, another exception occurred:

Traceback (most recent call last):
  File "c:\Users\mtt1e23\OneDrive - University of Southampton\Documents\python-PIVTOOLs\env\Lib\site-packages\distributed\worker.py", line 2073, in gather_dep
    response = await get_data_from_worker(
               ^^^^^^^^^^^^^^^^^^^^^^^^^^^
        rpc=self.rpc, keys=to_gather, worker=worker, who=self.address
        ^^^^^^^^^^^^^^^^^^^^^^^^^^^^^^^^^^^^^^^^^^^^^^^^^^^^^^^^^^^^^
    )
    ^
  File "c:\Users\mtt1e23\OneDrive - University of Southampton\Documents\python-PIVTOOLs\env\Lib\site-packages\distributed\worker.py", line 2876, in get_data_from_worker
    comm = await rpc.connect(worker)
           ^^^^^^^^^^^^^^^^^^^^^^^^^
  File "c:\Users\mtt1e23\OneDrive - University of Southampton\Documents\python-PIVTOOLs\env\Lib\site-packages\distributed\core.py", line 1497, in connect
    raise CommClosedError(reason)
distributed.comm.core.CommClosedError: Address removed.
2025-11-03 15:30:50,234 - distributed.worker.memory - WARNING - Worker is at 89% memory usage. Pausing worker.  Process memory: 2.38 GiB -- Worker memory limit: 2.66 GiB
2025-11-03 15:30:50,389 - distributed.nanny.memory - WARNING - Worker tcp://127.0.0.1:51231 (pid=19768) exceeded 95% memory budget. Restarting...
2025-11-03 15:30:50,497 - distributed.scheduler - WARNING - Removing worker 'tcp://127.0.0.1:51231' caused the cluster to lose already computed task(s), which will be recomputed elsewhere: {('from-value-read_pair-stack-2eb85d96b2c57f19f5c45fe8bf3c4979', 62, 0, 0, 0), ('stack-2eb85d96b2c57f19f5c45fe8bf3c4979', 80, 0, 0, 0), ('stack-2eb85d96b2c57f19f5c45fe8bf3c4979', 99, 0, 0, 0)} (stimulus_id='handle-worker-cleanup-1762183850.4968054')
2025-11-03 15:30:50,707 - distributed.nanny - WARNING - Restarting worker
2025-11-03 15:30:50,758 - distributed.worker.memory - WARNING - Worker is at 83% memory usage. Pausing worker.  Process memory: 2.23 GiB -- Worker memory limit: 2.66 GiB
2025-11-03 15:30:50,791 - distributed.nanny - WARNING - Restarting worker
2025-11-03 15:30:50,949 - distributed.nanny.memory - WARNING - Worker tcp://127.0.0.1:51216 (pid=31020) exceeded 95% memory budget. Restarting...
2025-11-03 15:30:50,967 - distributed.worker - ERROR - Worker stream died during communication: tcp://127.0.0.1:51216
Traceback (most recent call last):
  File "c:\Users\mtt1e23\OneDrive - University of Southampton\Documents\python-PIVTOOLs\env\Lib\site-packages\tornado\iostream.py", line 861, in _read_to_buffer
    bytes_read = self.read_from_fd(buf)
  File "c:\Users\mtt1e23\OneDrive - University of Southampton\Documents\python-PIVTOOLs\env\Lib\site-packages\tornado\iostream.py", line 1113, in read_from_fd
    return self.socket.recv_into(buf, len(buf))
           ~~~~~~~~~~~~~~~~~~~~~^^^^^^^^^^^^^^^
ConnectionResetError: [WinError 10054] An existing connection was forcibly closed by the remote host

The above exception was the direct cause of the following exception:

Traceback (most recent call last):
  File "c:\Users\mtt1e23\OneDrive - University of Southampton\Documents\python-PIVTOOLs\env\Lib\site-packages\distributed\worker.py", line 2073, in gather_dep
    response = await get_data_from_worker(
               ^^^^^^^^^^^^^^^^^^^^^^^^^^^
        rpc=self.rpc, keys=to_gather, worker=worker, who=self.address
        ^^^^^^^^^^^^^^^^^^^^^^^^^^^^^^^^^^^^^^^^^^^^^^^^^^^^^^^^^^^^^
    )
    ^
  File "c:\Users\mtt1e23\OneDrive - University of Southampton\Documents\python-PIVTOOLs\env\Lib\site-packages\distributed\worker.py", line 2876, in get_data_from_worker
    comm = await rpc.connect(worker)
           ^^^^^^^^^^^^^^^^^^^^^^^^^
  File "c:\Users\mtt1e23\OneDrive - University of Southampton\Documents\python-PIVTOOLs\env\Lib\site-packages\distributed\core.py", line 1485, in connect
    return await self._connect(addr=addr, timeout=timeout)
           ^^^^^^^^^^^^^^^^^^^^^^^^^^^^^^^^^^^^^^^^^^^^^^^
  File "c:\Users\mtt1e23\OneDrive - University of Southampton\Documents\python-PIVTOOLs\env\Lib\site-packages\distributed\core.py", line 1429, in _connect
    comm = await connect(
           ^^^^^^^^^^^^^^
    ...<4 lines>...
    )
    ^
  File "c:\Users\mtt1e23\OneDrive - University of Southampton\Documents\python-PIVTOOLs\env\Lib\site-packages\distributed\comm\core.py", line 377, in connect
    handshake = await comm.read()
                ^^^^^^^^^^^^^^^^^
  File "c:\Users\mtt1e23\OneDrive - University of Southampton\Documents\python-PIVTOOLs\env\Lib\site-packages\distributed\comm\tcp.py", line 237, in read
    convert_stream_closed_error(self, e)
    ~~~~~~~~~~~~~~~~~~~~~~~~~~~^^^^^^^^^
  File "c:\Users\mtt1e23\OneDrive - University of Southampton\Documents\python-PIVTOOLs\env\Lib\site-packages\distributed\comm\tcp.py", line 143, in convert_stream_closed_error
    raise CommClosedError(f"in {obj}: {exc.__class__.__name__}: {exc}") from exc
distributed.comm.core.CommClosedError: in <TCP (closed)  local=tcp://127.0.0.1:63648 remote=tcp://127.0.0.1:51216>: ConnectionResetError: [WinError 10054] An existing connection was forcibly closed by the remote host
2025-11-03 15:30:50,992 - distributed.scheduler - WARNING - Removing worker 'tcp://127.0.0.1:51216' caused the cluster to lose already computed task(s), which will be recomputed elsewhere: {('stack-2eb85d96b2c57f19f5c45fe8bf3c4979', 93, 0, 0, 0), ('stack-2eb85d96b2c57f19f5c45fe8bf3c4979', 76, 0, 0, 0), ('stack-2eb85d96b2c57f19f5c45fe8bf3c4979', 56, 0, 0, 0)} (stimulus_id='handle-worker-cleanup-1762183850.9923775')
2025-11-03 15:30:51,457 [INFO] Logging initialized. Level: INFO, File: pypiv.log
2025-11-03 15:30:51,569 - distributed.nanny.memory - WARNING - Worker tcp://127.0.0.1:49693 (pid=26868) exceeded 95% memory budget. Restarting...
2025-11-03 15:30:51,782 - distributed.scheduler - ERROR - Task getitem-rechunk-merge-finalize-hlgfinalizecompute-21fd87eeb81f477aab542c6e86957163 marked as failed because 4 workers died while trying to run it
2025-11-03 15:30:51,782 - distributed.scheduler - ERROR - Task getitem-rechunk-merge-finalize-hlgfinalizecompute-5bf79e790a184912a178413cde2a4a75 marked as failed because 4 workers died while trying to run it
2025-11-03 15:30:51,782 - distributed.scheduler - ERROR - Task getitem-rechunk-merge-finalize-hlgfinalizecompute-72564d0fa6c342918e1d2a8b38d5e913 marked as failed because 4 workers died while trying to run it
2025-11-03 15:30:51,782 - distributed.scheduler - WARNING - Removing worker 'tcp://127.0.0.1:49693' caused the cluster to lose already computed task(s), which will be recomputed elsewhere: {('stack-2eb85d96b2c57f19f5c45fe8bf3c4979', 52, 0, 0, 0), ('stack-2eb85d96b2c57f19f5c45fe8bf3c4979', 88, 0, 0, 0), ('stack-2eb85d96b2c57f19f5c45fe8bf3c4979', 85, 0, 0, 0), ('stack-2eb85d96b2c57f19f5c45fe8bf3c4979', 54, 0, 0, 0)} (stimulus_id='nanny-close-1762183851.7155457')
2025-11-03 15:30:51,796 - distributed.nanny - WARNING - Restarting worker
2025-11-03 15:30:51,810 [ERROR] PIV processing failed: Attempted to run task 'getitem-rechunk-merge-finalize-hlgfinalizecompute-5bf79e790a184912a178413cde2a4a75' on 4 different workers, but all those workers died while running it. The last worker that attempt to run the task was tcp://127.0.0.1:49693. Inspecting worker logs is often a good next step to diagnose what went wrong. For more information see https://distributed.dask.org/en/stable/killed.html.
2025-11-03 15:30:51,823 - distributed.nanny - WARNING - Restarting worker
2025-11-03 15:30:51,825 [ERROR] PIV processing failed: Attempted to run task 'getitem-rechunk-merge-finalize-hlgfinalizecompute-72564d0fa6c342918e1d2a8b38d5e913' on 4 different workers, but all those workers died while running it. The last worker that attempt to run the task was tcp://127.0.0.1:49693. Inspecting worker logs is often a good next step to diagnose what went wrong. For more information see https://distributed.dask.org/en/stable/killed.html.
2025-11-03 15:30:51,826 [ERROR] PIV processing failed: Attempted to run task 'getitem-rechunk-merge-finalize-hlgfinalizecompute-21fd87eeb81f477aab542c6e86957163' on 4 different workers, but all those workers died while running it. The last worker that attempt to run the task was tcp://127.0.0.1:49693. Inspecting worker logs is often a good next step to diagnose what went wrong. For more information see https://distributed.dask.org/en/stable/killed.html.
2025-11-03 15:30:51,983 [WARNING] PIVResult has no passes for frame 5. Skipping save.
2025-11-03 15:30:51,983 [WARNING] PIVResult has no passes for frame 45. Skipping save.
2025-11-03 15:30:51,984 [WARNING] PIVResult has no passes for frame 25. Skipping save.
2025-11-03 15:30:52,692 [INFO] Logging initialized. Level: INFO, File: pypiv.log
2025-11-03 15:30:52,694 [INFO] Logging initialized. Level: INFO, File: pypiv.log
2025-11-03 15:30:52,718 [INFO] Logging initialized. Level: INFO, File: pypiv.log
2025-11-03 15:30:52,755 [INFO] Logging initialized. Level: INFO, File: pypiv.log
2025-11-03 15:30:52,755 [INFO] Logging initialized. Level: INFO, File: pypiv.log
2025-11-03 15:30:52,762 [INFO] Logging initialized. Level: INFO, File: pypiv.log
2025-11-03 15:30:52,763 [INFO] Logging initialized. Level: INFO, File: pypiv.log
2025-11-03 15:30:53,029 [INFO] Logging initialized. Level: INFO, File: pypiv.log
2025-11-03 15:30:53,289 [INFO] Logging initialized. Level: INFO, File: pypiv.log
2025-11-03 15:30:54,615 [INFO] Logging initialized. Level: INFO, File: pypiv.log
2025-11-03 15:30:54,640 [INFO] Logging initialized. Level: INFO, File: pypiv.log
2025-11-03 15:30:55,345 - distributed.worker.memory - WARNING - Worker is at 80% memory usage. Pausing worker.  Process memory: 2.13 GiB -- Worker memory limit: 2.66 GiB
2025-11-03 15:30:55,564 - distributed.worker.memory - WARNING - Worker is at 81% memory usage. Pausing worker.  Process memory: 2.17 GiB -- Worker memory limit: 2.66 GiB
2025-11-03 15:30:55,607 - distributed.nanny.memory - WARNING - Worker tcp://127.0.0.1:49254 (pid=27508) exceeded 95% memory budget. Restarting...
2025-11-03 15:30:55,676 - distributed.worker.memory - WARNING - Worker is at 83% memory usage. Pausing worker.  Process memory: 2.24 GiB -- Worker memory limit: 2.66 GiB
2025-11-03 15:30:56,118 - distributed.nanny.memory - WARNING - Worker tcp://127.0.0.1:52350 (pid=13984) exceeded 95% memory budget. Restarting...
2025-11-03 15:30:56,132 - distributed.nanny.memory - WARNING - Worker tcp://127.0.0.1:50088 (pid=1832) exceeded 95% memory budget. Restarting...
2025-11-03 15:30:56,363 - distributed.worker.memory - WARNING - Worker is at 89% memory usage. Pausing worker.  Process memory: 2.39 GiB -- Worker memory limit: 2.66 GiB
2025-11-03 15:30:56,445 - distributed.nanny.memory - WARNING - Worker tcp://127.0.0.1:50082 (pid=29892) exceeded 95% memory budget. Restarting...
2025-11-03 15:30:56,449 - distributed.scheduler - WARNING - Removing worker 'tcp://127.0.0.1:49254' caused the cluster to lose already computed task(s), which will be recomputed elsewhere: {('stack-2eb85d96b2c57f19f5c45fe8bf3c4979', 51, 0, 0, 0), ('from-value-read_pair-stack-2eb85d96b2c57f19f5c45fe8bf3c4979', 87, 0, 0, 0), ('stack-2eb85d96b2c57f19f5c45fe8bf3c4979', 99, 0, 0, 0), ('stack-2eb85d96b2c57f19f5c45fe8bf3c4979', 93, 0, 0, 0), ('stack-2eb85d96b2c57f19f5c45fe8bf3c4979', 61, 0, 0, 0), ('stack-2eb85d96b2c57f19f5c45fe8bf3c4979', 52, 0, 0, 0), ('stack-2eb85d96b2c57f19f5c45fe8bf3c4979', 56, 0, 0, 0)} (stimulus_id='handle-worker-cleanup-1762183856.4490001')
2025-11-03 15:30:56,900 - distributed.worker - ERROR - Worker stream died during communication: tcp://127.0.0.1:49254
Traceback (most recent call last):
  File "c:\Users\mtt1e23\OneDrive - University of Southampton\Documents\python-PIVTOOLs\env\Lib\site-packages\distributed\core.py", line 1485, in connect
    return await self._connect(addr=addr, timeout=timeout)
           ^^^^^^^^^^^^^^^^^^^^^^^^^^^^^^^^^^^^^^^^^^^^^^^
  File "c:\Users\mtt1e23\OneDrive - University of Southampton\Documents\python-PIVTOOLs\env\Lib\site-packages\distributed\core.py", line 1429, in _connect
    comm = await connect(
           ^^^^^^^^^^^^^^
    ...<4 lines>...
    )
    ^
  File "c:\Users\mtt1e23\OneDrive - University of Southampton\Documents\python-PIVTOOLs\env\Lib\site-packages\distributed\comm\core.py", line 342, in connect
    comm = await wait_for(
           ^^^^^^^^^^^^^^^
    ...<2 lines>...
    )
    ^
  File "c:\Users\mtt1e23\OneDrive - University of Southampton\Documents\python-PIVTOOLs\env\Lib\site-packages\distributed\utils.py", line 1923, in wait_for
    return await fut
           ^^^^^^^^^
  File "c:\Users\mtt1e23\OneDrive - University of Southampton\Documents\python-PIVTOOLs\env\Lib\site-packages\distributed\comm\tcp.py", line 547, in connect
    stream = await self.client.connect(
             ^^^^^^^^^^^^^^^^^^^^^^^^^^
        ip, port, max_buffer_size=MAX_BUFFER_SIZE, **kwargs
        ^^^^^^^^^^^^^^^^^^^^^^^^^^^^^^^^^^^^^^^^^^^^^^^^^^^
    )
    ^
  File "c:\Users\mtt1e23\OneDrive - University of Southampton\Documents\python-PIVTOOLs\env\Lib\site-packages\tornado\tcpclient.py", line 279, in connect
    af, addr, stream = await connector.start(connect_timeout=timeout)
                       ^^^^^^^^^^^^^^^^^^^^^^^^^^^^^^^^^^^^^^^^^^^^^^
asyncio.exceptions.CancelledError

The above exception was the direct cause of the following exception:

Traceback (most recent call last):
  File "c:\Users\mtt1e23\OneDrive - University of Southampton\Documents\python-PIVTOOLs\env\Lib\site-packages\distributed\core.py", line 1476, in connect
    async with asyncio.timeout(math.inf) as scope:
               ~~~~~~~~~~~~~~~^^^^^^^^^^
  File "C:\Python313\Lib\asyncio\timeouts.py", line 116, in __aexit__
    raise TimeoutError from exc_val
TimeoutError

During handling of the above exception, another exception occurred:

Traceback (most recent call last):
  File "c:\Users\mtt1e23\OneDrive - University of Southampton\Documents\python-PIVTOOLs\env\Lib\site-packages\distributed\worker.py", line 2073, in gather_dep
    response = await get_data_from_worker(
               ^^^^^^^^^^^^^^^^^^^^^^^^^^^
        rpc=self.rpc, keys=to_gather, worker=worker, who=self.address
        ^^^^^^^^^^^^^^^^^^^^^^^^^^^^^^^^^^^^^^^^^^^^^^^^^^^^^^^^^^^^^
    )
    ^
  File "c:\Users\mtt1e23\OneDrive - University of Southampton\Documents\python-PIVTOOLs\env\Lib\site-packages\distributed\worker.py", line 2876, in get_data_from_worker
    comm = await rpc.connect(worker)
           ^^^^^^^^^^^^^^^^^^^^^^^^^
  File "c:\Users\mtt1e23\OneDrive - University of Southampton\Documents\python-PIVTOOLs\env\Lib\site-packages\distributed\core.py", line 1497, in connect
    raise CommClosedError(reason)
distributed.comm.core.CommClosedError: Address removed.
2025-11-03 15:30:57,087 - distributed.scheduler - ERROR - Task getitem-rechunk-merge-finalize-hlgfinalizecompute-00eb19ce7dd74884aaab7d582ccd0685 marked as failed because 4 workers died while trying to run it
2025-11-03 15:30:57,087 - distributed.scheduler - WARNING - Removing worker 'tcp://127.0.0.1:50088' caused the cluster to lose already computed task(s), which will be recomputed elsewhere: {('stack-2eb85d96b2c57f19f5c45fe8bf3c4979', 89, 0, 0, 0), ('stack-2eb85d96b2c57f19f5c45fe8bf3c4979', 53, 0, 0, 0), ('stack-2eb85d96b2c57f19f5c45fe8bf3c4979', 55, 0, 0, 0), ('stack-2eb85d96b2c57f19f5c45fe8bf3c4979', 90, 0, 0, 0)} (stimulus_id='nanny-close-1762183856.8910298')
2025-11-03 15:30:57,089 - distributed.scheduler - ERROR - Task getitem-rechunk-merge-finalize-hlgfinalizecompute-b357529d1084472a937ec05293fc6fe7 marked as failed because 4 workers died while trying to run it
2025-11-03 15:30:57,089 - distributed.scheduler - ERROR - Task getitem-rechunk-merge-finalize-hlgfinalizecompute-75016dad6a284074bada70b64009719a marked as failed because 4 workers died while trying to run it
2025-11-03 15:30:57,090 - distributed.scheduler - WARNING - Removing worker 'tcp://127.0.0.1:52350' caused the cluster to lose already computed task(s), which will be recomputed elsewhere: {('stack-2eb85d96b2c57f19f5c45fe8bf3c4979', 92, 0, 0, 0), ('stack-2eb85d96b2c57f19f5c45fe8bf3c4979', 75, 0, 0, 0)} (stimulus_id='nanny-close-1762183856.8255286')
2025-11-03 15:30:57,147 - distributed.scheduler - ERROR - Task getitem-rechunk-merge-finalize-hlgfinalizecompute-3fff19347fe942a4aaca048f12389e6e marked as failed because 4 workers died while trying to run it
2025-11-03 15:30:57,147 - distributed.scheduler - WARNING - Removing worker 'tcp://127.0.0.1:50082' caused the cluster to lose already computed task(s), which will be recomputed elsewhere: {('stack-2eb85d96b2c57f19f5c45fe8bf3c4979', 85, 0, 0, 0), ('stack-2eb85d96b2c57f19f5c45fe8bf3c4979', 71, 0, 0, 0), ('stack-2eb85d96b2c57f19f5c45fe8bf3c4979', 80, 0, 0, 0), ('stack-2eb85d96b2c57f19f5c45fe8bf3c4979', 72, 0, 0, 0)} (stimulus_id='send-all-comm-fail-1762183857.0887165')
2025-11-03 15:30:57,150 - distributed.nanny - WARNING - Restarting worker
2025-11-03 15:30:57,247 [ERROR] PIV processing failed: Attempted to run task 'getitem-rechunk-merge-finalize-hlgfinalizecompute-00eb19ce7dd74884aaab7d582ccd0685' on 4 different workers, but all those workers died while running it. The last worker that attempt to run the task was tcp://127.0.0.1:50088. Inspecting worker logs is often a good next step to diagnose what went wrong. For more information see https://distributed.dask.org/en/stable/killed.html.
2025-11-03 15:30:57,248 [ERROR] PIV processing failed: Attempted to run task 'getitem-rechunk-merge-finalize-hlgfinalizecompute-75016dad6a284074bada70b64009719a' on 4 different workers, but all those workers died while running it. The last worker that attempt to run the task was tcp://127.0.0.1:52350. Inspecting worker logs is often a good next step to diagnose what went wrong. For more information see https://distributed.dask.org/en/stable/killed.html.
2025-11-03 15:30:57,249 - distributed.worker - ERROR - Worker stream died during communication: tcp://127.0.0.1:50088
Traceback (most recent call last):
  File "c:\Users\mtt1e23\OneDrive - University of Southampton\Documents\python-PIVTOOLs\env\Lib\site-packages\distributed\core.py", line 1485, in connect
    return await self._connect(addr=addr, timeout=timeout)
           ^^^^^^^^^^^^^^^^^^^^^^^^^^^^^^^^^^^^^^^^^^^^^^^
  File "c:\Users\mtt1e23\OneDrive - University of Southampton\Documents\python-PIVTOOLs\env\Lib\site-packages\distributed\core.py", line 1429, in _connect
    comm = await connect(
           ^^^^^^^^^^^^^^
    ...<4 lines>...
    )
    ^
  File "c:\Users\mtt1e23\OneDrive - University of Southampton\Documents\python-PIVTOOLs\env\Lib\site-packages\distributed\comm\core.py", line 342, in connect
    comm = await wait_for(
           ^^^^^^^^^^^^^^^
    ...<2 lines>...
    )
    ^
  File "c:\Users\mtt1e23\OneDrive - University of Southampton\Documents\python-PIVTOOLs\env\Lib\site-packages\distributed\utils.py", line 1923, in wait_for
    return await fut
           ^^^^^^^^^
  File "c:\Users\mtt1e23\OneDrive - University of Southampton\Documents\python-PIVTOOLs\env\Lib\site-packages\distributed\comm\tcp.py", line 547, in connect
    stream = await self.client.connect(
             ^^^^^^^^^^^^^^^^^^^^^^^^^^
        ip, port, max_buffer_size=MAX_BUFFER_SIZE, **kwargs
        ^^^^^^^^^^^^^^^^^^^^^^^^^^^^^^^^^^^^^^^^^^^^^^^^^^^
    )
    ^
  File "c:\Users\mtt1e23\OneDrive - University of Southampton\Documents\python-PIVTOOLs\env\Lib\site-packages\tornado\tcpclient.py", line 279, in connect
    af, addr, stream = await connector.start(connect_timeout=timeout)
                       ^^^^^^^^^^^^^^^^^^^^^^^^^^^^^^^^^^^^^^^^^^^^^^
asyncio.exceptions.CancelledError

The above exception was the direct cause of the following exception:

Traceback (most recent call last):
  File "c:\Users\mtt1e23\OneDrive - University of Southampton\Documents\python-PIVTOOLs\env\Lib\site-packages\distributed\core.py", line 1476, in connect
    async with asyncio.timeout(math.inf) as scope:
               ~~~~~~~~~~~~~~~^^^^^^^^^^
  File "C:\Python313\Lib\asyncio\timeouts.py", line 116, in __aexit__
    raise TimeoutError from exc_val
TimeoutError

During handling of the above exception, another exception occurred:

Traceback (most recent call last):
  File "c:\Users\mtt1e23\OneDrive - University of Southampton\Documents\python-PIVTOOLs\env\Lib\site-packages\distributed\worker.py", line 2073, in gather_dep
    response = await get_data_from_worker(
               ^^^^^^^^^^^^^^^^^^^^^^^^^^^
        rpc=self.rpc, keys=to_gather, worker=worker, who=self.address
        ^^^^^^^^^^^^^^^^^^^^^^^^^^^^^^^^^^^^^^^^^^^^^^^^^^^^^^^^^^^^^
    )
    ^
  File "c:\Users\mtt1e23\OneDrive - University of Southampton\Documents\python-PIVTOOLs\env\Lib\site-packages\distributed\worker.py", line 2876, in get_data_from_worker
    comm = await rpc.connect(worker)
           ^^^^^^^^^^^^^^^^^^^^^^^^^
  File "c:\Users\mtt1e23\OneDrive - University of Southampton\Documents\python-PIVTOOLs\env\Lib\site-packages\distributed\core.py", line 1497, in connect
    raise CommClosedError(reason)
distributed.comm.core.CommClosedError: Address removed.
2025-11-03 15:30:57,251 - distributed.worker - ERROR - Worker stream died during communication: tcp://127.0.0.1:52350
Traceback (most recent call last):
  File "c:\Users\mtt1e23\OneDrive - University of Southampton\Documents\python-PIVTOOLs\env\Lib\site-packages\distributed\core.py", line 1485, in connect
    return await self._connect(addr=addr, timeout=timeout)
           ^^^^^^^^^^^^^^^^^^^^^^^^^^^^^^^^^^^^^^^^^^^^^^^
  File "c:\Users\mtt1e23\OneDrive - University of Southampton\Documents\python-PIVTOOLs\env\Lib\site-packages\distributed\core.py", line 1429, in _connect
    comm = await connect(
           ^^^^^^^^^^^^^^
    ...<4 lines>...
    )
    ^
  File "c:\Users\mtt1e23\OneDrive - University of Southampton\Documents\python-PIVTOOLs\env\Lib\site-packages\distributed\comm\core.py", line 342, in connect
    comm = await wait_for(
           ^^^^^^^^^^^^^^^
    ...<2 lines>...
    )
    ^
  File "c:\Users\mtt1e23\OneDrive - University of Southampton\Documents\python-PIVTOOLs\env\Lib\site-packages\distributed\utils.py", line 1923, in wait_for
    return await fut
           ^^^^^^^^^
  File "c:\Users\mtt1e23\OneDrive - University of Southampton\Documents\python-PIVTOOLs\env\Lib\site-packages\distributed\comm\tcp.py", line 547, in connect
    stream = await self.client.connect(
             ^^^^^^^^^^^^^^^^^^^^^^^^^^
        ip, port, max_buffer_size=MAX_BUFFER_SIZE, **kwargs
        ^^^^^^^^^^^^^^^^^^^^^^^^^^^^^^^^^^^^^^^^^^^^^^^^^^^
    )
    ^
  File "c:\Users\mtt1e23\OneDrive - University of Southampton\Documents\python-PIVTOOLs\env\Lib\site-packages\tornado\tcpclient.py", line 279, in connect
    af, addr, stream = await connector.start(connect_timeout=timeout)
                       ^^^^^^^^^^^^^^^^^^^^^^^^^^^^^^^^^^^^^^^^^^^^^^
asyncio.exceptions.CancelledError

The above exception was the direct cause of the following exception:

Traceback (most recent call last):
  File "c:\Users\mtt1e23\OneDrive - University of Southampton\Documents\python-PIVTOOLs\env\Lib\site-packages\distributed\core.py", line 1476, in connect
    async with asyncio.timeout(math.inf) as scope:
               ~~~~~~~~~~~~~~~^^^^^^^^^^
  File "C:\Python313\Lib\asyncio\timeouts.py", line 116, in __aexit__
    raise TimeoutError from exc_val
TimeoutError

During handling of the above exception, another exception occurred:

Traceback (most recent call last):
  File "c:\Users\mtt1e23\OneDrive - University of Southampton\Documents\python-PIVTOOLs\env\Lib\site-packages\distributed\worker.py", line 2073, in gather_dep
    response = await get_data_from_worker(
               ^^^^^^^^^^^^^^^^^^^^^^^^^^^
        rpc=self.rpc, keys=to_gather, worker=worker, who=self.address
        ^^^^^^^^^^^^^^^^^^^^^^^^^^^^^^^^^^^^^^^^^^^^^^^^^^^^^^^^^^^^^
    )
    ^
  File "c:\Users\mtt1e23\OneDrive - University of Southampton\Documents\python-PIVTOOLs\env\Lib\site-packages\distributed\worker.py", line 2876, in get_data_from_worker
    comm = await rpc.connect(worker)
           ^^^^^^^^^^^^^^^^^^^^^^^^^
  File "c:\Users\mtt1e23\OneDrive - University of Southampton\Documents\python-PIVTOOLs\env\Lib\site-packages\distributed\core.py", line 1497, in connect
    raise CommClosedError(reason)
distributed.comm.core.CommClosedError: Address removed.
2025-11-03 15:30:57,265 - distributed.nanny - WARNING - Restarting worker
2025-11-03 15:30:57,272 - distributed.nanny - WARNING - Restarting worker
2025-11-03 15:30:57,311 - distributed.nanny - WARNING - Restarting worker
2025-11-03 15:30:57,312 [ERROR] PIV processing failed: Attempted to run task 'getitem-rechunk-merge-finalize-hlgfinalizecompute-b357529d1084472a937ec05293fc6fe7' on 4 different workers, but all those workers died while running it. The last worker that attempt to run the task was tcp://127.0.0.1:52350. Inspecting worker logs is often a good next step to diagnose what went wrong. For more information see https://distributed.dask.org/en/stable/killed.html.
2025-11-03 15:30:57,433 [ERROR] PIV processing failed: Attempted to run task 'getitem-rechunk-merge-finalize-hlgfinalizecompute-3fff19347fe942a4aaca048f12389e6e' on 4 different workers, but all those workers died while running it. The last worker that attempt to run the task was tcp://127.0.0.1:50082. Inspecting worker logs is often a good next step to diagnose what went wrong. For more information see https://distributed.dask.org/en/stable/killed.html.
2025-11-03 15:30:57,450 [WARNING] PIVResult has no passes for frame 12. Skipping save.
2025-11-03 15:30:57,453 [WARNING] PIVResult has no passes for frame 47. Skipping save.
2025-11-03 15:30:57,545 [WARNING] PIVResult has no passes for frame 35. Skipping save.
2025-11-03 15:30:57,745 - distributed.worker.memory - WARNING - Worker is at 85% memory usage. Pausing worker.  Process memory: 2.28 GiB -- Worker memory limit: 2.66 GiB
2025-11-03 15:30:57,766 - distributed.worker.memory - WARNING - Worker is at 81% memory usage. Pausing worker.  Process memory: 2.17 GiB -- Worker memory limit: 2.66 GiB
2025-11-03 15:30:57,943 - distributed.worker.memory - WARNING - Worker is at 81% memory usage. Pausing worker.  Process memory: 2.17 GiB -- Worker memory limit: 2.66 GiB
2025-11-03 15:30:57,944 - distributed.worker.memory - WARNING - Worker is at 82% memory usage. Pausing worker.  Process memory: 2.19 GiB -- Worker memory limit: 2.66 GiB
2025-11-03 15:30:57,959 - distributed.nanny.memory - WARNING - Worker tcp://127.0.0.1:50106 (pid=28552) exceeded 95% memory budget. Restarting...
2025-11-03 15:30:57,963 - distributed.worker.memory - WARNING - Worker is at 81% memory usage. Pausing worker.  Process memory: 2.18 GiB -- Worker memory limit: 2.66 GiB
2025-11-03 15:30:57,968 - distributed.worker.memory - WARNING - Worker is at 85% memory usage. Pausing worker.  Process memory: 2.27 GiB -- Worker memory limit: 2.66 GiB
2025-11-03 15:30:58,064 - distributed.nanny.memory - WARNING - Worker tcp://127.0.0.1:50114 (pid=10920) exceeded 95% memory budget. Restarting...
2025-11-03 15:30:58,065 - distributed.nanny.memory - WARNING - Worker tcp://127.0.0.1:50106 (pid=28552) is slow to terminate; trying again
2025-11-03 15:30:58,126 - distributed.scheduler - ERROR - Task getitem-rechunk-merge-finalize-hlgfinalizecompute-3a94ac739ef343978ccc84b86ff73f73 marked as failed because 4 workers died while trying to run it
2025-11-03 15:30:58,126 - distributed.scheduler - WARNING - Removing worker 'tcp://127.0.0.1:50106' caused the cluster to lose already computed task(s), which will be recomputed elsewhere: {('stack-2eb85d96b2c57f19f5c45fe8bf3c4979', 79, 0, 0, 0), ('stack-2eb85d96b2c57f19f5c45fe8bf3c4979', 65, 0, 0, 0), ('stack-2eb85d96b2c57f19f5c45fe8bf3c4979', 77, 0, 0, 0), ('stack-2eb85d96b2c57f19f5c45fe8bf3c4979', 98, 0, 0, 0), ('stack-2eb85d96b2c57f19f5c45fe8bf3c4979', 83, 0, 0, 0)} (stimulus_id='handle-worker-cleanup-1762183858.125622')
2025-11-03 15:30:58,211 - distributed.nanny.memory - WARNING - Worker tcp://127.0.0.1:50099 (pid=13012) exceeded 95% memory budget. Restarting...
2025-11-03 15:30:58,231 - distributed.nanny.memory - WARNING - Worker tcp://127.0.0.1:50083 (pid=18508) exceeded 95% memory budget. Restarting...
2025-11-03 15:30:58,275 - distributed.nanny.memory - WARNING - Worker tcp://127.0.0.1:50107 (pid=22468) exceeded 95% memory budget. Restarting...
2025-11-03 15:30:58,285 - distributed.nanny.memory - WARNING - Worker tcp://127.0.0.1:50101 (pid=8248) exceeded 95% memory budget. Restarting...
2025-11-03 15:30:58,288 [WARNING] PIVResult has no passes for frame 7. Skipping save.
2025-11-03 15:30:58,303 [ERROR] PIV processing failed: Attempted to run task 'getitem-rechunk-merge-finalize-hlgfinalizecompute-3a94ac739ef343978ccc84b86ff73f73' on 4 different workers, but all those workers died while running it. The last worker that attempt to run the task was tcp://127.0.0.1:50106. Inspecting worker logs is often a good next step to diagnose what went wrong. For more information see https://distributed.dask.org/en/stable/killed.html.
2025-11-03 15:30:58,347 - distributed.scheduler - ERROR - Task getitem-rechunk-merge-finalize-hlgfinalizecompute-35a26a06674a42e186335bc030244b01 marked as failed because 4 workers died while trying to run it
2025-11-03 15:30:58,348 - distributed.scheduler - ERROR - Task getitem-rechunk-merge-finalize-hlgfinalizecompute-3b25b3b3ad244477b772fe9dbb861cc2 marked as failed because 4 workers died while trying to run it
2025-11-03 15:30:58,348 - distributed.scheduler - WARNING - Removing worker 'tcp://127.0.0.1:50101' caused the cluster to lose already computed task(s), which will be recomputed elsewhere: {('stack-2eb85d96b2c57f19f5c45fe8bf3c4979', 70, 0, 0, 0), ('stack-2eb85d96b2c57f19f5c45fe8bf3c4979', 74, 0, 0, 0), ('stack-2eb85d96b2c57f19f5c45fe8bf3c4979', 81, 0, 0, 0), ('stack-2eb85d96b2c57f19f5c45fe8bf3c4979', 94, 0, 0, 0), ('stack-2eb85d96b2c57f19f5c45fe8bf3c4979', 58, 0, 0, 0)} (stimulus_id='handle-worker-cleanup-1762183858.3476503')
2025-11-03 15:30:58,352 - distributed.scheduler - WARNING - Removing worker 'tcp://127.0.0.1:50099' caused the cluster to lose already computed task(s), which will be recomputed elsewhere: {('stack-2eb85d96b2c57f19f5c45fe8bf3c4979', 73, 0, 0, 0), ('stack-2eb85d96b2c57f19f5c45fe8bf3c4979', 84, 0, 0, 0), ('stack-2eb85d96b2c57f19f5c45fe8bf3c4979', 54, 0, 0, 0), ('stack-2eb85d96b2c57f19f5c45fe8bf3c4979', 59, 0, 0, 0), ('stack-2eb85d96b2c57f19f5c45fe8bf3c4979', 63, 0, 0, 0)} (stimulus_id='worker-send-comm-fail-1762183858.3488612')
2025-11-03 15:30:58,353 - distributed.scheduler - WARNING - Removing worker 'tcp://127.0.0.1:50114' caused the cluster to lose already computed task(s), which will be recomputed elsewhere: {('stack-2eb85d96b2c57f19f5c45fe8bf3c4979', 68, 0, 0, 0), ('stack-2eb85d96b2c57f19f5c45fe8bf3c4979', 96, 0, 0, 0), ('stack-2eb85d96b2c57f19f5c45fe8bf3c4979', 97, 0, 0, 0), ('stack-2eb85d96b2c57f19f5c45fe8bf3c4979', 60, 0, 0, 0)} (stimulus_id='worker-send-comm-fail-1762183858.348876')
2025-11-03 15:30:58,420 [ERROR] PIV processing failed: Attempted to run task 'getitem-rechunk-merge-finalize-hlgfinalizecompute-3b25b3b3ad244477b772fe9dbb861cc2' on 4 different workers, but all those workers died while running it. The last worker that attempt to run the task was tcp://127.0.0.1:50101. Inspecting worker logs is often a good next step to diagnose what went wrong. For more information see https://distributed.dask.org/en/stable/killed.html.
2025-11-03 15:30:58,421 [ERROR] PIV processing failed: Attempted to run task 'getitem-rechunk-merge-finalize-hlgfinalizecompute-35a26a06674a42e186335bc030244b01' on 4 different workers, but all those workers died while running it. The last worker that attempt to run the task was tcp://127.0.0.1:50101. Inspecting worker logs is often a good next step to diagnose what went wrong. For more information see https://distributed.dask.org/en/stable/killed.html.
2025-11-03 15:30:58,499 - distributed.worker - ERROR - Worker stream died during communication: tcp://127.0.0.1:50114
Traceback (most recent call last):
  File "c:\Users\mtt1e23\OneDrive - University of Southampton\Documents\python-PIVTOOLs\env\Lib\site-packages\distributed\core.py", line 1485, in connect
    return await self._connect(addr=addr, timeout=timeout)
           ^^^^^^^^^^^^^^^^^^^^^^^^^^^^^^^^^^^^^^^^^^^^^^^
  File "c:\Users\mtt1e23\OneDrive - University of Southampton\Documents\python-PIVTOOLs\env\Lib\site-packages\distributed\core.py", line 1429, in _connect
    comm = await connect(
           ^^^^^^^^^^^^^^
    ...<4 lines>...
    )
    ^
  File "c:\Users\mtt1e23\OneDrive - University of Southampton\Documents\python-PIVTOOLs\env\Lib\site-packages\distributed\comm\core.py", line 342, in connect
    comm = await wait_for(
           ^^^^^^^^^^^^^^^
    ...<2 lines>...
    )
    ^
  File "c:\Users\mtt1e23\OneDrive - University of Southampton\Documents\python-PIVTOOLs\env\Lib\site-packages\distributed\utils.py", line 1923, in wait_for
    return await fut
           ^^^^^^^^^
  File "c:\Users\mtt1e23\OneDrive - University of Southampton\Documents\python-PIVTOOLs\env\Lib\site-packages\distributed\comm\tcp.py", line 547, in connect
    stream = await self.client.connect(
             ^^^^^^^^^^^^^^^^^^^^^^^^^^
        ip, port, max_buffer_size=MAX_BUFFER_SIZE, **kwargs
        ^^^^^^^^^^^^^^^^^^^^^^^^^^^^^^^^^^^^^^^^^^^^^^^^^^^
    )
    ^
  File "c:\Users\mtt1e23\OneDrive - University of Southampton\Documents\python-PIVTOOLs\env\Lib\site-packages\tornado\tcpclient.py", line 279, in connect
    af, addr, stream = await connector.start(connect_timeout=timeout)
                       ^^^^^^^^^^^^^^^^^^^^^^^^^^^^^^^^^^^^^^^^^^^^^^
asyncio.exceptions.CancelledError

The above exception was the direct cause of the following exception:

Traceback (most recent call last):
  File "c:\Users\mtt1e23\OneDrive - University of Southampton\Documents\python-PIVTOOLs\env\Lib\site-packages\distributed\core.py", line 1476, in connect
    async with asyncio.timeout(math.inf) as scope:
               ~~~~~~~~~~~~~~~^^^^^^^^^^
  File "C:\Python313\Lib\asyncio\timeouts.py", line 116, in __aexit__
    raise TimeoutError from exc_val
TimeoutError

During handling of the above exception, another exception occurred:

Traceback (most recent call last):
  File "c:\Users\mtt1e23\OneDrive - University of Southampton\Documents\python-PIVTOOLs\env\Lib\site-packages\distributed\worker.py", line 2073, in gather_dep
    response = await get_data_from_worker(
               ^^^^^^^^^^^^^^^^^^^^^^^^^^^
        rpc=self.rpc, keys=to_gather, worker=worker, who=self.address
        ^^^^^^^^^^^^^^^^^^^^^^^^^^^^^^^^^^^^^^^^^^^^^^^^^^^^^^^^^^^^^
    )
    ^
  File "c:\Users\mtt1e23\OneDrive - University of Southampton\Documents\python-PIVTOOLs\env\Lib\site-packages\distributed\worker.py", line 2876, in get_data_from_worker
    comm = await rpc.connect(worker)
           ^^^^^^^^^^^^^^^^^^^^^^^^^
  File "c:\Users\mtt1e23\OneDrive - University of Southampton\Documents\python-PIVTOOLs\env\Lib\site-packages\distributed\core.py", line 1497, in connect
    raise CommClosedError(reason)
distributed.comm.core.CommClosedError: Address removed.
2025-11-03 15:30:58,570 - distributed.scheduler - ERROR - Task getitem-rechunk-merge-finalize-hlgfinalizecompute-6a28aa87783845b3a07fa83163df7f01 marked as failed because 4 workers died while trying to run it
2025-11-03 15:30:58,570 - distributed.scheduler - ERROR - Task getitem-rechunk-merge-finalize-hlgfinalizecompute-afe9474b915e405898941fd515e25c59 marked as failed because 4 workers died while trying to run it
2025-11-03 15:30:58,571 - distributed.scheduler - WARNING - Removing worker 'tcp://127.0.0.1:50083' caused the cluster to lose already computed task(s), which will be recomputed elsewhere: {('stack-2eb85d96b2c57f19f5c45fe8bf3c4979', 82, 0, 0, 0), ('stack-2eb85d96b2c57f19f5c45fe8bf3c4979', 62, 0, 0, 0), ('stack-2eb85d96b2c57f19f5c45fe8bf3c4979', 57, 0, 0, 0), ('stack-2eb85d96b2c57f19f5c45fe8bf3c4979', 50, 0, 0, 0), ('stack-2eb85d96b2c57f19f5c45fe8bf3c4979', 91, 0, 0, 0)} (stimulus_id='handle-worker-cleanup-1762183858.570179')
2025-11-03 15:30:58,572 - distributed.scheduler - ERROR - Task getitem-rechunk-merge-finalize-hlgfinalizecompute-5678cc75de294628bcd3a85577f6a813 marked as failed because 4 workers died while trying to run it
2025-11-03 15:30:58,572 - distributed.scheduler - WARNING - Removing worker 'tcp://127.0.0.1:50107' caused the cluster to lose already computed task(s), which will be recomputed elsewhere: {('stack-2eb85d96b2c57f19f5c45fe8bf3c4979', 78, 0, 0, 0), ('stack-2eb85d96b2c57f19f5c45fe8bf3c4979', 64, 0, 0, 0), ('stack-2eb85d96b2c57f19f5c45fe8bf3c4979', 76, 0, 0, 0), ('stack-2eb85d96b2c57f19f5c45fe8bf3c4979', 88, 0, 0, 0), ('stack-2eb85d96b2c57f19f5c45fe8bf3c4979', 66, 0, 0, 0)} (stimulus_id='handle-worker-cleanup-1762183858.5719523')
2025-11-03 15:30:58,858 - distributed.worker - ERROR - Worker stream died during communication: tcp://127.0.0.1:50099
Traceback (most recent call last):
  File "c:\Users\mtt1e23\OneDrive - University of Southampton\Documents\python-PIVTOOLs\env\Lib\site-packages\distributed\core.py", line 1485, in connect
    return await self._connect(addr=addr, timeout=timeout)
           ^^^^^^^^^^^^^^^^^^^^^^^^^^^^^^^^^^^^^^^^^^^^^^^
  File "c:\Users\mtt1e23\OneDrive - University of Southampton\Documents\python-PIVTOOLs\env\Lib\site-packages\distributed\core.py", line 1429, in _connect
    comm = await connect(
           ^^^^^^^^^^^^^^
    ...<4 lines>...
    )
    ^
  File "c:\Users\mtt1e23\OneDrive - University of Southampton\Documents\python-PIVTOOLs\env\Lib\site-packages\distributed\comm\core.py", line 342, in connect
    comm = await wait_for(
           ^^^^^^^^^^^^^^^
    ...<2 lines>...
    )
    ^
  File "c:\Users\mtt1e23\OneDrive - University of Southampton\Documents\python-PIVTOOLs\env\Lib\site-packages\distributed\utils.py", line 1923, in wait_for
    return await fut
           ^^^^^^^^^
  File "c:\Users\mtt1e23\OneDrive - University of Southampton\Documents\python-PIVTOOLs\env\Lib\site-packages\distributed\comm\tcp.py", line 547, in connect
    stream = await self.client.connect(
             ^^^^^^^^^^^^^^^^^^^^^^^^^^
        ip, port, max_buffer_size=MAX_BUFFER_SIZE, **kwargs
        ^^^^^^^^^^^^^^^^^^^^^^^^^^^^^^^^^^^^^^^^^^^^^^^^^^^
    )
    ^
  File "c:\Users\mtt1e23\OneDrive - University of Southampton\Documents\python-PIVTOOLs\env\Lib\site-packages\tornado\tcpclient.py", line 279, in connect
    af, addr, stream = await connector.start(connect_timeout=timeout)
                       ^^^^^^^^^^^^^^^^^^^^^^^^^^^^^^^^^^^^^^^^^^^^^^
asyncio.exceptions.CancelledError

The above exception was the direct cause of the following exception:

Traceback (most recent call last):
  File "c:\Users\mtt1e23\OneDrive - University of Southampton\Documents\python-PIVTOOLs\env\Lib\site-packages\distributed\core.py", line 1476, in connect
    async with asyncio.timeout(math.inf) as scope:
               ~~~~~~~~~~~~~~~^^^^^^^^^^
  File "C:\Python313\Lib\asyncio\timeouts.py", line 116, in __aexit__
    raise TimeoutError from exc_val
TimeoutError

During handling of the above exception, another exception occurred:

Traceback (most recent call last):
  File "c:\Users\mtt1e23\OneDrive - University of Southampton\Documents\python-PIVTOOLs\env\Lib\site-packages\distributed\worker.py", line 2073, in gather_dep
    response = await get_data_from_worker(
               ^^^^^^^^^^^^^^^^^^^^^^^^^^^
        rpc=self.rpc, keys=to_gather, worker=worker, who=self.address
        ^^^^^^^^^^^^^^^^^^^^^^^^^^^^^^^^^^^^^^^^^^^^^^^^^^^^^^^^^^^^^
    )
    ^
  File "c:\Users\mtt1e23\OneDrive - University of Southampton\Documents\python-PIVTOOLs\env\Lib\site-packages\distributed\worker.py", line 2876, in get_data_from_worker
    comm = await rpc.connect(worker)
           ^^^^^^^^^^^^^^^^^^^^^^^^^
  File "c:\Users\mtt1e23\OneDrive - University of Southampton\Documents\python-PIVTOOLs\env\Lib\site-packages\distributed\core.py", line 1497, in connect
    raise CommClosedError(reason)
distributed.comm.core.CommClosedError: Address removed.
2025-11-03 15:30:58,915 [ERROR] PIV processing failed: Attempted to run task 'getitem-rechunk-merge-finalize-hlgfinalizecompute-5678cc75de294628bcd3a85577f6a813' on 4 different workers, but all those workers died while running it. The last worker that attempt to run the task was tcp://127.0.0.1:50107. Inspecting worker logs is often a good next step to diagnose what went wrong. For more information see https://distributed.dask.org/en/stable/killed.html.
2025-11-03 15:30:58,972 [WARNING] PIVResult has no passes for frame 46. Skipping save.
2025-11-03 15:30:59,003 - distributed.worker.memory - WARNING - Worker is at 85% memory usage. Pausing worker.  Process memory: 2.28 GiB -- Worker memory limit: 2.66 GiB
2025-11-03 15:30:59,066 [WARNING] PIVResult has no passes for frame 28. Skipping save.
2025-11-03 15:30:59,067 [ERROR] PIV processing failed: Attempted to run task 'getitem-rechunk-merge-finalize-hlgfinalizecompute-6a28aa87783845b3a07fa83163df7f01' on 4 different workers, but all those workers died while running it. The last worker that attempt to run the task was tcp://127.0.0.1:50083. Inspecting worker logs is often a good next step to diagnose what went wrong. For more information see https://distributed.dask.org/en/stable/killed.html.
2025-11-03 15:30:59,067 [WARNING] PIVResult has no passes for frame 13. Skipping save.
2025-11-03 15:30:59,068 [ERROR] PIV processing failed: Attempted to run task 'getitem-rechunk-merge-finalize-hlgfinalizecompute-afe9474b915e405898941fd515e25c59' on 4 different workers, but all those workers died while running it. The last worker that attempt to run the task was tcp://127.0.0.1:50083. Inspecting worker logs is often a good next step to diagnose what went wrong. For more information see https://distributed.dask.org/en/stable/killed.html.
2025-11-03 15:30:59,073 - distributed.nanny - WARNING - Restarting worker
2025-11-03 15:30:59,077 - distributed.nanny - WARNING - Restarting worker
2025-11-03 15:30:59,136 - distributed.nanny.memory - WARNING - Worker tcp://127.0.0.1:52902 (pid=23652) exceeded 95% memory budget. Restarting...
2025-11-03 15:30:59,183 - distributed.nanny - WARNING - Restarting worker
2025-11-03 15:30:59,185 - distributed.nanny - WARNING - Restarting worker
2025-11-03 15:30:59,187 - distributed.nanny - WARNING - Restarting worker
2025-11-03 15:30:59,189 - distributed.nanny - WARNING - Restarting worker
2025-11-03 15:30:59,284 - distributed.scheduler - ERROR - Task getitem-rechunk-merge-finalize-hlgfinalizecompute-4142390258a64fe896a8ca83be9b13b4 marked as failed because 4 workers died while trying to run it
2025-11-03 15:30:59,284 - distributed.scheduler - WARNING - Removing worker 'tcp://127.0.0.1:52902' caused the cluster to lose already computed task(s), which will be recomputed elsewhere: {('stack-2eb85d96b2c57f19f5c45fe8bf3c4979', 51, 0, 0, 0), ('stack-2eb85d96b2c57f19f5c45fe8bf3c4979', 56, 0, 0, 0)} (stimulus_id='handle-worker-cleanup-1762183859.284295')
2025-11-03 15:30:59,295 [ERROR] PIV processing failed: Attempted to run task 'getitem-rechunk-merge-finalize-hlgfinalizecompute-4142390258a64fe896a8ca83be9b13b4' on 4 different workers, but all those workers died while running it. The last worker that attempt to run the task was tcp://127.0.0.1:52902. Inspecting worker logs is often a good next step to diagnose what went wrong. For more information see https://distributed.dask.org/en/stable/killed.html.
2025-11-03 15:30:59,308 [WARNING] PIVResult has no passes for frame 48. Skipping save.
2025-11-03 15:30:59,309 [WARNING] PIVResult has no passes for frame 29. Skipping save.
2025-11-03 15:30:59,310 [WARNING] PIVResult has no passes for frame 34. Skipping save.
2025-11-03 15:30:59,423 - distributed.worker.memory - WARNING - Worker is at 96% memory usage. Pausing worker.  Process memory: 2.58 GiB -- Worker memory limit: 2.66 GiB
2025-11-03 15:30:59,471 [WARNING] PIVResult has no passes for frame 18. Skipping save.
2025-11-03 15:30:59,516 - distributed.nanny.memory - WARNING - Worker tcp://127.0.0.1:52899 (pid=15456) exceeded 95% memory budget. Restarting...
2025-11-03 15:30:59,583 - distributed.nanny - WARNING - Restarting worker
2025-11-03 15:30:59,773 - distributed.scheduler - ERROR - Task getitem-rechunk-merge-finalize-hlgfinalizecompute-bfdb387e1beb4cae8af8ce6d30816e44 marked as failed because 4 workers died while trying to run it
2025-11-03 15:30:59,773 - distributed.scheduler - WARNING - Removing worker 'tcp://127.0.0.1:52899' caused the cluster to lose already computed task(s), which will be recomputed elsewhere: {('stack-2eb85d96b2c57f19f5c45fe8bf3c4979', 87, 0, 0, 0), ('from-value-read_pair-stack-2eb85d96b2c57f19f5c45fe8bf3c4979', 126, 0, 0, 0), ('stack-2eb85d96b2c57f19f5c45fe8bf3c4979', 52, 0, 0, 0), ('stack-2eb85d96b2c57f19f5c45fe8bf3c4979', 149, 0, 0, 0)} (stimulus_id='handle-worker-cleanup-1762183859.7732494')
2025-11-03 15:30:59,809 [ERROR] PIV processing failed: Attempted to run task 'getitem-rechunk-merge-finalize-hlgfinalizecompute-bfdb387e1beb4cae8af8ce6d30816e44' on 4 different workers, but all those workers died while running it. The last worker that attempt to run the task was tcp://127.0.0.1:52899. Inspecting worker logs is often a good next step to diagnose what went wrong. For more information see https://distributed.dask.org/en/stable/killed.html.
2025-11-03 15:30:59,827 - distributed.nanny - WARNING - Restarting worker
2025-11-03 15:30:59,931 [WARNING] PIVResult has no passes for frame 27. Skipping save.
2025-11-03 15:31:00,039 [INFO] Logging initialized. Level: INFO, File: pypiv.log
2025-11-03 15:31:00,073 [INFO] Logging initialized. Level: INFO, File: pypiv.log
2025-11-03 15:31:00,074 [INFO] Logging initialized. Level: INFO, File: pypiv.log
2025-11-03 15:31:00,086 [INFO] Logging initialized. Level: INFO, File: pypiv.log
2025-11-03 15:31:01,719 [INFO] Logging initialized. Level: INFO, File: pypiv.log
2025-11-03 15:31:01,780 [INFO] Logging initialized. Level: INFO, File: pypiv.log
2025-11-03 15:31:01,794 [INFO] Logging initialized. Level: INFO, File: pypiv.log
2025-11-03 15:31:01,806 [INFO] Logging initialized. Level: INFO, File: pypiv.log
2025-11-03 15:31:01,811 [INFO] Logging initialized. Level: INFO, File: pypiv.log
2025-11-03 15:31:01,811 [INFO] Logging initialized. Level: INFO, File: pypiv.log
2025-11-03 15:31:02,260 [INFO] Logging initialized. Level: INFO, File: pypiv.log
2025-11-03 15:31:02,463 [INFO] Logging initialized. Level: INFO, File: pypiv.log
2025-11-03 15:31:03,049 - distributed.worker.memory - WARNING - Worker is at 84% memory usage. Pausing worker.  Process memory: 2.24 GiB -- Worker memory limit: 2.66 GiB
2025-11-03 15:31:03,191 - distributed.nanny.memory - WARNING - Worker tcp://127.0.0.1:60068 (pid=29616) exceeded 95% memory budget. Restarting...
2025-11-03 15:31:03,191 - distributed.nanny.memory - WARNING - Worker tcp://127.0.0.1:60074 (pid=28864) exceeded 95% memory budget. Restarting...
2025-11-03 15:31:03,324 - distributed.scheduler - WARNING - Removing worker 'tcp://127.0.0.1:60074' caused the cluster to lose already computed task(s), which will be recomputed elsewhere: {('stack-2eb85d96b2c57f19f5c45fe8bf3c4979', 129, 0, 0, 0), ('stack-2eb85d96b2c57f19f5c45fe8bf3c4979', 149, 0, 0, 0), ('stack-2eb85d96b2c57f19f5c45fe8bf3c4979', 131, 0, 0, 0), ('stack-2eb85d96b2c57f19f5c45fe8bf3c4979', 99, 0, 0, 0)} (stimulus_id='handle-worker-cleanup-1762183863.3244767')
2025-11-03 15:31:03,339 - distributed.scheduler - ERROR - Task getitem-rechunk-merge-finalize-hlgfinalizecompute-5ffae127a2ac4b329d9a9d63b3528798 marked as failed because 4 workers died while trying to run it
2025-11-03 15:31:03,339 - distributed.scheduler - WARNING - Removing worker 'tcp://127.0.0.1:60068' caused the cluster to lose already computed task(s), which will be recomputed elsewhere: {('stack-2eb85d96b2c57f19f5c45fe8bf3c4979', 61, 0, 0, 0), ('stack-2eb85d96b2c57f19f5c45fe8bf3c4979', 52, 0, 0, 0), ('stack-2eb85d96b2c57f19f5c45fe8bf3c4979', 80, 0, 0, 0), ('stack-2eb85d96b2c57f19f5c45fe8bf3c4979', 146, 0, 0, 0)} (stimulus_id='handle-worker-cleanup-1762183863.339229')
2025-11-03 15:31:03,481 [ERROR] PIV processing failed: Attempted to run task 'getitem-rechunk-merge-finalize-hlgfinalizecompute-5ffae127a2ac4b329d9a9d63b3528798' on 4 different workers, but all those workers died while running it. The last worker that attempt to run the task was tcp://127.0.0.1:60068. Inspecting worker logs is often a good next step to diagnose what went wrong. For more information see https://distributed.dask.org/en/stable/killed.html.
2025-11-03 15:31:03,548 - distributed.worker.memory - WARNING - Worker is at 85% memory usage. Pausing worker.  Process memory: 2.28 GiB -- Worker memory limit: 2.66 GiB
2025-11-03 15:31:03,577 [WARNING] PIVResult has no passes for frame 39. Skipping save.
2025-11-03 15:31:03,702 - distributed.nanny - WARNING - Restarting worker
2025-11-03 15:31:03,710 - distributed.nanny - WARNING - Restarting worker
2025-11-03 15:31:03,865 - distributed.nanny.memory - WARNING - Worker tcp://127.0.0.1:60069 (pid=28724) exceeded 95% memory budget. Restarting...
2025-11-03 15:31:03,880 - distributed.worker - ERROR - Worker stream died during communication: tcp://127.0.0.1:60069
Traceback (most recent call last):
  File "c:\Users\mtt1e23\OneDrive - University of Southampton\Documents\python-PIVTOOLs\env\Lib\site-packages\tornado\iostream.py", line 861, in _read_to_buffer
    bytes_read = self.read_from_fd(buf)
  File "c:\Users\mtt1e23\OneDrive - University of Southampton\Documents\python-PIVTOOLs\env\Lib\site-packages\tornado\iostream.py", line 1113, in read_from_fd
    return self.socket.recv_into(buf, len(buf))
           ~~~~~~~~~~~~~~~~~~~~~^^^^^^^^^^^^^^^
ConnectionResetError: [WinError 10054] An existing connection was forcibly closed by the remote host

The above exception was the direct cause of the following exception:

Traceback (most recent call last):
  File "c:\Users\mtt1e23\OneDrive - University of Southampton\Documents\python-PIVTOOLs\env\Lib\site-packages\distributed\worker.py", line 2073, in gather_dep
    response = await get_data_from_worker(
               ^^^^^^^^^^^^^^^^^^^^^^^^^^^
        rpc=self.rpc, keys=to_gather, worker=worker, who=self.address
        ^^^^^^^^^^^^^^^^^^^^^^^^^^^^^^^^^^^^^^^^^^^^^^^^^^^^^^^^^^^^^
    )
    ^
  File "c:\Users\mtt1e23\OneDrive - University of Southampton\Documents\python-PIVTOOLs\env\Lib\site-packages\distributed\worker.py", line 2876, in get_data_from_worker
    comm = await rpc.connect(worker)
           ^^^^^^^^^^^^^^^^^^^^^^^^^
  File "c:\Users\mtt1e23\OneDrive - University of Southampton\Documents\python-PIVTOOLs\env\Lib\site-packages\distributed\core.py", line 1485, in connect
    return await self._connect(addr=addr, timeout=timeout)
           ^^^^^^^^^^^^^^^^^^^^^^^^^^^^^^^^^^^^^^^^^^^^^^^
  File "c:\Users\mtt1e23\OneDrive - University of Southampton\Documents\python-PIVTOOLs\env\Lib\site-packages\distributed\core.py", line 1429, in _connect
    comm = await connect(
           ^^^^^^^^^^^^^^
    ...<4 lines>...
    )
    ^
  File "c:\Users\mtt1e23\OneDrive - University of Southampton\Documents\python-PIVTOOLs\env\Lib\site-packages\distributed\comm\core.py", line 377, in connect
    handshake = await comm.read()
                ^^^^^^^^^^^^^^^^^
  File "c:\Users\mtt1e23\OneDrive - University of Southampton\Documents\python-PIVTOOLs\env\Lib\site-packages\distributed\comm\tcp.py", line 237, in read
    convert_stream_closed_error(self, e)
    ~~~~~~~~~~~~~~~~~~~~~~~~~~~^^^^^^^^^
  File "c:\Users\mtt1e23\OneDrive - University of Southampton\Documents\python-PIVTOOLs\env\Lib\site-packages\distributed\comm\tcp.py", line 143, in convert_stream_closed_error
    raise CommClosedError(f"in {obj}: {exc.__class__.__name__}: {exc}") from exc
distributed.comm.core.CommClosedError: in <TCP (closed)  local=tcp://127.0.0.1:55054 remote=tcp://127.0.0.1:60069>: ConnectionResetError: [WinError 10054] An existing connection was forcibly closed by the remote host
2025-11-03 15:31:03,880 - distributed.worker - ERROR - Worker stream died during communication: tcp://127.0.0.1:60069
Traceback (most recent call last):
  File "c:\Users\mtt1e23\OneDrive - University of Southampton\Documents\python-PIVTOOLs\env\Lib\site-packages\tornado\iostream.py", line 861, in _read_to_buffer
    bytes_read = self.read_from_fd(buf)
  File "c:\Users\mtt1e23\OneDrive - University of Southampton\Documents\python-PIVTOOLs\env\Lib\site-packages\tornado\iostream.py", line 1113, in read_from_fd
    return self.socket.recv_into(buf, len(buf))
           ~~~~~~~~~~~~~~~~~~~~~^^^^^^^^^^^^^^^
ConnectionResetError: [WinError 10054] An existing connection was forcibly closed by the remote host

The above exception was the direct cause of the following exception:

Traceback (most recent call last):
  File "c:\Users\mtt1e23\OneDrive - University of Southampton\Documents\python-PIVTOOLs\env\Lib\site-packages\distributed\worker.py", line 2073, in gather_dep
    response = await get_data_from_worker(
               ^^^^^^^^^^^^^^^^^^^^^^^^^^^
        rpc=self.rpc, keys=to_gather, worker=worker, who=self.address
        ^^^^^^^^^^^^^^^^^^^^^^^^^^^^^^^^^^^^^^^^^^^^^^^^^^^^^^^^^^^^^
    )
    ^
  File "c:\Users\mtt1e23\OneDrive - University of Southampton\Documents\python-PIVTOOLs\env\Lib\site-packages\distributed\worker.py", line 2876, in get_data_from_worker
    comm = await rpc.connect(worker)
           ^^^^^^^^^^^^^^^^^^^^^^^^^
  File "c:\Users\mtt1e23\OneDrive - University of Southampton\Documents\python-PIVTOOLs\env\Lib\site-packages\distributed\core.py", line 1485, in connect
    return await self._connect(addr=addr, timeout=timeout)
           ^^^^^^^^^^^^^^^^^^^^^^^^^^^^^^^^^^^^^^^^^^^^^^^
  File "c:\Users\mtt1e23\OneDrive - University of Southampton\Documents\python-PIVTOOLs\env\Lib\site-packages\distributed\core.py", line 1429, in _connect
    comm = await connect(
           ^^^^^^^^^^^^^^
    ...<4 lines>...
    )
    ^
  File "c:\Users\mtt1e23\OneDrive - University of Southampton\Documents\python-PIVTOOLs\env\Lib\site-packages\distributed\comm\core.py", line 377, in connect
    handshake = await comm.read()
                ^^^^^^^^^^^^^^^^^
  File "c:\Users\mtt1e23\OneDrive - University of Southampton\Documents\python-PIVTOOLs\env\Lib\site-packages\distributed\comm\tcp.py", line 237, in read
    convert_stream_closed_error(self, e)
    ~~~~~~~~~~~~~~~~~~~~~~~~~~~^^^^^^^^^
  File "c:\Users\mtt1e23\OneDrive - University of Southampton\Documents\python-PIVTOOLs\env\Lib\site-packages\distributed\comm\tcp.py", line 143, in convert_stream_closed_error
    raise CommClosedError(f"in {obj}: {exc.__class__.__name__}: {exc}") from exc
distributed.comm.core.CommClosedError: in <TCP (closed)  local=tcp://127.0.0.1:55044 remote=tcp://127.0.0.1:60069>: ConnectionResetError: [WinError 10054] An existing connection was forcibly closed by the remote host
2025-11-03 15:31:03,881 - distributed.worker - ERROR - Worker stream died during communication: tcp://127.0.0.1:60069
Traceback (most recent call last):
  File "c:\Users\mtt1e23\OneDrive - University of Southampton\Documents\python-PIVTOOLs\env\Lib\site-packages\tornado\iostream.py", line 861, in _read_to_buffer
    bytes_read = self.read_from_fd(buf)
  File "c:\Users\mtt1e23\OneDrive - University of Southampton\Documents\python-PIVTOOLs\env\Lib\site-packages\tornado\iostream.py", line 1113, in read_from_fd
    return self.socket.recv_into(buf, len(buf))
           ~~~~~~~~~~~~~~~~~~~~~^^^^^^^^^^^^^^^
ConnectionResetError: [WinError 10054] An existing connection was forcibly closed by the remote host

The above exception was the direct cause of the following exception:

Traceback (most recent call last):
  File "c:\Users\mtt1e23\OneDrive - University of Southampton\Documents\python-PIVTOOLs\env\Lib\site-packages\distributed\worker.py", line 2073, in gather_dep
    response = await get_data_from_worker(
               ^^^^^^^^^^^^^^^^^^^^^^^^^^^
        rpc=self.rpc, keys=to_gather, worker=worker, who=self.address
        ^^^^^^^^^^^^^^^^^^^^^^^^^^^^^^^^^^^^^^^^^^^^^^^^^^^^^^^^^^^^^
    )
    ^
  File "c:\Users\mtt1e23\OneDrive - University of Southampton\Documents\python-PIVTOOLs\env\Lib\site-packages\distributed\worker.py", line 2876, in get_data_from_worker
    comm = await rpc.connect(worker)
           ^^^^^^^^^^^^^^^^^^^^^^^^^
  File "c:\Users\mtt1e23\OneDrive - University of Southampton\Documents\python-PIVTOOLs\env\Lib\site-packages\distributed\core.py", line 1485, in connect
    return await self._connect(addr=addr, timeout=timeout)
           ^^^^^^^^^^^^^^^^^^^^^^^^^^^^^^^^^^^^^^^^^^^^^^^
  File "c:\Users\mtt1e23\OneDrive - University of Southampton\Documents\python-PIVTOOLs\env\Lib\site-packages\distributed\core.py", line 1429, in _connect
    comm = await connect(
           ^^^^^^^^^^^^^^
    ...<4 lines>...
    )
    ^
  File "c:\Users\mtt1e23\OneDrive - University of Southampton\Documents\python-PIVTOOLs\env\Lib\site-packages\distributed\comm\core.py", line 377, in connect
    handshake = await comm.read()
                ^^^^^^^^^^^^^^^^^
  File "c:\Users\mtt1e23\OneDrive - University of Southampton\Documents\python-PIVTOOLs\env\Lib\site-packages\distributed\comm\tcp.py", line 237, in read
    convert_stream_closed_error(self, e)
    ~~~~~~~~~~~~~~~~~~~~~~~~~~~^^^^^^^^^
  File "c:\Users\mtt1e23\OneDrive - University of Southampton\Documents\python-PIVTOOLs\env\Lib\site-packages\distributed\comm\tcp.py", line 143, in convert_stream_closed_error
    raise CommClosedError(f"in {obj}: {exc.__class__.__name__}: {exc}") from exc
distributed.comm.core.CommClosedError: in <TCP (closed)  local=tcp://127.0.0.1:55045 remote=tcp://127.0.0.1:60069>: ConnectionResetError: [WinError 10054] An existing connection was forcibly closed by the remote host
2025-11-03 15:31:03,880 - distributed.worker - ERROR - Worker stream died during communication: tcp://127.0.0.1:60069
Traceback (most recent call last):
  File "c:\Users\mtt1e23\OneDrive - University of Southampton\Documents\python-PIVTOOLs\env\Lib\site-packages\tornado\iostream.py", line 861, in _read_to_buffer
    bytes_read = self.read_from_fd(buf)
  File "c:\Users\mtt1e23\OneDrive - University of Southampton\Documents\python-PIVTOOLs\env\Lib\site-packages\tornado\iostream.py", line 1113, in read_from_fd
    return self.socket.recv_into(buf, len(buf))
           ~~~~~~~~~~~~~~~~~~~~~^^^^^^^^^^^^^^^
ConnectionResetError: [WinError 10054] An existing connection was forcibly closed by the remote host

The above exception was the direct cause of the following exception:

Traceback (most recent call last):
  File "c:\Users\mtt1e23\OneDrive - University of Southampton\Documents\python-PIVTOOLs\env\Lib\site-packages\distributed\worker.py", line 2073, in gather_dep
    response = await get_data_from_worker(
               ^^^^^^^^^^^^^^^^^^^^^^^^^^^
        rpc=self.rpc, keys=to_gather, worker=worker, who=self.address
        ^^^^^^^^^^^^^^^^^^^^^^^^^^^^^^^^^^^^^^^^^^^^^^^^^^^^^^^^^^^^^
    )
    ^
  File "c:\Users\mtt1e23\OneDrive - University of Southampton\Documents\python-PIVTOOLs\env\Lib\site-packages\distributed\worker.py", line 2876, in get_data_from_worker
    comm = await rpc.connect(worker)
           ^^^^^^^^^^^^^^^^^^^^^^^^^
  File "c:\Users\mtt1e23\OneDrive - University of Southampton\Documents\python-PIVTOOLs\env\Lib\site-packages\distributed\core.py", line 1485, in connect
    return await self._connect(addr=addr, timeout=timeout)
           ^^^^^^^^^^^^^^^^^^^^^^^^^^^^^^^^^^^^^^^^^^^^^^^
  File "c:\Users\mtt1e23\OneDrive - University of Southampton\Documents\python-PIVTOOLs\env\Lib\site-packages\distributed\core.py", line 1429, in _connect
    comm = await connect(
           ^^^^^^^^^^^^^^
    ...<4 lines>...
    )
    ^
  File "c:\Users\mtt1e23\OneDrive - University of Southampton\Documents\python-PIVTOOLs\env\Lib\site-packages\distributed\comm\core.py", line 377, in connect
    handshake = await comm.read()
                ^^^^^^^^^^^^^^^^^
  File "c:\Users\mtt1e23\OneDrive - University of Southampton\Documents\python-PIVTOOLs\env\Lib\site-packages\distributed\comm\tcp.py", line 237, in read
    convert_stream_closed_error(self, e)
    ~~~~~~~~~~~~~~~~~~~~~~~~~~~^^^^^^^^^
  File "c:\Users\mtt1e23\OneDrive - University of Southampton\Documents\python-PIVTOOLs\env\Lib\site-packages\distributed\comm\tcp.py", line 143, in convert_stream_closed_error
    raise CommClosedError(f"in {obj}: {exc.__class__.__name__}: {exc}") from exc
distributed.comm.core.CommClosedError: in <TCP (closed)  local=tcp://127.0.0.1:55046 remote=tcp://127.0.0.1:60069>: ConnectionResetError: [WinError 10054] An existing connection was forcibly closed by the remote host
2025-11-03 15:31:03,880 - distributed.worker - ERROR - Worker stream died during communication: tcp://127.0.0.1:60069
Traceback (most recent call last):
  File "c:\Users\mtt1e23\OneDrive - University of Southampton\Documents\python-PIVTOOLs\env\Lib\site-packages\tornado\iostream.py", line 861, in _read_to_buffer
    bytes_read = self.read_from_fd(buf)
  File "c:\Users\mtt1e23\OneDrive - University of Southampton\Documents\python-PIVTOOLs\env\Lib\site-packages\tornado\iostream.py", line 1113, in read_from_fd
    return self.socket.recv_into(buf, len(buf))
           ~~~~~~~~~~~~~~~~~~~~~^^^^^^^^^^^^^^^
ConnectionResetError: [WinError 10054] An existing connection was forcibly closed by the remote host

The above exception was the direct cause of the following exception:

Traceback (most recent call last):
  File "c:\Users\mtt1e23\OneDrive - University of Southampton\Documents\python-PIVTOOLs\env\Lib\site-packages\distributed\worker.py", line 2073, in gather_dep
    response = await get_data_from_worker(
               ^^^^^^^^^^^^^^^^^^^^^^^^^^^
        rpc=self.rpc, keys=to_gather, worker=worker, who=self.address
        ^^^^^^^^^^^^^^^^^^^^^^^^^^^^^^^^^^^^^^^^^^^^^^^^^^^^^^^^^^^^^
    )
    ^
  File "c:\Users\mtt1e23\OneDrive - University of Southampton\Documents\python-PIVTOOLs\env\Lib\site-packages\distributed\worker.py", line 2876, in get_data_from_worker
    comm = await rpc.connect(worker)
           ^^^^^^^^^^^^^^^^^^^^^^^^^
  File "c:\Users\mtt1e23\OneDrive - University of Southampton\Documents\python-PIVTOOLs\env\Lib\site-packages\distributed\core.py", line 1485, in connect
    return await self._connect(addr=addr, timeout=timeout)
           ^^^^^^^^^^^^^^^^^^^^^^^^^^^^^^^^^^^^^^^^^^^^^^^
  File "c:\Users\mtt1e23\OneDrive - University of Southampton\Documents\python-PIVTOOLs\env\Lib\site-packages\distributed\core.py", line 1429, in _connect
    comm = await connect(
           ^^^^^^^^^^^^^^
    ...<4 lines>...
    )
    ^
  File "c:\Users\mtt1e23\OneDrive - University of Southampton\Documents\python-PIVTOOLs\env\Lib\site-packages\distributed\comm\core.py", line 377, in connect
    handshake = await comm.read()
                ^^^^^^^^^^^^^^^^^
  File "c:\Users\mtt1e23\OneDrive - University of Southampton\Documents\python-PIVTOOLs\env\Lib\site-packages\distributed\comm\tcp.py", line 237, in read
    convert_stream_closed_error(self, e)
    ~~~~~~~~~~~~~~~~~~~~~~~~~~~^^^^^^^^^
  File "c:\Users\mtt1e23\OneDrive - University of Southampton\Documents\python-PIVTOOLs\env\Lib\site-packages\distributed\comm\tcp.py", line 143, in convert_stream_closed_error
    raise CommClosedError(f"in {obj}: {exc.__class__.__name__}: {exc}") from exc
distributed.comm.core.CommClosedError: in <TCP (closed)  local=tcp://127.0.0.1:55057 remote=tcp://127.0.0.1:60069>: ConnectionResetError: [WinError 10054] An existing connection was forcibly closed by the remote host
2025-11-03 15:31:03,880 - distributed.worker - ERROR - Worker stream died during communication: tcp://127.0.0.1:60069
Traceback (most recent call last):
  File "c:\Users\mtt1e23\OneDrive - University of Southampton\Documents\python-PIVTOOLs\env\Lib\site-packages\tornado\iostream.py", line 861, in _read_to_buffer
    bytes_read = self.read_from_fd(buf)
  File "c:\Users\mtt1e23\OneDrive - University of Southampton\Documents\python-PIVTOOLs\env\Lib\site-packages\tornado\iostream.py", line 1113, in read_from_fd
    return self.socket.recv_into(buf, len(buf))
           ~~~~~~~~~~~~~~~~~~~~~^^^^^^^^^^^^^^^
ConnectionResetError: [WinError 10054] An existing connection was forcibly closed by the remote host

The above exception was the direct cause of the following exception:

Traceback (most recent call last):
  File "c:\Users\mtt1e23\OneDrive - University of Southampton\Documents\python-PIVTOOLs\env\Lib\site-packages\distributed\worker.py", line 2073, in gather_dep
    response = await get_data_from_worker(
               ^^^^^^^^^^^^^^^^^^^^^^^^^^^
        rpc=self.rpc, keys=to_gather, worker=worker, who=self.address
        ^^^^^^^^^^^^^^^^^^^^^^^^^^^^^^^^^^^^^^^^^^^^^^^^^^^^^^^^^^^^^
    )
    ^
  File "c:\Users\mtt1e23\OneDrive - University of Southampton\Documents\python-PIVTOOLs\env\Lib\site-packages\distributed\worker.py", line 2876, in get_data_from_worker
    comm = await rpc.connect(worker)
           ^^^^^^^^^^^^^^^^^^^^^^^^^
  File "c:\Users\mtt1e23\OneDrive - University of Southampton\Documents\python-PIVTOOLs\env\Lib\site-packages\distributed\core.py", line 1485, in connect
    return await self._connect(addr=addr, timeout=timeout)
           ^^^^^^^^^^^^^^^^^^^^^^^^^^^^^^^^^^^^^^^^^^^^^^^
  File "c:\Users\mtt1e23\OneDrive - University of Southampton\Documents\python-PIVTOOLs\env\Lib\site-packages\distributed\core.py", line 1429, in _connect
    comm = await connect(
           ^^^^^^^^^^^^^^
    ...<4 lines>...
    )
    ^
  File "c:\Users\mtt1e23\OneDrive - University of Southampton\Documents\python-PIVTOOLs\env\Lib\site-packages\distributed\comm\core.py", line 377, in connect
    handshake = await comm.read()
                ^^^^^^^^^^^^^^^^^
  File "c:\Users\mtt1e23\OneDrive - University of Southampton\Documents\python-PIVTOOLs\env\Lib\site-packages\distributed\comm\tcp.py", line 237, in read
    convert_stream_closed_error(self, e)
    ~~~~~~~~~~~~~~~~~~~~~~~~~~~^^^^^^^^^
  File "c:\Users\mtt1e23\OneDrive - University of Southampton\Documents\python-PIVTOOLs\env\Lib\site-packages\distributed\comm\tcp.py", line 143, in convert_stream_closed_error
    raise CommClosedError(f"in {obj}: {exc.__class__.__name__}: {exc}") from exc
distributed.comm.core.CommClosedError: in <TCP (closed)  local=tcp://127.0.0.1:55050 remote=tcp://127.0.0.1:60069>: ConnectionResetError: [WinError 10054] An existing connection was forcibly closed by the remote host
2025-11-03 15:31:04,031 - distributed.scheduler - ERROR - Task getitem-rechunk-merge-finalize-hlgfinalizecompute-16e18a1e6a654191888443890cc87f8a marked as failed because 4 workers died while trying to run it
2025-11-03 15:31:04,031 - distributed.scheduler - WARNING - Removing worker 'tcp://127.0.0.1:60069' caused the cluster to lose already computed task(s), which will be recomputed elsewhere: {('stack-2eb85d96b2c57f19f5c45fe8bf3c4979', 126, 0, 0, 0), ('stack-2eb85d96b2c57f19f5c45fe8bf3c4979', 85, 0, 0, 0), ('from-value-read_pair-stack-2eb85d96b2c57f19f5c45fe8bf3c4979', 132, 0, 0, 0), ('stack-2eb85d96b2c57f19f5c45fe8bf3c4979', 102, 0, 0, 0), ('stack-2eb85d96b2c57f19f5c45fe8bf3c4979', 56, 0, 0, 0)} (stimulus_id='handle-worker-cleanup-1762183864.0312088')
2025-11-03 15:31:04,492 [ERROR] PIV processing failed: Attempted to run task 'getitem-rechunk-merge-finalize-hlgfinalizecompute-16e18a1e6a654191888443890cc87f8a' on 4 different workers, but all those workers died while running it. The last worker that attempt to run the task was tcp://127.0.0.1:60069. Inspecting worker logs is often a good next step to diagnose what went wrong. For more information see https://distributed.dask.org/en/stable/killed.html.
2025-11-03 15:31:04,640 [WARNING] PIVResult has no passes for frame 20. Skipping save.
2025-11-03 15:31:04,650 - distributed.nanny - WARNING - Restarting worker
2025-11-03 15:31:05,940 - distributed.worker.memory - WARNING - Worker is at 82% memory usage. Pausing worker.  Process memory: 2.21 GiB -- Worker memory limit: 2.66 GiB
2025-11-03 15:31:06,151 - distributed.worker.memory - WARNING - Worker is at 86% memory usage. Pausing worker.  Process memory: 2.31 GiB -- Worker memory limit: 2.66 GiB
2025-11-03 15:31:06,157 - distributed.nanny.memory - WARNING - Worker tcp://127.0.0.1:64677 (pid=24556) exceeded 95% memory budget. Restarting...
2025-11-03 15:31:06,181 - distributed.worker.memory - WARNING - Worker is at 87% memory usage. Pausing worker.  Process memory: 2.34 GiB -- Worker memory limit: 2.66 GiB
2025-11-03 15:31:06,192 - distributed.worker.memory - WARNING - Worker is at 86% memory usage. Pausing worker.  Process memory: 2.31 GiB -- Worker memory limit: 2.66 GiB
2025-11-03 15:31:06,237 - distributed.scheduler - WARNING - Removing worker 'tcp://127.0.0.1:64677' caused the cluster to lose already computed task(s), which will be recomputed elsewhere: {('from-value-read_pair-stack-2eb85d96b2c57f19f5c45fe8bf3c4979', 115, 0, 0, 0), ('stack-2eb85d96b2c57f19f5c45fe8bf3c4979', 103, 0, 0, 0), ('stack-2eb85d96b2c57f19f5c45fe8bf3c4979', 88, 0, 0, 0), ('stack-2eb85d96b2c57f19f5c45fe8bf3c4979', 149, 0, 0, 0)} (stimulus_id='handle-worker-cleanup-1762183866.2374427')
2025-11-03 15:31:06,316 - distributed.nanny.memory - WARNING - Worker tcp://127.0.0.1:64672 (pid=8744) exceeded 95% memory budget. Restarting...
2025-11-03 15:31:06,344 - distributed.worker.memory - WARNING - Worker is at 81% memory usage. Pausing worker.  Process memory: 2.16 GiB -- Worker memory limit: 2.66 GiB
2025-11-03 15:31:06,369 - distributed.nanny.memory - WARNING - Worker tcp://127.0.0.1:64654 (pid=6508) exceeded 95% memory budget. Restarting...
2025-11-03 15:31:06,397 - distributed.nanny.memory - WARNING - Worker tcp://127.0.0.1:64670 (pid=7044) exceeded 95% memory budget. Restarting...
2025-11-03 15:31:06,413 - distributed.scheduler - WARNING - Removing worker 'tcp://127.0.0.1:64672' caused the cluster to lose already computed task(s), which will be recomputed elsewhere: {('stack-2eb85d96b2c57f19f5c45fe8bf3c4979', 114, 0, 0, 0), ('stack-2eb85d96b2c57f19f5c45fe8bf3c4979', 76, 0, 0, 0), ('stack-2eb85d96b2c57f19f5c45fe8bf3c4979', 80, 0, 0, 0)} (stimulus_id='handle-worker-cleanup-1762183866.4135323')
2025-11-03 15:31:06,438 - distributed.scheduler - WARNING - Removing worker 'tcp://127.0.0.1:64670' caused the cluster to lose already computed task(s), which will be recomputed elsewhere: {('stack-2eb85d96b2c57f19f5c45fe8bf3c4979', 141, 0, 0, 0), ('stack-2eb85d96b2c57f19f5c45fe8bf3c4979', 131, 0, 0, 0), ('stack-2eb85d96b2c57f19f5c45fe8bf3c4979', 54, 0, 0, 0)} (stimulus_id='handle-worker-cleanup-1762183866.4384348')
2025-11-03 15:31:06,440 - distributed.scheduler - WARNING - Removing worker 'tcp://127.0.0.1:64654' caused the cluster to lose already computed task(s), which will be recomputed elsewhere: {('stack-2eb85d96b2c57f19f5c45fe8bf3c4979', 100, 0, 0, 0), ('stack-2eb85d96b2c57f19f5c45fe8bf3c4979', 112, 0, 0, 0), ('stack-2eb85d96b2c57f19f5c45fe8bf3c4979', 113, 0, 0, 0)} (stimulus_id='handle-worker-cleanup-1762183866.4401019')
2025-11-03 15:31:06,452 - distributed.worker.memory - WARNING - Worker is at 82% memory usage. Pausing worker.  Process memory: 2.20 GiB -- Worker memory limit: 2.66 GiB
2025-11-03 15:31:06,634 - distributed.nanny.memory - WARNING - Worker tcp://127.0.0.1:64683 (pid=23192) exceeded 95% memory budget. Restarting...
2025-11-03 15:31:06,634 - distributed.nanny.memory - WARNING - Worker tcp://127.0.0.1:64678 (pid=19180) exceeded 95% memory budget. Restarting...
2025-11-03 15:31:06,691 - distributed.worker.memory - WARNING - Worker is at 94% memory usage. Pausing worker.  Process memory: 2.51 GiB -- Worker memory limit: 2.66 GiB
2025-11-03 15:31:06,910 - distributed.scheduler - WARNING - Removing worker 'tcp://127.0.0.1:64683' caused the cluster to lose already computed task(s), which will be recomputed elsewhere: {('stack-2eb85d96b2c57f19f5c45fe8bf3c4979', 120, 0, 0, 0), ('stack-2eb85d96b2c57f19f5c45fe8bf3c4979', 129, 0, 0, 0), ('from-value-read_pair-stack-2eb85d96b2c57f19f5c45fe8bf3c4979', 132, 0, 0, 0), ('stack-2eb85d96b2c57f19f5c45fe8bf3c4979', 59, 0, 0, 0)} (stimulus_id='handle-worker-cleanup-1762183866.9107182')
2025-11-03 15:31:06,913 - distributed.scheduler - WARNING - Removing worker 'tcp://127.0.0.1:64678' caused the cluster to lose already computed task(s), which will be recomputed elsewhere: {('stack-2eb85d96b2c57f19f5c45fe8bf3c4979', 109, 0, 0, 0), ('stack-2eb85d96b2c57f19f5c45fe8bf3c4979', 62, 0, 0, 0), ('stack-2eb85d96b2c57f19f5c45fe8bf3c4979', 144, 0, 0, 0)} (stimulus_id='handle-worker-cleanup-1762183866.9130168')
2025-11-03 15:31:06,962 - distributed.worker.memory - WARNING - Worker is at 65% memory usage. Resuming worker. Process memory: 1.73 GiB -- Worker memory limit: 2.66 GiB
2025-11-03 15:31:07,005 - distributed.worker.memory - WARNING - Worker is at 90% memory usage. Pausing worker.  Process memory: 2.42 GiB -- Worker memory limit: 2.66 GiB
2025-11-03 15:31:07,024 - distributed.nanny - WARNING - Restarting worker
2025-11-03 15:31:07,185 - distributed.nanny - WARNING - Restarting worker
2025-11-03 15:31:07,220 [INFO] Logging initialized. Level: INFO, File: pypiv.log
2025-11-03 15:31:07,244 - distributed.nanny - WARNING - Restarting worker
2025-11-03 15:31:07,247 - distributed.nanny - WARNING - Restarting worker
2025-11-03 15:31:07,266 - distributed.nanny.memory - WARNING - Worker tcp://127.0.0.1:58840 (pid=3772) exceeded 95% memory budget. Restarting...
2025-11-03 15:31:07,307 - distributed.nanny - WARNING - Restarting worker
2025-11-03 15:31:07,330 - distributed.nanny - WARNING - Restarting worker
2025-11-03 15:31:07,354 - distributed.scheduler - ERROR - Task getitem-rechunk-merge-finalize-hlgfinalizecompute-93fc30dcaccd4af3aea70eed3d84a7f8 marked as failed because 4 workers died while trying to run it
2025-11-03 15:31:07,354 - distributed.scheduler - ERROR - Task getitem-rechunk-merge-finalize-hlgfinalizecompute-32a7664d3cb6437b982ff018ebd4e699 marked as failed because 4 workers died while trying to run it
2025-11-03 15:31:07,355 - distributed.scheduler - WARNING - Removing worker 'tcp://127.0.0.1:58840' caused the cluster to lose already computed task(s), which will be recomputed elsewhere: {('stack-2eb85d96b2c57f19f5c45fe8bf3c4979', 61, 0, 0, 0), ('from-value-read_pair-stack-2eb85d96b2c57f19f5c45fe8bf3c4979', 130, 0, 0, 0), ('stack-2eb85d96b2c57f19f5c45fe8bf3c4979', 85, 0, 0, 0), ('stack-2eb85d96b2c57f19f5c45fe8bf3c4979', 146, 0, 0, 0)} (stimulus_id='handle-worker-cleanup-1762183867.3544343')
2025-11-03 15:31:07,379 [INFO] Logging initialized. Level: INFO, File: pypiv.log
2025-11-03 15:31:07,450 [ERROR] PIV processing failed: Attempted to run task 'getitem-rechunk-merge-finalize-hlgfinalizecompute-32a7664d3cb6437b982ff018ebd4e699' on 4 different workers, but all those workers died while running it. The last worker that attempt to run the task was tcp://127.0.0.1:58840. Inspecting worker logs is often a good next step to diagnose what went wrong. For more information see https://distributed.dask.org/en/stable/killed.html.
2025-11-03 15:31:07,452 [ERROR] PIV processing failed: Attempted to run task 'getitem-rechunk-merge-finalize-hlgfinalizecompute-93fc30dcaccd4af3aea70eed3d84a7f8' on 4 different workers, but all those workers died while running it. The last worker that attempt to run the task was tcp://127.0.0.1:58840. Inspecting worker logs is often a good next step to diagnose what went wrong. For more information see https://distributed.dask.org/en/stable/killed.html.
2025-11-03 15:31:07,684 [INFO] Logging initialized. Level: INFO, File: pypiv.log
2025-11-03 15:31:08,254 [WARNING] PIVResult has no passes for frame 3. Skipping save.
2025-11-03 15:31:08,255 [WARNING] PIVResult has no passes for frame 10. Skipping save.
2025-11-03 15:31:08,407 - distributed.nanny - WARNING - Restarting worker
2025-11-03 15:31:09,277 [INFO] Logging initialized. Level: INFO, File: pypiv.log
2025-11-03 15:31:09,366 [INFO] Logging initialized. Level: INFO, File: pypiv.log
2025-11-03 15:31:09,421 [INFO] Logging initialized. Level: INFO, File: pypiv.log
2025-11-03 15:31:09,471 [INFO] Logging initialized. Level: INFO, File: pypiv.log
2025-11-03 15:31:09,507 [INFO] Logging initialized. Level: INFO, File: pypiv.log
2025-11-03 15:31:09,508 [INFO] Logging initialized. Level: INFO, File: pypiv.log
2025-11-03 15:31:10,726 [INFO] Logging initialized. Level: INFO, File: pypiv.log
2025-11-03 15:31:10,730 - distributed.worker - ERROR - Worker stream died during communication: tcp://127.0.0.1:62386
Traceback (most recent call last):
  File "c:\Users\mtt1e23\OneDrive - University of Southampton\Documents\python-PIVTOOLs\env\Lib\site-packages\distributed\utils.py", line 1923, in wait_for
    return await fut
           ^^^^^^^^^
  File "c:\Users\mtt1e23\OneDrive - University of Southampton\Documents\python-PIVTOOLs\env\Lib\site-packages\distributed\comm\tcp.py", line 547, in connect
    stream = await self.client.connect(
             ^^^^^^^^^^^^^^^^^^^^^^^^^^
        ip, port, max_buffer_size=MAX_BUFFER_SIZE, **kwargs
        ^^^^^^^^^^^^^^^^^^^^^^^^^^^^^^^^^^^^^^^^^^^^^^^^^^^
    )
    ^
  File "c:\Users\mtt1e23\OneDrive - University of Southampton\Documents\python-PIVTOOLs\env\Lib\site-packages\tornado\tcpclient.py", line 279, in connect
    af, addr, stream = await connector.start(connect_timeout=timeout)
                       ^^^^^^^^^^^^^^^^^^^^^^^^^^^^^^^^^^^^^^^^^^^^^^
asyncio.exceptions.CancelledError

The above exception was the direct cause of the following exception:

Traceback (most recent call last):
  File "c:\Users\mtt1e23\OneDrive - University of Southampton\Documents\python-PIVTOOLs\env\Lib\site-packages\distributed\comm\core.py", line 342, in connect
    comm = await wait_for(
           ^^^^^^^^^^^^^^^
    ...<2 lines>...
    )
    ^
  File "c:\Users\mtt1e23\OneDrive - University of Southampton\Documents\python-PIVTOOLs\env\Lib\site-packages\distributed\utils.py", line 1922, in wait_for
    async with asyncio.timeout(timeout):
               ~~~~~~~~~~~~~~~^^^^^^^^^
  File "C:\Python313\Lib\asyncio\timeouts.py", line 116, in __aexit__
    raise TimeoutError from exc_val
TimeoutError

The above exception was the direct cause of the following exception:

Traceback (most recent call last):
  File "c:\Users\mtt1e23\OneDrive - University of Southampton\Documents\python-PIVTOOLs\env\Lib\site-packages\distributed\worker.py", line 2073, in gather_dep
    response = await get_data_from_worker(
               ^^^^^^^^^^^^^^^^^^^^^^^^^^^
        rpc=self.rpc, keys=to_gather, worker=worker, who=self.address
        ^^^^^^^^^^^^^^^^^^^^^^^^^^^^^^^^^^^^^^^^^^^^^^^^^^^^^^^^^^^^^
    )
    ^
  File "c:\Users\mtt1e23\OneDrive - University of Southampton\Documents\python-PIVTOOLs\env\Lib\site-packages\distributed\worker.py", line 2876, in get_data_from_worker
    comm = await rpc.connect(worker)
           ^^^^^^^^^^^^^^^^^^^^^^^^^
  File "c:\Users\mtt1e23\OneDrive - University of Southampton\Documents\python-PIVTOOLs\env\Lib\site-packages\distributed\core.py", line 1485, in connect
    return await self._connect(addr=addr, timeout=timeout)
           ^^^^^^^^^^^^^^^^^^^^^^^^^^^^^^^^^^^^^^^^^^^^^^^
  File "c:\Users\mtt1e23\OneDrive - University of Southampton\Documents\python-PIVTOOLs\env\Lib\site-packages\distributed\core.py", line 1429, in _connect
    comm = await connect(
           ^^^^^^^^^^^^^^
    ...<4 lines>...
    )
    ^
  File "c:\Users\mtt1e23\OneDrive - University of Southampton\Documents\python-PIVTOOLs\env\Lib\site-packages\distributed\comm\core.py", line 368, in connect
    raise OSError(
        f"Timed out trying to connect to {addr} after {timeout} s"
    ) from active_exception
OSError: Timed out trying to connect to tcp://127.0.0.1:62386 after 30 s
2025-11-03 15:31:10,731 - distributed.worker - ERROR - Worker stream died during communication: tcp://127.0.0.1:62331
Traceback (most recent call last):
  File "c:\Users\mtt1e23\OneDrive - University of Southampton\Documents\python-PIVTOOLs\env\Lib\site-packages\distributed\utils.py", line 1923, in wait_for
    return await fut
           ^^^^^^^^^
  File "c:\Users\mtt1e23\OneDrive - University of Southampton\Documents\python-PIVTOOLs\env\Lib\site-packages\distributed\comm\tcp.py", line 547, in connect
    stream = await self.client.connect(
             ^^^^^^^^^^^^^^^^^^^^^^^^^^
        ip, port, max_buffer_size=MAX_BUFFER_SIZE, **kwargs
        ^^^^^^^^^^^^^^^^^^^^^^^^^^^^^^^^^^^^^^^^^^^^^^^^^^^
    )
    ^
  File "c:\Users\mtt1e23\OneDrive - University of Southampton\Documents\python-PIVTOOLs\env\Lib\site-packages\tornado\tcpclient.py", line 279, in connect
    af, addr, stream = await connector.start(connect_timeout=timeout)
                       ^^^^^^^^^^^^^^^^^^^^^^^^^^^^^^^^^^^^^^^^^^^^^^
asyncio.exceptions.CancelledError

The above exception was the direct cause of the following exception:

Traceback (most recent call last):
  File "c:\Users\mtt1e23\OneDrive - University of Southampton\Documents\python-PIVTOOLs\env\Lib\site-packages\distributed\comm\core.py", line 342, in connect
    comm = await wait_for(
           ^^^^^^^^^^^^^^^
    ...<2 lines>...
    )
    ^
  File "c:\Users\mtt1e23\OneDrive - University of Southampton\Documents\python-PIVTOOLs\env\Lib\site-packages\distributed\utils.py", line 1922, in wait_for
    async with asyncio.timeout(timeout):
               ~~~~~~~~~~~~~~~^^^^^^^^^
  File "C:\Python313\Lib\asyncio\timeouts.py", line 116, in __aexit__
    raise TimeoutError from exc_val
TimeoutError

The above exception was the direct cause of the following exception:

Traceback (most recent call last):
  File "c:\Users\mtt1e23\OneDrive - University of Southampton\Documents\python-PIVTOOLs\env\Lib\site-packages\distributed\worker.py", line 2073, in gather_dep
    response = await get_data_from_worker(
               ^^^^^^^^^^^^^^^^^^^^^^^^^^^
        rpc=self.rpc, keys=to_gather, worker=worker, who=self.address
        ^^^^^^^^^^^^^^^^^^^^^^^^^^^^^^^^^^^^^^^^^^^^^^^^^^^^^^^^^^^^^
    )
    ^
  File "c:\Users\mtt1e23\OneDrive - University of Southampton\Documents\python-PIVTOOLs\env\Lib\site-packages\distributed\worker.py", line 2876, in get_data_from_worker
    comm = await rpc.connect(worker)
           ^^^^^^^^^^^^^^^^^^^^^^^^^
  File "c:\Users\mtt1e23\OneDrive - University of Southampton\Documents\python-PIVTOOLs\env\Lib\site-packages\distributed\core.py", line 1485, in connect
    return await self._connect(addr=addr, timeout=timeout)
           ^^^^^^^^^^^^^^^^^^^^^^^^^^^^^^^^^^^^^^^^^^^^^^^
  File "c:\Users\mtt1e23\OneDrive - University of Southampton\Documents\python-PIVTOOLs\env\Lib\site-packages\distributed\core.py", line 1429, in _connect
    comm = await connect(
           ^^^^^^^^^^^^^^
    ...<4 lines>...
    )
    ^
  File "c:\Users\mtt1e23\OneDrive - University of Southampton\Documents\python-PIVTOOLs\env\Lib\site-packages\distributed\comm\core.py", line 368, in connect
    raise OSError(
        f"Timed out trying to connect to {addr} after {timeout} s"
    ) from active_exception
OSError: Timed out trying to connect to tcp://127.0.0.1:62331 after 30 s
2025-11-03 15:31:10,814 - distributed.worker - ERROR - Worker stream died during communication: tcp://127.0.0.1:62331
Traceback (most recent call last):
  File "c:\Users\mtt1e23\OneDrive - University of Southampton\Documents\python-PIVTOOLs\env\Lib\site-packages\distributed\utils.py", line 1923, in wait_for
    return await fut
           ^^^^^^^^^
  File "c:\Users\mtt1e23\OneDrive - University of Southampton\Documents\python-PIVTOOLs\env\Lib\site-packages\distributed\comm\tcp.py", line 547, in connect
    stream = await self.client.connect(
             ^^^^^^^^^^^^^^^^^^^^^^^^^^
        ip, port, max_buffer_size=MAX_BUFFER_SIZE, **kwargs
        ^^^^^^^^^^^^^^^^^^^^^^^^^^^^^^^^^^^^^^^^^^^^^^^^^^^
    )
    ^
  File "c:\Users\mtt1e23\OneDrive - University of Southampton\Documents\python-PIVTOOLs\env\Lib\site-packages\tornado\tcpclient.py", line 279, in connect
    af, addr, stream = await connector.start(connect_timeout=timeout)
                       ^^^^^^^^^^^^^^^^^^^^^^^^^^^^^^^^^^^^^^^^^^^^^^
asyncio.exceptions.CancelledError

The above exception was the direct cause of the following exception:

Traceback (most recent call last):
  File "c:\Users\mtt1e23\OneDrive - University of Southampton\Documents\python-PIVTOOLs\env\Lib\site-packages\distributed\comm\core.py", line 342, in connect
    comm = await wait_for(
           ^^^^^^^^^^^^^^^
    ...<2 lines>...
    )
    ^
  File "c:\Users\mtt1e23\OneDrive - University of Southampton\Documents\python-PIVTOOLs\env\Lib\site-packages\distributed\utils.py", line 1922, in wait_for
    async with asyncio.timeout(timeout):
               ~~~~~~~~~~~~~~~^^^^^^^^^
  File "C:\Python313\Lib\asyncio\timeouts.py", line 116, in __aexit__
    raise TimeoutError from exc_val
TimeoutError

The above exception was the direct cause of the following exception:

Traceback (most recent call last):
  File "c:\Users\mtt1e23\OneDrive - University of Southampton\Documents\python-PIVTOOLs\env\Lib\site-packages\distributed\worker.py", line 2073, in gather_dep
    response = await get_data_from_worker(
               ^^^^^^^^^^^^^^^^^^^^^^^^^^^
        rpc=self.rpc, keys=to_gather, worker=worker, who=self.address
        ^^^^^^^^^^^^^^^^^^^^^^^^^^^^^^^^^^^^^^^^^^^^^^^^^^^^^^^^^^^^^
    )
    ^
  File "c:\Users\mtt1e23\OneDrive - University of Southampton\Documents\python-PIVTOOLs\env\Lib\site-packages\distributed\worker.py", line 2876, in get_data_from_worker
    comm = await rpc.connect(worker)
           ^^^^^^^^^^^^^^^^^^^^^^^^^
  File "c:\Users\mtt1e23\OneDrive - University of Southampton\Documents\python-PIVTOOLs\env\Lib\site-packages\distributed\core.py", line 1485, in connect
    return await self._connect(addr=addr, timeout=timeout)
           ^^^^^^^^^^^^^^^^^^^^^^^^^^^^^^^^^^^^^^^^^^^^^^^
  File "c:\Users\mtt1e23\OneDrive - University of Southampton\Documents\python-PIVTOOLs\env\Lib\site-packages\distributed\core.py", line 1429, in _connect
    comm = await connect(
           ^^^^^^^^^^^^^^
    ...<4 lines>...
    )
    ^
  File "c:\Users\mtt1e23\OneDrive - University of Southampton\Documents\python-PIVTOOLs\env\Lib\site-packages\distributed\comm\core.py", line 368, in connect
    raise OSError(
        f"Timed out trying to connect to {addr} after {timeout} s"
    ) from active_exception
OSError: Timed out trying to connect to tcp://127.0.0.1:62331 after 30 s
2025-11-03 15:31:10,814 - distributed.worker - ERROR - Worker stream died during communication: tcp://127.0.0.1:62342
Traceback (most recent call last):
  File "c:\Users\mtt1e23\OneDrive - University of Southampton\Documents\python-PIVTOOLs\env\Lib\site-packages\distributed\utils.py", line 1923, in wait_for
    return await fut
           ^^^^^^^^^
  File "c:\Users\mtt1e23\OneDrive - University of Southampton\Documents\python-PIVTOOLs\env\Lib\site-packages\distributed\comm\tcp.py", line 547, in connect
    stream = await self.client.connect(
             ^^^^^^^^^^^^^^^^^^^^^^^^^^
        ip, port, max_buffer_size=MAX_BUFFER_SIZE, **kwargs
        ^^^^^^^^^^^^^^^^^^^^^^^^^^^^^^^^^^^^^^^^^^^^^^^^^^^
    )
    ^
  File "c:\Users\mtt1e23\OneDrive - University of Southampton\Documents\python-PIVTOOLs\env\Lib\site-packages\tornado\tcpclient.py", line 279, in connect
    af, addr, stream = await connector.start(connect_timeout=timeout)
                       ^^^^^^^^^^^^^^^^^^^^^^^^^^^^^^^^^^^^^^^^^^^^^^
asyncio.exceptions.CancelledError

The above exception was the direct cause of the following exception:

Traceback (most recent call last):
  File "c:\Users\mtt1e23\OneDrive - University of Southampton\Documents\python-PIVTOOLs\env\Lib\site-packages\distributed\comm\core.py", line 342, in connect
    comm = await wait_for(
           ^^^^^^^^^^^^^^^
    ...<2 lines>...
    )
    ^
  File "c:\Users\mtt1e23\OneDrive - University of Southampton\Documents\python-PIVTOOLs\env\Lib\site-packages\distributed\utils.py", line 1922, in wait_for
    async with asyncio.timeout(timeout):
               ~~~~~~~~~~~~~~~^^^^^^^^^
  File "C:\Python313\Lib\asyncio\timeouts.py", line 116, in __aexit__
    raise TimeoutError from exc_val
TimeoutError

The above exception was the direct cause of the following exception:

Traceback (most recent call last):
  File "c:\Users\mtt1e23\OneDrive - University of Southampton\Documents\python-PIVTOOLs\env\Lib\site-packages\distributed\worker.py", line 2073, in gather_dep
    response = await get_data_from_worker(
               ^^^^^^^^^^^^^^^^^^^^^^^^^^^
        rpc=self.rpc, keys=to_gather, worker=worker, who=self.address
        ^^^^^^^^^^^^^^^^^^^^^^^^^^^^^^^^^^^^^^^^^^^^^^^^^^^^^^^^^^^^^
    )
    ^
  File "c:\Users\mtt1e23\OneDrive - University of Southampton\Documents\python-PIVTOOLs\env\Lib\site-packages\distributed\worker.py", line 2876, in get_data_from_worker
    comm = await rpc.connect(worker)
           ^^^^^^^^^^^^^^^^^^^^^^^^^
  File "c:\Users\mtt1e23\OneDrive - University of Southampton\Documents\python-PIVTOOLs\env\Lib\site-packages\distributed\core.py", line 1485, in connect
    return await self._connect(addr=addr, timeout=timeout)
           ^^^^^^^^^^^^^^^^^^^^^^^^^^^^^^^^^^^^^^^^^^^^^^^
  File "c:\Users\mtt1e23\OneDrive - University of Southampton\Documents\python-PIVTOOLs\env\Lib\site-packages\distributed\core.py", line 1429, in _connect
    comm = await connect(
           ^^^^^^^^^^^^^^
    ...<4 lines>...
    )
    ^
  File "c:\Users\mtt1e23\OneDrive - University of Southampton\Documents\python-PIVTOOLs\env\Lib\site-packages\distributed\comm\core.py", line 368, in connect
    raise OSError(
        f"Timed out trying to connect to {addr} after {timeout} s"
    ) from active_exception
OSError: Timed out trying to connect to tcp://127.0.0.1:62342 after 30 s
2025-11-03 15:31:10,816 - distributed.worker - ERROR - Worker stream died during communication: tcp://127.0.0.1:62331
Traceback (most recent call last):
  File "c:\Users\mtt1e23\OneDrive - University of Southampton\Documents\python-PIVTOOLs\env\Lib\site-packages\distributed\utils.py", line 1923, in wait_for
    return await fut
           ^^^^^^^^^
  File "c:\Users\mtt1e23\OneDrive - University of Southampton\Documents\python-PIVTOOLs\env\Lib\site-packages\distributed\comm\tcp.py", line 547, in connect
    stream = await self.client.connect(
             ^^^^^^^^^^^^^^^^^^^^^^^^^^
        ip, port, max_buffer_size=MAX_BUFFER_SIZE, **kwargs
        ^^^^^^^^^^^^^^^^^^^^^^^^^^^^^^^^^^^^^^^^^^^^^^^^^^^
    )
    ^
  File "c:\Users\mtt1e23\OneDrive - University of Southampton\Documents\python-PIVTOOLs\env\Lib\site-packages\tornado\tcpclient.py", line 279, in connect
    af, addr, stream = await connector.start(connect_timeout=timeout)
                       ^^^^^^^^^^^^^^^^^^^^^^^^^^^^^^^^^^^^^^^^^^^^^^
asyncio.exceptions.CancelledError

The above exception was the direct cause of the following exception:

Traceback (most recent call last):
  File "c:\Users\mtt1e23\OneDrive - University of Southampton\Documents\python-PIVTOOLs\env\Lib\site-packages\distributed\comm\core.py", line 342, in connect
    comm = await wait_for(
           ^^^^^^^^^^^^^^^
    ...<2 lines>...
    )
    ^
  File "c:\Users\mtt1e23\OneDrive - University of Southampton\Documents\python-PIVTOOLs\env\Lib\site-packages\distributed\utils.py", line 1922, in wait_for
    async with asyncio.timeout(timeout):
               ~~~~~~~~~~~~~~~^^^^^^^^^
  File "C:\Python313\Lib\asyncio\timeouts.py", line 116, in __aexit__
    raise TimeoutError from exc_val
TimeoutError

The above exception was the direct cause of the following exception:

Traceback (most recent call last):
  File "c:\Users\mtt1e23\OneDrive - University of Southampton\Documents\python-PIVTOOLs\env\Lib\site-packages\distributed\worker.py", line 2073, in gather_dep
    response = await get_data_from_worker(
               ^^^^^^^^^^^^^^^^^^^^^^^^^^^
        rpc=self.rpc, keys=to_gather, worker=worker, who=self.address
        ^^^^^^^^^^^^^^^^^^^^^^^^^^^^^^^^^^^^^^^^^^^^^^^^^^^^^^^^^^^^^
    )
    ^
  File "c:\Users\mtt1e23\OneDrive - University of Southampton\Documents\python-PIVTOOLs\env\Lib\site-packages\distributed\worker.py", line 2876, in get_data_from_worker
    comm = await rpc.connect(worker)
           ^^^^^^^^^^^^^^^^^^^^^^^^^
  File "c:\Users\mtt1e23\OneDrive - University of Southampton\Documents\python-PIVTOOLs\env\Lib\site-packages\distributed\core.py", line 1485, in connect
    return await self._connect(addr=addr, timeout=timeout)
           ^^^^^^^^^^^^^^^^^^^^^^^^^^^^^^^^^^^^^^^^^^^^^^^
  File "c:\Users\mtt1e23\OneDrive - University of Southampton\Documents\python-PIVTOOLs\env\Lib\site-packages\distributed\core.py", line 1429, in _connect
    comm = await connect(
           ^^^^^^^^^^^^^^
    ...<4 lines>...
    )
    ^
  File "c:\Users\mtt1e23\OneDrive - University of Southampton\Documents\python-PIVTOOLs\env\Lib\site-packages\distributed\comm\core.py", line 368, in connect
    raise OSError(
        f"Timed out trying to connect to {addr} after {timeout} s"
    ) from active_exception
OSError: Timed out trying to connect to tcp://127.0.0.1:62331 after 30 s
2025-11-03 15:31:10,817 - distributed.worker - ERROR - Worker stream died during communication: tcp://127.0.0.1:62342
Traceback (most recent call last):
  File "c:\Users\mtt1e23\OneDrive - University of Southampton\Documents\python-PIVTOOLs\env\Lib\site-packages\distributed\utils.py", line 1923, in wait_for
    return await fut
           ^^^^^^^^^
  File "c:\Users\mtt1e23\OneDrive - University of Southampton\Documents\python-PIVTOOLs\env\Lib\site-packages\distributed\comm\tcp.py", line 547, in connect
    stream = await self.client.connect(
             ^^^^^^^^^^^^^^^^^^^^^^^^^^
        ip, port, max_buffer_size=MAX_BUFFER_SIZE, **kwargs
        ^^^^^^^^^^^^^^^^^^^^^^^^^^^^^^^^^^^^^^^^^^^^^^^^^^^
    )
    ^
  File "c:\Users\mtt1e23\OneDrive - University of Southampton\Documents\python-PIVTOOLs\env\Lib\site-packages\tornado\tcpclient.py", line 279, in connect
    af, addr, stream = await connector.start(connect_timeout=timeout)
                       ^^^^^^^^^^^^^^^^^^^^^^^^^^^^^^^^^^^^^^^^^^^^^^
asyncio.exceptions.CancelledError

The above exception was the direct cause of the following exception:

Traceback (most recent call last):
  File "c:\Users\mtt1e23\OneDrive - University of Southampton\Documents\python-PIVTOOLs\env\Lib\site-packages\distributed\comm\core.py", line 342, in connect
    comm = await wait_for(
           ^^^^^^^^^^^^^^^
    ...<2 lines>...
    )
    ^
  File "c:\Users\mtt1e23\OneDrive - University of Southampton\Documents\python-PIVTOOLs\env\Lib\site-packages\distributed\utils.py", line 1922, in wait_for
    async with asyncio.timeout(timeout):
               ~~~~~~~~~~~~~~~^^^^^^^^^
  File "C:\Python313\Lib\asyncio\timeouts.py", line 116, in __aexit__
    raise TimeoutError from exc_val
TimeoutError

The above exception was the direct cause of the following exception:

Traceback (most recent call last):
  File "c:\Users\mtt1e23\OneDrive - University of Southampton\Documents\python-PIVTOOLs\env\Lib\site-packages\distributed\worker.py", line 2073, in gather_dep
    response = await get_data_from_worker(
               ^^^^^^^^^^^^^^^^^^^^^^^^^^^
        rpc=self.rpc, keys=to_gather, worker=worker, who=self.address
        ^^^^^^^^^^^^^^^^^^^^^^^^^^^^^^^^^^^^^^^^^^^^^^^^^^^^^^^^^^^^^
    )
    ^
  File "c:\Users\mtt1e23\OneDrive - University of Southampton\Documents\python-PIVTOOLs\env\Lib\site-packages\distributed\worker.py", line 2876, in get_data_from_worker
    comm = await rpc.connect(worker)
           ^^^^^^^^^^^^^^^^^^^^^^^^^
  File "c:\Users\mtt1e23\OneDrive - University of Southampton\Documents\python-PIVTOOLs\env\Lib\site-packages\distributed\core.py", line 1485, in connect
    return await self._connect(addr=addr, timeout=timeout)
           ^^^^^^^^^^^^^^^^^^^^^^^^^^^^^^^^^^^^^^^^^^^^^^^
  File "c:\Users\mtt1e23\OneDrive - University of Southampton\Documents\python-PIVTOOLs\env\Lib\site-packages\distributed\core.py", line 1429, in _connect
    comm = await connect(
           ^^^^^^^^^^^^^^
    ...<4 lines>...
    )
    ^
  File "c:\Users\mtt1e23\OneDrive - University of Southampton\Documents\python-PIVTOOLs\env\Lib\site-packages\distributed\comm\core.py", line 368, in connect
    raise OSError(
        f"Timed out trying to connect to {addr} after {timeout} s"
    ) from active_exception
OSError: Timed out trying to connect to tcp://127.0.0.1:62342 after 30 s
2025-11-03 15:31:10,818 - distributed.worker - ERROR - Worker stream died during communication: tcp://127.0.0.1:62386
Traceback (most recent call last):
  File "c:\Users\mtt1e23\OneDrive - University of Southampton\Documents\python-PIVTOOLs\env\Lib\site-packages\distributed\utils.py", line 1923, in wait_for
    return await fut
           ^^^^^^^^^
  File "c:\Users\mtt1e23\OneDrive - University of Southampton\Documents\python-PIVTOOLs\env\Lib\site-packages\distributed\comm\tcp.py", line 547, in connect
    stream = await self.client.connect(
             ^^^^^^^^^^^^^^^^^^^^^^^^^^
        ip, port, max_buffer_size=MAX_BUFFER_SIZE, **kwargs
        ^^^^^^^^^^^^^^^^^^^^^^^^^^^^^^^^^^^^^^^^^^^^^^^^^^^
    )
    ^
  File "c:\Users\mtt1e23\OneDrive - University of Southampton\Documents\python-PIVTOOLs\env\Lib\site-packages\tornado\tcpclient.py", line 279, in connect
    af, addr, stream = await connector.start(connect_timeout=timeout)
                       ^^^^^^^^^^^^^^^^^^^^^^^^^^^^^^^^^^^^^^^^^^^^^^
asyncio.exceptions.CancelledError

The above exception was the direct cause of the following exception:

Traceback (most recent call last):
  File "c:\Users\mtt1e23\OneDrive - University of Southampton\Documents\python-PIVTOOLs\env\Lib\site-packages\distributed\comm\core.py", line 342, in connect
    comm = await wait_for(
           ^^^^^^^^^^^^^^^
    ...<2 lines>...
    )
    ^
  File "c:\Users\mtt1e23\OneDrive - University of Southampton\Documents\python-PIVTOOLs\env\Lib\site-packages\distributed\utils.py", line 1922, in wait_for
    async with asyncio.timeout(timeout):
               ~~~~~~~~~~~~~~~^^^^^^^^^
  File "C:\Python313\Lib\asyncio\timeouts.py", line 116, in __aexit__
    raise TimeoutError from exc_val
TimeoutError

The above exception was the direct cause of the following exception:

Traceback (most recent call last):
  File "c:\Users\mtt1e23\OneDrive - University of Southampton\Documents\python-PIVTOOLs\env\Lib\site-packages\distributed\worker.py", line 2073, in gather_dep
    response = await get_data_from_worker(
               ^^^^^^^^^^^^^^^^^^^^^^^^^^^
        rpc=self.rpc, keys=to_gather, worker=worker, who=self.address
        ^^^^^^^^^^^^^^^^^^^^^^^^^^^^^^^^^^^^^^^^^^^^^^^^^^^^^^^^^^^^^
    )
    ^
  File "c:\Users\mtt1e23\OneDrive - University of Southampton\Documents\python-PIVTOOLs\env\Lib\site-packages\distributed\worker.py", line 2876, in get_data_from_worker
    comm = await rpc.connect(worker)
           ^^^^^^^^^^^^^^^^^^^^^^^^^
  File "c:\Users\mtt1e23\OneDrive - University of Southampton\Documents\python-PIVTOOLs\env\Lib\site-packages\distributed\core.py", line 1485, in connect
    return await self._connect(addr=addr, timeout=timeout)
           ^^^^^^^^^^^^^^^^^^^^^^^^^^^^^^^^^^^^^^^^^^^^^^^
  File "c:\Users\mtt1e23\OneDrive - University of Southampton\Documents\python-PIVTOOLs\env\Lib\site-packages\distributed\core.py", line 1429, in _connect
    comm = await connect(
           ^^^^^^^^^^^^^^
    ...<4 lines>...
    )
    ^
  File "c:\Users\mtt1e23\OneDrive - University of Southampton\Documents\python-PIVTOOLs\env\Lib\site-packages\distributed\comm\core.py", line 368, in connect
    raise OSError(
        f"Timed out trying to connect to {addr} after {timeout} s"
    ) from active_exception
OSError: Timed out trying to connect to tcp://127.0.0.1:62386 after 30 s
2025-11-03 15:31:10,820 - distributed.worker - ERROR - Worker stream died during communication: tcp://127.0.0.1:62342
Traceback (most recent call last):
  File "c:\Users\mtt1e23\OneDrive - University of Southampton\Documents\python-PIVTOOLs\env\Lib\site-packages\distributed\utils.py", line 1923, in wait_for
    return await fut
           ^^^^^^^^^
  File "c:\Users\mtt1e23\OneDrive - University of Southampton\Documents\python-PIVTOOLs\env\Lib\site-packages\distributed\comm\tcp.py", line 547, in connect
    stream = await self.client.connect(
             ^^^^^^^^^^^^^^^^^^^^^^^^^^
        ip, port, max_buffer_size=MAX_BUFFER_SIZE, **kwargs
        ^^^^^^^^^^^^^^^^^^^^^^^^^^^^^^^^^^^^^^^^^^^^^^^^^^^
    )
    ^
  File "c:\Users\mtt1e23\OneDrive - University of Southampton\Documents\python-PIVTOOLs\env\Lib\site-packages\tornado\tcpclient.py", line 279, in connect
    af, addr, stream = await connector.start(connect_timeout=timeout)
                       ^^^^^^^^^^^^^^^^^^^^^^^^^^^^^^^^^^^^^^^^^^^^^^
asyncio.exceptions.CancelledError

The above exception was the direct cause of the following exception:

Traceback (most recent call last):
  File "c:\Users\mtt1e23\OneDrive - University of Southampton\Documents\python-PIVTOOLs\env\Lib\site-packages\distributed\comm\core.py", line 342, in connect
    comm = await wait_for(
           ^^^^^^^^^^^^^^^
    ...<2 lines>...
    )
    ^
  File "c:\Users\mtt1e23\OneDrive - University of Southampton\Documents\python-PIVTOOLs\env\Lib\site-packages\distributed\utils.py", line 1922, in wait_for
    async with asyncio.timeout(timeout):
               ~~~~~~~~~~~~~~~^^^^^^^^^
  File "C:\Python313\Lib\asyncio\timeouts.py", line 116, in __aexit__
    raise TimeoutError from exc_val
TimeoutError

The above exception was the direct cause of the following exception:

Traceback (most recent call last):
  File "c:\Users\mtt1e23\OneDrive - University of Southampton\Documents\python-PIVTOOLs\env\Lib\site-packages\distributed\worker.py", line 2073, in gather_dep
    response = await get_data_from_worker(
               ^^^^^^^^^^^^^^^^^^^^^^^^^^^
        rpc=self.rpc, keys=to_gather, worker=worker, who=self.address
        ^^^^^^^^^^^^^^^^^^^^^^^^^^^^^^^^^^^^^^^^^^^^^^^^^^^^^^^^^^^^^
    )
    ^
  File "c:\Users\mtt1e23\OneDrive - University of Southampton\Documents\python-PIVTOOLs\env\Lib\site-packages\distributed\worker.py", line 2876, in get_data_from_worker
    comm = await rpc.connect(worker)
           ^^^^^^^^^^^^^^^^^^^^^^^^^
  File "c:\Users\mtt1e23\OneDrive - University of Southampton\Documents\python-PIVTOOLs\env\Lib\site-packages\distributed\core.py", line 1485, in connect
    return await self._connect(addr=addr, timeout=timeout)
           ^^^^^^^^^^^^^^^^^^^^^^^^^^^^^^^^^^^^^^^^^^^^^^^
  File "c:\Users\mtt1e23\OneDrive - University of Southampton\Documents\python-PIVTOOLs\env\Lib\site-packages\distributed\core.py", line 1429, in _connect
    comm = await connect(
           ^^^^^^^^^^^^^^
    ...<4 lines>...
    )
    ^
  File "c:\Users\mtt1e23\OneDrive - University of Southampton\Documents\python-PIVTOOLs\env\Lib\site-packages\distributed\comm\core.py", line 368, in connect
    raise OSError(
        f"Timed out trying to connect to {addr} after {timeout} s"
    ) from active_exception
OSError: Timed out trying to connect to tcp://127.0.0.1:62342 after 30 s
2025-11-03 15:31:10,821 - distributed.worker - ERROR - Worker stream died during communication: tcp://127.0.0.1:62386
Traceback (most recent call last):
  File "c:\Users\mtt1e23\OneDrive - University of Southampton\Documents\python-PIVTOOLs\env\Lib\site-packages\distributed\utils.py", line 1923, in wait_for
    return await fut
           ^^^^^^^^^
  File "c:\Users\mtt1e23\OneDrive - University of Southampton\Documents\python-PIVTOOLs\env\Lib\site-packages\distributed\comm\tcp.py", line 547, in connect
    stream = await self.client.connect(
             ^^^^^^^^^^^^^^^^^^^^^^^^^^
        ip, port, max_buffer_size=MAX_BUFFER_SIZE, **kwargs
        ^^^^^^^^^^^^^^^^^^^^^^^^^^^^^^^^^^^^^^^^^^^^^^^^^^^
    )
    ^
  File "c:\Users\mtt1e23\OneDrive - University of Southampton\Documents\python-PIVTOOLs\env\Lib\site-packages\tornado\tcpclient.py", line 279, in connect
    af, addr, stream = await connector.start(connect_timeout=timeout)
                       ^^^^^^^^^^^^^^^^^^^^^^^^^^^^^^^^^^^^^^^^^^^^^^
asyncio.exceptions.CancelledError

The above exception was the direct cause of the following exception:

Traceback (most recent call last):
  File "c:\Users\mtt1e23\OneDrive - University of Southampton\Documents\python-PIVTOOLs\env\Lib\site-packages\distributed\comm\core.py", line 342, in connect
    comm = await wait_for(
           ^^^^^^^^^^^^^^^
    ...<2 lines>...
    )
    ^
  File "c:\Users\mtt1e23\OneDrive - University of Southampton\Documents\python-PIVTOOLs\env\Lib\site-packages\distributed\utils.py", line 1922, in wait_for
    async with asyncio.timeout(timeout):
               ~~~~~~~~~~~~~~~^^^^^^^^^
  File "C:\Python313\Lib\asyncio\timeouts.py", line 116, in __aexit__
    raise TimeoutError from exc_val
TimeoutError

The above exception was the direct cause of the following exception:

Traceback (most recent call last):
  File "c:\Users\mtt1e23\OneDrive - University of Southampton\Documents\python-PIVTOOLs\env\Lib\site-packages\distributed\worker.py", line 2073, in gather_dep
    response = await get_data_from_worker(
               ^^^^^^^^^^^^^^^^^^^^^^^^^^^
        rpc=self.rpc, keys=to_gather, worker=worker, who=self.address
        ^^^^^^^^^^^^^^^^^^^^^^^^^^^^^^^^^^^^^^^^^^^^^^^^^^^^^^^^^^^^^
    )
    ^
  File "c:\Users\mtt1e23\OneDrive - University of Southampton\Documents\python-PIVTOOLs\env\Lib\site-packages\distributed\worker.py", line 2876, in get_data_from_worker
    comm = await rpc.connect(worker)
           ^^^^^^^^^^^^^^^^^^^^^^^^^
  File "c:\Users\mtt1e23\OneDrive - University of Southampton\Documents\python-PIVTOOLs\env\Lib\site-packages\distributed\core.py", line 1485, in connect
    return await self._connect(addr=addr, timeout=timeout)
           ^^^^^^^^^^^^^^^^^^^^^^^^^^^^^^^^^^^^^^^^^^^^^^^
  File "c:\Users\mtt1e23\OneDrive - University of Southampton\Documents\python-PIVTOOLs\env\Lib\site-packages\distributed\core.py", line 1429, in _connect
    comm = await connect(
           ^^^^^^^^^^^^^^
    ...<4 lines>...
    )
    ^
  File "c:\Users\mtt1e23\OneDrive - University of Southampton\Documents\python-PIVTOOLs\env\Lib\site-packages\distributed\comm\core.py", line 368, in connect
    raise OSError(
        f"Timed out trying to connect to {addr} after {timeout} s"
    ) from active_exception
OSError: Timed out trying to connect to tcp://127.0.0.1:62386 after 30 s
2025-11-03 15:31:10,823 - distributed.worker - ERROR - Worker stream died during communication: tcp://127.0.0.1:62331
Traceback (most recent call last):
  File "c:\Users\mtt1e23\OneDrive - University of Southampton\Documents\python-PIVTOOLs\env\Lib\site-packages\distributed\utils.py", line 1923, in wait_for
    return await fut
           ^^^^^^^^^
  File "c:\Users\mtt1e23\OneDrive - University of Southampton\Documents\python-PIVTOOLs\env\Lib\site-packages\distributed\comm\tcp.py", line 547, in connect
    stream = await self.client.connect(
             ^^^^^^^^^^^^^^^^^^^^^^^^^^
        ip, port, max_buffer_size=MAX_BUFFER_SIZE, **kwargs
        ^^^^^^^^^^^^^^^^^^^^^^^^^^^^^^^^^^^^^^^^^^^^^^^^^^^
    )
    ^
  File "c:\Users\mtt1e23\OneDrive - University of Southampton\Documents\python-PIVTOOLs\env\Lib\site-packages\tornado\tcpclient.py", line 279, in connect
    af, addr, stream = await connector.start(connect_timeout=timeout)
                       ^^^^^^^^^^^^^^^^^^^^^^^^^^^^^^^^^^^^^^^^^^^^^^
asyncio.exceptions.CancelledError

The above exception was the direct cause of the following exception:

Traceback (most recent call last):
  File "c:\Users\mtt1e23\OneDrive - University of Southampton\Documents\python-PIVTOOLs\env\Lib\site-packages\distributed\comm\core.py", line 342, in connect
    comm = await wait_for(
           ^^^^^^^^^^^^^^^
    ...<2 lines>...
    )
    ^
  File "c:\Users\mtt1e23\OneDrive - University of Southampton\Documents\python-PIVTOOLs\env\Lib\site-packages\distributed\utils.py", line 1922, in wait_for
    async with asyncio.timeout(timeout):
               ~~~~~~~~~~~~~~~^^^^^^^^^
  File "C:\Python313\Lib\asyncio\timeouts.py", line 116, in __aexit__
    raise TimeoutError from exc_val
TimeoutError

The above exception was the direct cause of the following exception:

Traceback (most recent call last):
  File "c:\Users\mtt1e23\OneDrive - University of Southampton\Documents\python-PIVTOOLs\env\Lib\site-packages\distributed\worker.py", line 2073, in gather_dep
    response = await get_data_from_worker(
               ^^^^^^^^^^^^^^^^^^^^^^^^^^^
        rpc=self.rpc, keys=to_gather, worker=worker, who=self.address
        ^^^^^^^^^^^^^^^^^^^^^^^^^^^^^^^^^^^^^^^^^^^^^^^^^^^^^^^^^^^^^
    )
    ^
  File "c:\Users\mtt1e23\OneDrive - University of Southampton\Documents\python-PIVTOOLs\env\Lib\site-packages\distributed\worker.py", line 2876, in get_data_from_worker
    comm = await rpc.connect(worker)
           ^^^^^^^^^^^^^^^^^^^^^^^^^
  File "c:\Users\mtt1e23\OneDrive - University of Southampton\Documents\python-PIVTOOLs\env\Lib\site-packages\distributed\core.py", line 1485, in connect
    return await self._connect(addr=addr, timeout=timeout)
           ^^^^^^^^^^^^^^^^^^^^^^^^^^^^^^^^^^^^^^^^^^^^^^^
  File "c:\Users\mtt1e23\OneDrive - University of Southampton\Documents\python-PIVTOOLs\env\Lib\site-packages\distributed\core.py", line 1429, in _connect
    comm = await connect(
           ^^^^^^^^^^^^^^
    ...<4 lines>...
    )
    ^
  File "c:\Users\mtt1e23\OneDrive - University of Southampton\Documents\python-PIVTOOLs\env\Lib\site-packages\distributed\comm\core.py", line 368, in connect
    raise OSError(
        f"Timed out trying to connect to {addr} after {timeout} s"
    ) from active_exception
OSError: Timed out trying to connect to tcp://127.0.0.1:62331 after 30 s
2025-11-03 15:31:10,825 - distributed.worker - ERROR - Worker stream died during communication: tcp://127.0.0.1:62342
Traceback (most recent call last):
  File "c:\Users\mtt1e23\OneDrive - University of Southampton\Documents\python-PIVTOOLs\env\Lib\site-packages\distributed\utils.py", line 1923, in wait_for
    return await fut
           ^^^^^^^^^
  File "c:\Users\mtt1e23\OneDrive - University of Southampton\Documents\python-PIVTOOLs\env\Lib\site-packages\distributed\comm\tcp.py", line 547, in connect
    stream = await self.client.connect(
             ^^^^^^^^^^^^^^^^^^^^^^^^^^
        ip, port, max_buffer_size=MAX_BUFFER_SIZE, **kwargs
        ^^^^^^^^^^^^^^^^^^^^^^^^^^^^^^^^^^^^^^^^^^^^^^^^^^^
    )
    ^
  File "c:\Users\mtt1e23\OneDrive - University of Southampton\Documents\python-PIVTOOLs\env\Lib\site-packages\tornado\tcpclient.py", line 279, in connect
    af, addr, stream = await connector.start(connect_timeout=timeout)
                       ^^^^^^^^^^^^^^^^^^^^^^^^^^^^^^^^^^^^^^^^^^^^^^
asyncio.exceptions.CancelledError

The above exception was the direct cause of the following exception:

Traceback (most recent call last):
  File "c:\Users\mtt1e23\OneDrive - University of Southampton\Documents\python-PIVTOOLs\env\Lib\site-packages\distributed\comm\core.py", line 342, in connect
    comm = await wait_for(
           ^^^^^^^^^^^^^^^
    ...<2 lines>...
    )
    ^
  File "c:\Users\mtt1e23\OneDrive - University of Southampton\Documents\python-PIVTOOLs\env\Lib\site-packages\distributed\utils.py", line 1922, in wait_for
    async with asyncio.timeout(timeout):
               ~~~~~~~~~~~~~~~^^^^^^^^^
  File "C:\Python313\Lib\asyncio\timeouts.py", line 116, in __aexit__
    raise TimeoutError from exc_val
TimeoutError

The above exception was the direct cause of the following exception:

Traceback (most recent call last):
  File "c:\Users\mtt1e23\OneDrive - University of Southampton\Documents\python-PIVTOOLs\env\Lib\site-packages\distributed\worker.py", line 2073, in gather_dep
    response = await get_data_from_worker(
               ^^^^^^^^^^^^^^^^^^^^^^^^^^^
        rpc=self.rpc, keys=to_gather, worker=worker, who=self.address
        ^^^^^^^^^^^^^^^^^^^^^^^^^^^^^^^^^^^^^^^^^^^^^^^^^^^^^^^^^^^^^
    )
    ^
  File "c:\Users\mtt1e23\OneDrive - University of Southampton\Documents\python-PIVTOOLs\env\Lib\site-packages\distributed\worker.py", line 2876, in get_data_from_worker
    comm = await rpc.connect(worker)
           ^^^^^^^^^^^^^^^^^^^^^^^^^
  File "c:\Users\mtt1e23\OneDrive - University of Southampton\Documents\python-PIVTOOLs\env\Lib\site-packages\distributed\core.py", line 1485, in connect
    return await self._connect(addr=addr, timeout=timeout)
           ^^^^^^^^^^^^^^^^^^^^^^^^^^^^^^^^^^^^^^^^^^^^^^^
  File "c:\Users\mtt1e23\OneDrive - University of Southampton\Documents\python-PIVTOOLs\env\Lib\site-packages\distributed\core.py", line 1429, in _connect
    comm = await connect(
           ^^^^^^^^^^^^^^
    ...<4 lines>...
    )
    ^
  File "c:\Users\mtt1e23\OneDrive - University of Southampton\Documents\python-PIVTOOLs\env\Lib\site-packages\distributed\comm\core.py", line 368, in connect
    raise OSError(
        f"Timed out trying to connect to {addr} after {timeout} s"
    ) from active_exception
OSError: Timed out trying to connect to tcp://127.0.0.1:62342 after 30 s
2025-11-03 15:31:10,954 - distributed.worker.memory - WARNING - Worker is at 82% memory usage. Pausing worker.  Process memory: 2.20 GiB -- Worker memory limit: 2.66 GiB
2025-11-03 15:31:11,054 - distributed.worker - ERROR - Worker stream died during communication: tcp://127.0.0.1:62371
Traceback (most recent call last):
  File "c:\Users\mtt1e23\OneDrive - University of Southampton\Documents\python-PIVTOOLs\env\Lib\site-packages\distributed\utils.py", line 1923, in wait_for
    return await fut
           ^^^^^^^^^
  File "c:\Users\mtt1e23\OneDrive - University of Southampton\Documents\python-PIVTOOLs\env\Lib\site-packages\distributed\comm\tcp.py", line 547, in connect
    stream = await self.client.connect(
             ^^^^^^^^^^^^^^^^^^^^^^^^^^
        ip, port, max_buffer_size=MAX_BUFFER_SIZE, **kwargs
        ^^^^^^^^^^^^^^^^^^^^^^^^^^^^^^^^^^^^^^^^^^^^^^^^^^^
    )
    ^
  File "c:\Users\mtt1e23\OneDrive - University of Southampton\Documents\python-PIVTOOLs\env\Lib\site-packages\tornado\tcpclient.py", line 279, in connect
    af, addr, stream = await connector.start(connect_timeout=timeout)
                       ^^^^^^^^^^^^^^^^^^^^^^^^^^^^^^^^^^^^^^^^^^^^^^
asyncio.exceptions.CancelledError

The above exception was the direct cause of the following exception:

Traceback (most recent call last):
  File "c:\Users\mtt1e23\OneDrive - University of Southampton\Documents\python-PIVTOOLs\env\Lib\site-packages\distributed\comm\core.py", line 342, in connect
    comm = await wait_for(
           ^^^^^^^^^^^^^^^
    ...<2 lines>...
    )
    ^
  File "c:\Users\mtt1e23\OneDrive - University of Southampton\Documents\python-PIVTOOLs\env\Lib\site-packages\distributed\utils.py", line 1922, in wait_for
    async with asyncio.timeout(timeout):
               ~~~~~~~~~~~~~~~^^^^^^^^^
  File "C:\Python313\Lib\asyncio\timeouts.py", line 116, in __aexit__
    raise TimeoutError from exc_val
TimeoutError

The above exception was the direct cause of the following exception:

Traceback (most recent call last):
  File "c:\Users\mtt1e23\OneDrive - University of Southampton\Documents\python-PIVTOOLs\env\Lib\site-packages\distributed\worker.py", line 2073, in gather_dep
    response = await get_data_from_worker(
               ^^^^^^^^^^^^^^^^^^^^^^^^^^^
        rpc=self.rpc, keys=to_gather, worker=worker, who=self.address
        ^^^^^^^^^^^^^^^^^^^^^^^^^^^^^^^^^^^^^^^^^^^^^^^^^^^^^^^^^^^^^
    )
    ^
  File "c:\Users\mtt1e23\OneDrive - University of Southampton\Documents\python-PIVTOOLs\env\Lib\site-packages\distributed\worker.py", line 2876, in get_data_from_worker
    comm = await rpc.connect(worker)
           ^^^^^^^^^^^^^^^^^^^^^^^^^
  File "c:\Users\mtt1e23\OneDrive - University of Southampton\Documents\python-PIVTOOLs\env\Lib\site-packages\distributed\core.py", line 1485, in connect
    return await self._connect(addr=addr, timeout=timeout)
           ^^^^^^^^^^^^^^^^^^^^^^^^^^^^^^^^^^^^^^^^^^^^^^^
  File "c:\Users\mtt1e23\OneDrive - University of Southampton\Documents\python-PIVTOOLs\env\Lib\site-packages\distributed\core.py", line 1429, in _connect
    comm = await connect(
           ^^^^^^^^^^^^^^
    ...<4 lines>...
    )
    ^
  File "c:\Users\mtt1e23\OneDrive - University of Southampton\Documents\python-PIVTOOLs\env\Lib\site-packages\distributed\comm\core.py", line 368, in connect
    raise OSError(
        f"Timed out trying to connect to {addr} after {timeout} s"
    ) from active_exception
OSError: Timed out trying to connect to tcp://127.0.0.1:62371 after 30 s
2025-11-03 15:31:11,054 - distributed.worker - ERROR - Worker stream died during communication: tcp://127.0.0.1:62371
Traceback (most recent call last):
  File "c:\Users\mtt1e23\OneDrive - University of Southampton\Documents\python-PIVTOOLs\env\Lib\site-packages\distributed\utils.py", line 1923, in wait_for
    return await fut
           ^^^^^^^^^
  File "c:\Users\mtt1e23\OneDrive - University of Southampton\Documents\python-PIVTOOLs\env\Lib\site-packages\distributed\comm\tcp.py", line 547, in connect
    stream = await self.client.connect(
             ^^^^^^^^^^^^^^^^^^^^^^^^^^
        ip, port, max_buffer_size=MAX_BUFFER_SIZE, **kwargs
        ^^^^^^^^^^^^^^^^^^^^^^^^^^^^^^^^^^^^^^^^^^^^^^^^^^^
    )
    ^
  File "c:\Users\mtt1e23\OneDrive - University of Southampton\Documents\python-PIVTOOLs\env\Lib\site-packages\tornado\tcpclient.py", line 279, in connect
    af, addr, stream = await connector.start(connect_timeout=timeout)
                       ^^^^^^^^^^^^^^^^^^^^^^^^^^^^^^^^^^^^^^^^^^^^^^
asyncio.exceptions.CancelledError

The above exception was the direct cause of the following exception:

Traceback (most recent call last):
  File "c:\Users\mtt1e23\OneDrive - University of Southampton\Documents\python-PIVTOOLs\env\Lib\site-packages\distributed\comm\core.py", line 342, in connect
    comm = await wait_for(
           ^^^^^^^^^^^^^^^
    ...<2 lines>...
    )
    ^
  File "c:\Users\mtt1e23\OneDrive - University of Southampton\Documents\python-PIVTOOLs\env\Lib\site-packages\distributed\utils.py", line 1922, in wait_for
    async with asyncio.timeout(timeout):
               ~~~~~~~~~~~~~~~^^^^^^^^^
  File "C:\Python313\Lib\asyncio\timeouts.py", line 116, in __aexit__
    raise TimeoutError from exc_val
TimeoutError

The above exception was the direct cause of the following exception:

Traceback (most recent call last):
  File "c:\Users\mtt1e23\OneDrive - University of Southampton\Documents\python-PIVTOOLs\env\Lib\site-packages\distributed\worker.py", line 2073, in gather_dep
    response = await get_data_from_worker(
               ^^^^^^^^^^^^^^^^^^^^^^^^^^^
        rpc=self.rpc, keys=to_gather, worker=worker, who=self.address
        ^^^^^^^^^^^^^^^^^^^^^^^^^^^^^^^^^^^^^^^^^^^^^^^^^^^^^^^^^^^^^
    )
    ^
  File "c:\Users\mtt1e23\OneDrive - University of Southampton\Documents\python-PIVTOOLs\env\Lib\site-packages\distributed\worker.py", line 2876, in get_data_from_worker
    comm = await rpc.connect(worker)
           ^^^^^^^^^^^^^^^^^^^^^^^^^
  File "c:\Users\mtt1e23\OneDrive - University of Southampton\Documents\python-PIVTOOLs\env\Lib\site-packages\distributed\core.py", line 1485, in connect
    return await self._connect(addr=addr, timeout=timeout)
           ^^^^^^^^^^^^^^^^^^^^^^^^^^^^^^^^^^^^^^^^^^^^^^^
  File "c:\Users\mtt1e23\OneDrive - University of Southampton\Documents\python-PIVTOOLs\env\Lib\site-packages\distributed\core.py", line 1429, in _connect
    comm = await connect(
           ^^^^^^^^^^^^^^
    ...<4 lines>...
    )
    ^
  File "c:\Users\mtt1e23\OneDrive - University of Southampton\Documents\python-PIVTOOLs\env\Lib\site-packages\distributed\comm\core.py", line 368, in connect
    raise OSError(
        f"Timed out trying to connect to {addr} after {timeout} s"
    ) from active_exception
OSError: Timed out trying to connect to tcp://127.0.0.1:62371 after 30 s
2025-11-03 15:31:11,075 - distributed.worker - ERROR - Worker stream died during communication: tcp://127.0.0.1:62371
Traceback (most recent call last):
  File "c:\Users\mtt1e23\OneDrive - University of Southampton\Documents\python-PIVTOOLs\env\Lib\site-packages\distributed\utils.py", line 1923, in wait_for
    return await fut
           ^^^^^^^^^
  File "c:\Users\mtt1e23\OneDrive - University of Southampton\Documents\python-PIVTOOLs\env\Lib\site-packages\distributed\comm\tcp.py", line 547, in connect
    stream = await self.client.connect(
             ^^^^^^^^^^^^^^^^^^^^^^^^^^
        ip, port, max_buffer_size=MAX_BUFFER_SIZE, **kwargs
        ^^^^^^^^^^^^^^^^^^^^^^^^^^^^^^^^^^^^^^^^^^^^^^^^^^^
    )
    ^
  File "c:\Users\mtt1e23\OneDrive - University of Southampton\Documents\python-PIVTOOLs\env\Lib\site-packages\tornado\tcpclient.py", line 279, in connect
    af, addr, stream = await connector.start(connect_timeout=timeout)
                       ^^^^^^^^^^^^^^^^^^^^^^^^^^^^^^^^^^^^^^^^^^^^^^
asyncio.exceptions.CancelledError

The above exception was the direct cause of the following exception:

Traceback (most recent call last):
  File "c:\Users\mtt1e23\OneDrive - University of Southampton\Documents\python-PIVTOOLs\env\Lib\site-packages\distributed\comm\core.py", line 342, in connect
    comm = await wait_for(
           ^^^^^^^^^^^^^^^
    ...<2 lines>...
    )
    ^
  File "c:\Users\mtt1e23\OneDrive - University of Southampton\Documents\python-PIVTOOLs\env\Lib\site-packages\distributed\utils.py", line 1922, in wait_for
    async with asyncio.timeout(timeout):
               ~~~~~~~~~~~~~~~^^^^^^^^^
  File "C:\Python313\Lib\asyncio\timeouts.py", line 116, in __aexit__
    raise TimeoutError from exc_val
TimeoutError

The above exception was the direct cause of the following exception:

Traceback (most recent call last):
  File "c:\Users\mtt1e23\OneDrive - University of Southampton\Documents\python-PIVTOOLs\env\Lib\site-packages\distributed\worker.py", line 2073, in gather_dep
    response = await get_data_from_worker(
               ^^^^^^^^^^^^^^^^^^^^^^^^^^^
        rpc=self.rpc, keys=to_gather, worker=worker, who=self.address
        ^^^^^^^^^^^^^^^^^^^^^^^^^^^^^^^^^^^^^^^^^^^^^^^^^^^^^^^^^^^^^
    )
    ^
  File "c:\Users\mtt1e23\OneDrive - University of Southampton\Documents\python-PIVTOOLs\env\Lib\site-packages\distributed\worker.py", line 2876, in get_data_from_worker
    comm = await rpc.connect(worker)
           ^^^^^^^^^^^^^^^^^^^^^^^^^
  File "c:\Users\mtt1e23\OneDrive - University of Southampton\Documents\python-PIVTOOLs\env\Lib\site-packages\distributed\core.py", line 1485, in connect
    return await self._connect(addr=addr, timeout=timeout)
           ^^^^^^^^^^^^^^^^^^^^^^^^^^^^^^^^^^^^^^^^^^^^^^^
  File "c:\Users\mtt1e23\OneDrive - University of Southampton\Documents\python-PIVTOOLs\env\Lib\site-packages\distributed\core.py", line 1429, in _connect
    comm = await connect(
           ^^^^^^^^^^^^^^
    ...<4 lines>...
    )
    ^
  File "c:\Users\mtt1e23\OneDrive - University of Southampton\Documents\python-PIVTOOLs\env\Lib\site-packages\distributed\comm\core.py", line 368, in connect
    raise OSError(
        f"Timed out trying to connect to {addr} after {timeout} s"
    ) from active_exception
OSError: Timed out trying to connect to tcp://127.0.0.1:62371 after 30 s
2025-11-03 15:31:11,077 - distributed.nanny.memory - WARNING - Worker tcp://127.0.0.1:62301 (pid=28992) exceeded 95% memory budget. Restarting...
2025-11-03 15:31:11,087 - distributed.worker.memory - WARNING - Worker is at 82% memory usage. Pausing worker.  Process memory: 2.19 GiB -- Worker memory limit: 2.66 GiB
2025-11-03 15:31:11,131 - distributed.worker.memory - WARNING - Worker is at 86% memory usage. Pausing worker.  Process memory: 2.31 GiB -- Worker memory limit: 2.66 GiB
2025-11-03 15:31:11,142 - distributed.worker.memory - WARNING - Worker is at 91% memory usage. Pausing worker.  Process memory: 2.43 GiB -- Worker memory limit: 2.66 GiB
2025-11-03 15:31:11,185 - distributed.worker.memory - WARNING - Worker is at 91% memory usage. Pausing worker.  Process memory: 2.45 GiB -- Worker memory limit: 2.66 GiB
2025-11-03 15:31:11,237 - distributed.nanny.memory - WARNING - Worker tcp://127.0.0.1:62322 (pid=24116) exceeded 95% memory budget. Restarting...
2025-11-03 15:31:11,237 - distributed.nanny.memory - WARNING - Worker tcp://127.0.0.1:62336 (pid=22492) exceeded 95% memory budget. Restarting...
2025-11-03 15:31:11,238 - distributed.nanny.memory - WARNING - Worker tcp://127.0.0.1:58833 (pid=29260) exceeded 95% memory budget. Restarting...
2025-11-03 15:31:11,238 - distributed.nanny.memory - WARNING - Worker tcp://127.0.0.1:62349 (pid=31424) exceeded 95% memory budget. Restarting...
2025-11-03 15:31:11,243 - distributed.worker - ERROR - Worker stream died during communication: tcp://127.0.0.1:62322
Traceback (most recent call last):
  File "c:\Users\mtt1e23\OneDrive - University of Southampton\Documents\python-PIVTOOLs\env\Lib\site-packages\tornado\iostream.py", line 861, in _read_to_buffer
    bytes_read = self.read_from_fd(buf)
  File "c:\Users\mtt1e23\OneDrive - University of Southampton\Documents\python-PIVTOOLs\env\Lib\site-packages\tornado\iostream.py", line 1113, in read_from_fd
    return self.socket.recv_into(buf, len(buf))
           ~~~~~~~~~~~~~~~~~~~~~^^^^^^^^^^^^^^^
ConnectionResetError: [WinError 10054] An existing connection was forcibly closed by the remote host

The above exception was the direct cause of the following exception:

Traceback (most recent call last):
  File "c:\Users\mtt1e23\OneDrive - University of Southampton\Documents\python-PIVTOOLs\env\Lib\site-packages\distributed\worker.py", line 2073, in gather_dep
    response = await get_data_from_worker(
               ^^^^^^^^^^^^^^^^^^^^^^^^^^^
        rpc=self.rpc, keys=to_gather, worker=worker, who=self.address
        ^^^^^^^^^^^^^^^^^^^^^^^^^^^^^^^^^^^^^^^^^^^^^^^^^^^^^^^^^^^^^
    )
    ^
  File "c:\Users\mtt1e23\OneDrive - University of Southampton\Documents\python-PIVTOOLs\env\Lib\site-packages\distributed\worker.py", line 2879, in get_data_from_worker
    response = await send_recv(
               ^^^^^^^^^^^^^^^^
    ...<6 lines>...
    )
    ^
  File "c:\Users\mtt1e23\OneDrive - University of Southampton\Documents\python-PIVTOOLs\env\Lib\site-packages\distributed\core.py", line 1018, in send_recv
    response = await comm.read(deserializers=deserializers)
               ^^^^^^^^^^^^^^^^^^^^^^^^^^^^^^^^^^^^^^^^^^^^
  File "c:\Users\mtt1e23\OneDrive - University of Southampton\Documents\python-PIVTOOLs\env\Lib\site-packages\distributed\comm\tcp.py", line 237, in read
    convert_stream_closed_error(self, e)
    ~~~~~~~~~~~~~~~~~~~~~~~~~~~^^^^^^^^^
  File "c:\Users\mtt1e23\OneDrive - University of Southampton\Documents\python-PIVTOOLs\env\Lib\site-packages\distributed\comm\tcp.py", line 143, in convert_stream_closed_error
    raise CommClosedError(f"in {obj}: {exc.__class__.__name__}: {exc}") from exc
distributed.comm.core.CommClosedError: in <TCP (closed) Ephemeral Worker->Worker for gather local=tcp://127.0.0.1:64991 remote=tcp://127.0.0.1:62322>: ConnectionResetError: [WinError 10054] An existing connection was forcibly closed by the remote host
2025-11-03 15:31:11,248 - distributed.worker - ERROR - Worker stream died during communication: tcp://127.0.0.1:58833
Traceback (most recent call last):
  File "c:\Users\mtt1e23\OneDrive - University of Southampton\Documents\python-PIVTOOLs\env\Lib\site-packages\tornado\iostream.py", line 861, in _read_to_buffer
    bytes_read = self.read_from_fd(buf)
  File "c:\Users\mtt1e23\OneDrive - University of Southampton\Documents\python-PIVTOOLs\env\Lib\site-packages\tornado\iostream.py", line 1113, in read_from_fd
    return self.socket.recv_into(buf, len(buf))
           ~~~~~~~~~~~~~~~~~~~~~^^^^^^^^^^^^^^^
ConnectionResetError: [WinError 10054] An existing connection was forcibly closed by the remote host

The above exception was the direct cause of the following exception:

Traceback (most recent call last):
  File "c:\Users\mtt1e23\OneDrive - University of Southampton\Documents\python-PIVTOOLs\env\Lib\site-packages\distributed\worker.py", line 2073, in gather_dep
    response = await get_data_from_worker(
               ^^^^^^^^^^^^^^^^^^^^^^^^^^^
        rpc=self.rpc, keys=to_gather, worker=worker, who=self.address
        ^^^^^^^^^^^^^^^^^^^^^^^^^^^^^^^^^^^^^^^^^^^^^^^^^^^^^^^^^^^^^
    )
    ^
  File "c:\Users\mtt1e23\OneDrive - University of Southampton\Documents\python-PIVTOOLs\env\Lib\site-packages\distributed\worker.py", line 2876, in get_data_from_worker
    comm = await rpc.connect(worker)
           ^^^^^^^^^^^^^^^^^^^^^^^^^
  File "c:\Users\mtt1e23\OneDrive - University of Southampton\Documents\python-PIVTOOLs\env\Lib\site-packages\distributed\core.py", line 1485, in connect
    return await self._connect(addr=addr, timeout=timeout)
           ^^^^^^^^^^^^^^^^^^^^^^^^^^^^^^^^^^^^^^^^^^^^^^^
  File "c:\Users\mtt1e23\OneDrive - University of Southampton\Documents\python-PIVTOOLs\env\Lib\site-packages\distributed\core.py", line 1429, in _connect
    comm = await connect(
           ^^^^^^^^^^^^^^
    ...<4 lines>...
    )
    ^
  File "c:\Users\mtt1e23\OneDrive - University of Southampton\Documents\python-PIVTOOLs\env\Lib\site-packages\distributed\comm\core.py", line 377, in connect
    handshake = await comm.read()
                ^^^^^^^^^^^^^^^^^
  File "c:\Users\mtt1e23\OneDrive - University of Southampton\Documents\python-PIVTOOLs\env\Lib\site-packages\distributed\comm\tcp.py", line 237, in read
    convert_stream_closed_error(self, e)
    ~~~~~~~~~~~~~~~~~~~~~~~~~~~^^^^^^^^^
  File "c:\Users\mtt1e23\OneDrive - University of Southampton\Documents\python-PIVTOOLs\env\Lib\site-packages\distributed\comm\tcp.py", line 143, in convert_stream_closed_error
    raise CommClosedError(f"in {obj}: {exc.__class__.__name__}: {exc}") from exc
distributed.comm.core.CommClosedError: in <TCP (closed)  local=tcp://127.0.0.1:53532 remote=tcp://127.0.0.1:58833>: ConnectionResetError: [WinError 10054] An existing connection was forcibly closed by the remote host
2025-11-03 15:31:11,274 - distributed.scheduler - ERROR - Task getitem-rechunk-merge-finalize-hlgfinalizecompute-02297cc6af1d40abba794a547ece2916 marked as failed because 4 workers died while trying to run it
2025-11-03 15:31:11,281 - distributed.scheduler - ERROR - Task getitem-rechunk-merge-finalize-hlgfinalizecompute-6f3ac76a09e944c3b7d8c75c52b0cc85 marked as failed because 4 workers died while trying to run it
2025-11-03 15:31:11,282 - distributed.scheduler - ERROR - Task getitem-rechunk-merge-finalize-hlgfinalizecompute-b44ba30ddf834511843c410dfbfb2615 marked as failed because 4 workers died while trying to run it
2025-11-03 15:31:11,282 - distributed.scheduler - WARNING - Removing worker 'tcp://127.0.0.1:58833' caused the cluster to lose already computed task(s), which will be recomputed elsewhere: {'getitem-rechunk-merge-finalize-hlgfinalizecompute-e769eccbf6464a20be1e39c9b361bb1c', ('stack-2eb85d96b2c57f19f5c45fe8bf3c4979', 126, 0, 0, 0), ('stack-2eb85d96b2c57f19f5c45fe8bf3c4979', 50, 0, 0, 0), ('stack-2eb85d96b2c57f19f5c45fe8bf3c4979', 99, 0, 0, 0), ('stack-2eb85d96b2c57f19f5c45fe8bf3c4979', 52, 0, 0, 0)} (stimulus_id='handle-worker-cleanup-1762183871.2820075')
2025-11-03 15:31:11,772 - distributed.nanny - WARNING - Restarting worker
2025-11-03 15:31:11,775 - distributed.nanny - WARNING - Restarting worker
2025-11-03 15:31:11,781 - distributed.nanny - WARNING - Restarting worker
2025-11-03 15:31:11,783 - distributed.nanny - WARNING - Restarting worker
2025-11-03 15:31:11,786 - distributed.nanny - WARNING - Restarting worker
2025-11-03 15:31:12,672 - distributed.worker.memory - WARNING - Worker is at 94% memory usage. Pausing worker.  Process memory: 2.51 GiB -- Worker memory limit: 2.66 GiB
2025-11-03 15:31:12,713 - distributed.nanny.memory - WARNING - Worker tcp://127.0.0.1:62379 (pid=29216) exceeded 95% memory budget. Restarting...
2025-11-03 15:31:12,725 - distributed.worker - ERROR - Worker stream died during communication: tcp://127.0.0.1:62379
Traceback (most recent call last):
  File "c:\Users\mtt1e23\OneDrive - University of Southampton\Documents\python-PIVTOOLs\env\Lib\site-packages\tornado\iostream.py", line 861, in _read_to_buffer
    bytes_read = self.read_from_fd(buf)
  File "c:\Users\mtt1e23\OneDrive - University of Southampton\Documents\python-PIVTOOLs\env\Lib\site-packages\tornado\iostream.py", line 1113, in read_from_fd
    return self.socket.recv_into(buf, len(buf))
           ~~~~~~~~~~~~~~~~~~~~~^^^^^^^^^^^^^^^
ConnectionResetError: [WinError 10054] An existing connection was forcibly closed by the remote host

The above exception was the direct cause of the following exception:

Traceback (most recent call last):
  File "c:\Users\mtt1e23\OneDrive - University of Southampton\Documents\python-PIVTOOLs\env\Lib\site-packages\distributed\worker.py", line 2073, in gather_dep
    response = await get_data_from_worker(
               ^^^^^^^^^^^^^^^^^^^^^^^^^^^
        rpc=self.rpc, keys=to_gather, worker=worker, who=self.address
        ^^^^^^^^^^^^^^^^^^^^^^^^^^^^^^^^^^^^^^^^^^^^^^^^^^^^^^^^^^^^^
    )
    ^
  File "c:\Users\mtt1e23\OneDrive - University of Southampton\Documents\python-PIVTOOLs\env\Lib\site-packages\distributed\worker.py", line 2879, in get_data_from_worker
    response = await send_recv(
               ^^^^^^^^^^^^^^^^
    ...<6 lines>...
    )
    ^
  File "c:\Users\mtt1e23\OneDrive - University of Southampton\Documents\python-PIVTOOLs\env\Lib\site-packages\distributed\core.py", line 1018, in send_recv
    response = await comm.read(deserializers=deserializers)
               ^^^^^^^^^^^^^^^^^^^^^^^^^^^^^^^^^^^^^^^^^^^^
  File "c:\Users\mtt1e23\OneDrive - University of Southampton\Documents\python-PIVTOOLs\env\Lib\site-packages\distributed\comm\tcp.py", line 237, in read
    convert_stream_closed_error(self, e)
    ~~~~~~~~~~~~~~~~~~~~~~~~~~~^^^^^^^^^
  File "c:\Users\mtt1e23\OneDrive - University of Southampton\Documents\python-PIVTOOLs\env\Lib\site-packages\distributed\comm\tcp.py", line 143, in convert_stream_closed_error
    raise CommClosedError(f"in {obj}: {exc.__class__.__name__}: {exc}") from exc
distributed.comm.core.CommClosedError: in <TCP (closed) Ephemeral Worker->Worker for gather local=tcp://127.0.0.1:65020 remote=tcp://127.0.0.1:62379>: ConnectionResetError: [WinError 10054] An existing connection was forcibly closed by the remote host
2025-11-03 15:31:12,734 - distributed.scheduler - ERROR - Task getitem-rechunk-merge-finalize-hlgfinalizecompute-dc57adb555694c368e03bf6c8378cb89 marked as failed because 4 workers died while trying to run it
2025-11-03 15:31:12,735 - distributed.scheduler - ERROR - Task getitem-rechunk-merge-finalize-hlgfinalizecompute-f0a998c2e61f4f6b8796f89c71d86ccc marked as failed because 4 workers died while trying to run it
2025-11-03 15:31:12,735 - distributed.scheduler - WARNING - Removing worker 'tcp://127.0.0.1:62379' caused the cluster to lose already computed task(s), which will be recomputed elsewhere: {('stack-2eb85d96b2c57f19f5c45fe8bf3c4979', 86, 0, 0, 0), ('stack-2eb85d96b2c57f19f5c45fe8bf3c4979', 95, 0, 0, 0), 'save_piv_result_distributed-5530f01668cf3bf41728cd742e330cfc', 'save_piv_result_distributed-45342cf5295d40aeb3ba5119c144910b', 'save_piv_result_distributed-3f042879a78bbb93ba2c51d9d77ac514'} (stimulus_id='handle-worker-cleanup-1762183872.734512')
2025-11-03 15:31:12,798 - distributed.worker - ERROR - Worker stream died during communication: tcp://127.0.0.1:62379
Traceback (most recent call last):
  File "c:\Users\mtt1e23\OneDrive - University of Southampton\Documents\python-PIVTOOLs\env\Lib\site-packages\tornado\iostream.py", line 861, in _read_to_buffer
    bytes_read = self.read_from_fd(buf)
  File "c:\Users\mtt1e23\OneDrive - University of Southampton\Documents\python-PIVTOOLs\env\Lib\site-packages\tornado\iostream.py", line 1113, in read_from_fd
    return self.socket.recv_into(buf, len(buf))
           ~~~~~~~~~~~~~~~~~~~~~^^^^^^^^^^^^^^^
ConnectionResetError: [WinError 10054] An existing connection was forcibly closed by the remote host

The above exception was the direct cause of the following exception:

Traceback (most recent call last):
  File "c:\Users\mtt1e23\OneDrive - University of Southampton\Documents\python-PIVTOOLs\env\Lib\site-packages\distributed\worker.py", line 2073, in gather_dep
    response = await get_data_from_worker(
               ^^^^^^^^^^^^^^^^^^^^^^^^^^^
        rpc=self.rpc, keys=to_gather, worker=worker, who=self.address
        ^^^^^^^^^^^^^^^^^^^^^^^^^^^^^^^^^^^^^^^^^^^^^^^^^^^^^^^^^^^^^
    )
    ^
  File "c:\Users\mtt1e23\OneDrive - University of Southampton\Documents\python-PIVTOOLs\env\Lib\site-packages\distributed\worker.py", line 2879, in get_data_from_worker
    response = await send_recv(
               ^^^^^^^^^^^^^^^^
    ...<6 lines>...
    )
    ^
  File "c:\Users\mtt1e23\OneDrive - University of Southampton\Documents\python-PIVTOOLs\env\Lib\site-packages\distributed\core.py", line 1018, in send_recv
    response = await comm.read(deserializers=deserializers)
               ^^^^^^^^^^^^^^^^^^^^^^^^^^^^^^^^^^^^^^^^^^^^
  File "c:\Users\mtt1e23\OneDrive - University of Southampton\Documents\python-PIVTOOLs\env\Lib\site-packages\distributed\comm\tcp.py", line 237, in read
    convert_stream_closed_error(self, e)
    ~~~~~~~~~~~~~~~~~~~~~~~~~~~^^^^^^^^^
  File "c:\Users\mtt1e23\OneDrive - University of Southampton\Documents\python-PIVTOOLs\env\Lib\site-packages\distributed\comm\tcp.py", line 143, in convert_stream_closed_error
    raise CommClosedError(f"in {obj}: {exc.__class__.__name__}: {exc}") from exc
distributed.comm.core.CommClosedError: in <TCP (closed) Ephemeral Worker->Worker for gather local=tcp://127.0.0.1:53540 remote=tcp://127.0.0.1:62379>: ConnectionResetError: [WinError 10054] An existing connection was forcibly closed by the remote host
2025-11-03 15:31:12,976 - distributed.worker.memory - WARNING - Worker is at 82% memory usage. Pausing worker.  Process memory: 2.21 GiB -- Worker memory limit: 2.66 GiB
2025-11-03 15:31:13,210 - distributed.nanny.memory - WARNING - Worker tcp://127.0.0.1:62319 (pid=26420) exceeded 95% memory budget. Restarting...
2025-11-03 15:31:13,255 - distributed.worker - ERROR - Worker stream died during communication: tcp://127.0.0.1:62319
Traceback (most recent call last):
  File "c:\Users\mtt1e23\OneDrive - University of Southampton\Documents\python-PIVTOOLs\env\Lib\site-packages\tornado\iostream.py", line 861, in _read_to_buffer
    bytes_read = self.read_from_fd(buf)
  File "c:\Users\mtt1e23\OneDrive - University of Southampton\Documents\python-PIVTOOLs\env\Lib\site-packages\tornado\iostream.py", line 1113, in read_from_fd
    return self.socket.recv_into(buf, len(buf))
           ~~~~~~~~~~~~~~~~~~~~~^^^^^^^^^^^^^^^
ConnectionResetError: [WinError 10054] An existing connection was forcibly closed by the remote host

The above exception was the direct cause of the following exception:

Traceback (most recent call last):
  File "c:\Users\mtt1e23\OneDrive - University of Southampton\Documents\python-PIVTOOLs\env\Lib\site-packages\distributed\worker.py", line 2073, in gather_dep
    response = await get_data_from_worker(
               ^^^^^^^^^^^^^^^^^^^^^^^^^^^
        rpc=self.rpc, keys=to_gather, worker=worker, who=self.address
        ^^^^^^^^^^^^^^^^^^^^^^^^^^^^^^^^^^^^^^^^^^^^^^^^^^^^^^^^^^^^^
    )
    ^
  File "c:\Users\mtt1e23\OneDrive - University of Southampton\Documents\python-PIVTOOLs\env\Lib\site-packages\distributed\worker.py", line 2879, in get_data_from_worker
    response = await send_recv(
               ^^^^^^^^^^^^^^^^
    ...<6 lines>...
    )
    ^
  File "c:\Users\mtt1e23\OneDrive - University of Southampton\Documents\python-PIVTOOLs\env\Lib\site-packages\distributed\core.py", line 1018, in send_recv
    response = await comm.read(deserializers=deserializers)
               ^^^^^^^^^^^^^^^^^^^^^^^^^^^^^^^^^^^^^^^^^^^^
  File "c:\Users\mtt1e23\OneDrive - University of Southampton\Documents\python-PIVTOOLs\env\Lib\site-packages\distributed\comm\tcp.py", line 237, in read
    convert_stream_closed_error(self, e)
    ~~~~~~~~~~~~~~~~~~~~~~~~~~~^^^^^^^^^
  File "c:\Users\mtt1e23\OneDrive - University of Southampton\Documents\python-PIVTOOLs\env\Lib\site-packages\distributed\comm\tcp.py", line 143, in convert_stream_closed_error
    raise CommClosedError(f"in {obj}: {exc.__class__.__name__}: {exc}") from exc
distributed.comm.core.CommClosedError: in <TCP (closed) Ephemeral Worker->Worker for gather local=tcp://127.0.0.1:53538 remote=tcp://127.0.0.1:62319>: ConnectionResetError: [WinError 10054] An existing connection was forcibly closed by the remote host
2025-11-03 15:31:13,255 - distributed.worker - ERROR - Worker stream died during communication: tcp://127.0.0.1:62319
Traceback (most recent call last):
  File "c:\Users\mtt1e23\OneDrive - University of Southampton\Documents\python-PIVTOOLs\env\Lib\site-packages\tornado\iostream.py", line 861, in _read_to_buffer
    bytes_read = self.read_from_fd(buf)
  File "c:\Users\mtt1e23\OneDrive - University of Southampton\Documents\python-PIVTOOLs\env\Lib\site-packages\tornado\iostream.py", line 1113, in read_from_fd
    return self.socket.recv_into(buf, len(buf))
           ~~~~~~~~~~~~~~~~~~~~~^^^^^^^^^^^^^^^
ConnectionResetError: [WinError 10054] An existing connection was forcibly closed by the remote host

The above exception was the direct cause of the following exception:

Traceback (most recent call last):
  File "c:\Users\mtt1e23\OneDrive - University of Southampton\Documents\python-PIVTOOLs\env\Lib\site-packages\distributed\worker.py", line 2073, in gather_dep
    response = await get_data_from_worker(
               ^^^^^^^^^^^^^^^^^^^^^^^^^^^
        rpc=self.rpc, keys=to_gather, worker=worker, who=self.address
        ^^^^^^^^^^^^^^^^^^^^^^^^^^^^^^^^^^^^^^^^^^^^^^^^^^^^^^^^^^^^^
    )
    ^
  File "c:\Users\mtt1e23\OneDrive - University of Southampton\Documents\python-PIVTOOLs\env\Lib\site-packages\distributed\worker.py", line 2879, in get_data_from_worker
    response = await send_recv(
               ^^^^^^^^^^^^^^^^
    ...<6 lines>...
    )
    ^
  File "c:\Users\mtt1e23\OneDrive - University of Southampton\Documents\python-PIVTOOLs\env\Lib\site-packages\distributed\core.py", line 1018, in send_recv
    response = await comm.read(deserializers=deserializers)
               ^^^^^^^^^^^^^^^^^^^^^^^^^^^^^^^^^^^^^^^^^^^^
  File "c:\Users\mtt1e23\OneDrive - University of Southampton\Documents\python-PIVTOOLs\env\Lib\site-packages\distributed\comm\tcp.py", line 237, in read
    convert_stream_closed_error(self, e)
    ~~~~~~~~~~~~~~~~~~~~~~~~~~~^^^^^^^^^
  File "c:\Users\mtt1e23\OneDrive - University of Southampton\Documents\python-PIVTOOLs\env\Lib\site-packages\distributed\comm\tcp.py", line 143, in convert_stream_closed_error
    raise CommClosedError(f"in {obj}: {exc.__class__.__name__}: {exc}") from exc
distributed.comm.core.CommClosedError: in <TCP (closed) Ephemeral Worker->Worker for gather local=tcp://127.0.0.1:65039 remote=tcp://127.0.0.1:62319>: ConnectionResetError: [WinError 10054] An existing connection was forcibly closed by the remote host
2025-11-03 15:31:13,345 - distributed.scheduler - ERROR - Task getitem-rechunk-merge-finalize-hlgfinalizecompute-b7ea20cccf5447c2a163b9b20d558e16 marked as failed because 4 workers died while trying to run it
2025-11-03 15:31:13,345 - distributed.scheduler - ERROR - Task getitem-rechunk-merge-finalize-hlgfinalizecompute-823f358792784063b7a12f2ea4455a56 marked as failed because 4 workers died while trying to run it
2025-11-03 15:31:13,345 - distributed.scheduler - ERROR - Task getitem-rechunk-merge-finalize-hlgfinalizecompute-f7d9265a3acd44bda3894e0f45bf4373 marked as failed because 4 workers died while trying to run it
2025-11-03 15:31:13,345 - distributed.scheduler - WARNING - Removing worker 'tcp://127.0.0.1:62319' caused the cluster to lose already computed task(s), which will be recomputed elsewhere: {'save_piv_result_distributed-d99b032e41b5d41d765ede853439c8d1', 'save_piv_result_distributed-66c40699b61dd1469abe864699992410', 'save_piv_result_distributed-18bb388cd48604d3cbe0a5f49c42efcf', 'save_piv_result_distributed-3515983d38ed404f5de15f2afed11c3d', 'save_piv_result_distributed-30c6bf06ab4ece112d50e5273f1f6d7f', 'save_piv_result_distributed-562002b56094bb6ff742d303bd3271c5', 'save_piv_result_distributed-9882cedf29ea1dc11e0921a393c18015', 'save_piv_result_distributed-acb7fe125b7a6c235bac997e9aeb4058', 'save_piv_result_distributed-c0ce15364ccae5123b9d1f4399fb8693', 'save_piv_result_distributed-57cca46551801b9aefd7be5c1b1ac2c1', 'save_piv_result_distributed-6ca3135fa98d65428c3adc7c9a848422', 'save_piv_result_distributed-ede08c14b0d3b424fe28c866489de631'} (stimulus_id='handle-worker-cleanup-1762183873.345045')
2025-11-03 15:31:14,021 - distributed.worker.memory - WARNING - Worker is at 110% memory usage. Pausing worker.  Process memory: 2.93 GiB -- Worker memory limit: 2.66 GiB
2025-11-03 15:31:14,114 - distributed.nanny.memory - WARNING - Worker tcp://127.0.0.1:62359 (pid=7508) exceeded 95% memory budget. Restarting...
2025-11-03 15:31:14,120 - distributed.nanny - WARNING - Restarting worker
2025-11-03 15:31:14,148 - distributed.worker - ERROR - Worker stream died during communication: tcp://127.0.0.1:62359
Traceback (most recent call last):
  File "c:\Users\mtt1e23\OneDrive - University of Southampton\Documents\python-PIVTOOLs\env\Lib\site-packages\tornado\iostream.py", line 861, in _read_to_buffer
    bytes_read = self.read_from_fd(buf)
  File "c:\Users\mtt1e23\OneDrive - University of Southampton\Documents\python-PIVTOOLs\env\Lib\site-packages\tornado\iostream.py", line 1113, in read_from_fd
    return self.socket.recv_into(buf, len(buf))
           ~~~~~~~~~~~~~~~~~~~~~^^^^^^^^^^^^^^^
ConnectionResetError: [WinError 10054] An existing connection was forcibly closed by the remote host

The above exception was the direct cause of the following exception:

Traceback (most recent call last):
  File "c:\Users\mtt1e23\OneDrive - University of Southampton\Documents\python-PIVTOOLs\env\Lib\site-packages\distributed\worker.py", line 2073, in gather_dep
    response = await get_data_from_worker(
               ^^^^^^^^^^^^^^^^^^^^^^^^^^^
        rpc=self.rpc, keys=to_gather, worker=worker, who=self.address
        ^^^^^^^^^^^^^^^^^^^^^^^^^^^^^^^^^^^^^^^^^^^^^^^^^^^^^^^^^^^^^
    )
    ^
  File "c:\Users\mtt1e23\OneDrive - University of Southampton\Documents\python-PIVTOOLs\env\Lib\site-packages\distributed\worker.py", line 2879, in get_data_from_worker
    response = await send_recv(
               ^^^^^^^^^^^^^^^^
    ...<6 lines>...
    )
    ^
  File "c:\Users\mtt1e23\OneDrive - University of Southampton\Documents\python-PIVTOOLs\env\Lib\site-packages\distributed\core.py", line 1018, in send_recv
    response = await comm.read(deserializers=deserializers)
               ^^^^^^^^^^^^^^^^^^^^^^^^^^^^^^^^^^^^^^^^^^^^
  File "c:\Users\mtt1e23\OneDrive - University of Southampton\Documents\python-PIVTOOLs\env\Lib\site-packages\distributed\comm\tcp.py", line 237, in read
    convert_stream_closed_error(self, e)
    ~~~~~~~~~~~~~~~~~~~~~~~~~~~^^^^^^^^^
  File "c:\Users\mtt1e23\OneDrive - University of Southampton\Documents\python-PIVTOOLs\env\Lib\site-packages\distributed\comm\tcp.py", line 143, in convert_stream_closed_error
    raise CommClosedError(f"in {obj}: {exc.__class__.__name__}: {exc}") from exc
distributed.comm.core.CommClosedError: in <TCP (closed) Ephemeral Worker->Worker for gather local=tcp://127.0.0.1:53539 remote=tcp://127.0.0.1:62359>: ConnectionResetError: [WinError 10054] An existing connection was forcibly closed by the remote host
2025-11-03 15:31:14,148 - distributed.worker - ERROR - Worker stream died during communication: tcp://127.0.0.1:62359
Traceback (most recent call last):
  File "c:\Users\mtt1e23\OneDrive - University of Southampton\Documents\python-PIVTOOLs\env\Lib\site-packages\tornado\iostream.py", line 861, in _read_to_buffer
    bytes_read = self.read_from_fd(buf)
  File "c:\Users\mtt1e23\OneDrive - University of Southampton\Documents\python-PIVTOOLs\env\Lib\site-packages\tornado\iostream.py", line 1113, in read_from_fd
    return self.socket.recv_into(buf, len(buf))
           ~~~~~~~~~~~~~~~~~~~~~^^^^^^^^^^^^^^^
ConnectionResetError: [WinError 10054] An existing connection was forcibly closed by the remote host

The above exception was the direct cause of the following exception:

Traceback (most recent call last):
  File "c:\Users\mtt1e23\OneDrive - University of Southampton\Documents\python-PIVTOOLs\env\Lib\site-packages\distributed\worker.py", line 2073, in gather_dep
    response = await get_data_from_worker(
               ^^^^^^^^^^^^^^^^^^^^^^^^^^^
        rpc=self.rpc, keys=to_gather, worker=worker, who=self.address
        ^^^^^^^^^^^^^^^^^^^^^^^^^^^^^^^^^^^^^^^^^^^^^^^^^^^^^^^^^^^^^
    )
    ^
  File "c:\Users\mtt1e23\OneDrive - University of Southampton\Documents\python-PIVTOOLs\env\Lib\site-packages\distributed\worker.py", line 2879, in get_data_from_worker
    response = await send_recv(
               ^^^^^^^^^^^^^^^^
    ...<6 lines>...
    )
    ^
  File "c:\Users\mtt1e23\OneDrive - University of Southampton\Documents\python-PIVTOOLs\env\Lib\site-packages\distributed\core.py", line 1018, in send_recv
    response = await comm.read(deserializers=deserializers)
               ^^^^^^^^^^^^^^^^^^^^^^^^^^^^^^^^^^^^^^^^^^^^
  File "c:\Users\mtt1e23\OneDrive - University of Southampton\Documents\python-PIVTOOLs\env\Lib\site-packages\distributed\comm\tcp.py", line 237, in read
    convert_stream_closed_error(self, e)
    ~~~~~~~~~~~~~~~~~~~~~~~~~~~^^^^^^^^^
  File "c:\Users\mtt1e23\OneDrive - University of Southampton\Documents\python-PIVTOOLs\env\Lib\site-packages\distributed\comm\tcp.py", line 143, in convert_stream_closed_error
    raise CommClosedError(f"in {obj}: {exc.__class__.__name__}: {exc}") from exc
distributed.comm.core.CommClosedError: in <TCP (closed) Ephemeral Worker->Worker for gather local=tcp://127.0.0.1:52076 remote=tcp://127.0.0.1:62359>: ConnectionResetError: [WinError 10054] An existing connection was forcibly closed by the remote host
2025-11-03 15:31:14,257 - distributed.scheduler - WARNING - Removing worker 'tcp://127.0.0.1:62359' caused the cluster to lose already computed task(s), which will be recomputed elsewhere: {('stack-2eb85d96b2c57f19f5c45fe8bf3c4979', 69, 0, 0, 0), 'save_piv_result_distributed-a1a7982672b4b3e0d69799f924cb6748', 'save_piv_result_distributed-d6ba5132e4828bf88eab12723cef5e91', ('stack-2eb85d96b2c57f19f5c45fe8bf3c4979', 128, 0, 0, 0), 'save_piv_result_distributed-27357fe4e8d52e9d0768bc4f421a8be2', 'save_piv_result_distributed-6e1b0561b7653d28b5b47bbb90aa74f9', ('stack-2eb85d96b2c57f19f5c45fe8bf3c4979', 53, 0, 0, 0), ('stack-2eb85d96b2c57f19f5c45fe8bf3c4979', 142, 0, 0, 0), ('stack-2eb85d96b2c57f19f5c45fe8bf3c4979', 93, 0, 0, 0), ('stack-2eb85d96b2c57f19f5c45fe8bf3c4979', 67, 0, 0, 0), ('stack-2eb85d96b2c57f19f5c45fe8bf3c4979', 102, 0, 0, 0), ('stack-2eb85d96b2c57f19f5c45fe8bf3c4979', 56, 0, 0, 0), ('stack-2eb85d96b2c57f19f5c45fe8bf3c4979', 1, 0, 0, 0)} (stimulus_id='handle-worker-cleanup-1762183874.2575462')
2025-11-03 15:31:14,258 - distributed.scheduler - ERROR - Removing worker 'tcp://127.0.0.1:62359' caused the cluster to lose scattered data, which can't be recovered: {'win_ctrs_y_all', 'cached_predictor_maps', 'win_spacing_x', 'im_mesh', 'W', 'ksize_filt', 'win_ctrs_x_all', 'win_ctrs_y', 'n_post_all', 'sd', 'H', 'win_spacing_y', 'G_smooth_predictor', 'cached_dense_maps', 'win_ctrs_x', 'n_pre_all'} (stimulus_id='handle-worker-cleanup-1762183874.2575462')
2025-11-03 15:31:14,322 - distributed.nanny - WARNING - Restarting worker
2025-11-03 15:31:14,426 [INFO] Logging initialized. Level: INFO, File: pypiv.log
2025-11-03 15:31:14,432 [INFO] Logging initialized. Level: INFO, File: pypiv.log
2025-11-03 15:31:14,441 [INFO] Logging initialized. Level: INFO, File: pypiv.log
2025-11-03 15:31:14,442 [INFO] Logging initialized. Level: INFO, File: pypiv.log
2025-11-03 15:31:14,459 [INFO] Logging initialized. Level: INFO, File: pypiv.log
2025-11-03 15:31:14,513 - distributed.nanny - WARNING - Restarting worker
2025-11-03 15:31:16,237 [INFO] Logging initialized. Level: INFO, File: pypiv.log
2025-11-03 15:31:16,387 [INFO] Logging initialized. Level: INFO, File: pypiv.log
2025-11-03 15:31:16,500 [INFO] Logging initialized. Level: INFO, File: pypiv.log
Error: 500 Futures cancelled:
Reasons:
296 Futures cancelled for reason: lost dependencies.
Message: None
Futures: ['save_piv_result_distributed-170ecfd9b301c76367edf33826c3963c', 'save_piv_result_distributed-3584d221c57df6100c48061c32dea12a', 'save_piv_result_distributed-dc97e1ff4c30d7031cdc662c1be9895c', 'save_piv_result_distributed-5d295d80108c1430e7500da07eb28eaf', 'save_piv_result_distributed-49cd41dcf326c9f5eb02441ced05aa88', 'save_piv_result_distributed-69ab34296bdcd4c7fdebbba79fcd25e0', 'save_piv_result_distributed-44f499cb24f7d6a95c11b59c7f913a26', 'save_piv_result_distributed-3964da2948708288d20fdeb6f6843cd0', 'save_piv_result_distributed-a1a638640aae4f05de3a8c41db7c1601', 'save_piv_result_distributed-7d8d2d1e1c5975f9a820469a1a15e2b4', 'save_piv_result_distributed-d38c96f5aacf0eb6007ba814bd5f37b8', 'save_piv_result_distributed-9c06b42537169ea6719090d088b94949', 'save_piv_result_distributed-ec51f8e6304e1883f85c8ddcca7e3d7d', 'save_piv_result_distributed-2f02af496f8b142c2ee2149d135fda57', 'save_piv_result_distributed-1ed600816eaf41aee6ba1bec3daa292d', 'save_piv_result_distributed-45903f13cc20ef7a3a80a4df8c2d9ee1', 'save_piv_result_distributed-02a18cc80344bd98c1efcc8580c8624e', 'save_piv_result_distributed-cc27d35c14da5cbc3c4c98eabaaf06c9', 'save_piv_result_distributed-ddb49553e8bbcc0a104fd37b4c151c9f', 'save_piv_result_distributed-89c2c531eac286baac2d44a143c6ace9', 'save_piv_result_distributed-5c0e4bc8a5c77145cc2b8571a4a41b56', 'save_piv_result_distributed-507960ddfb74f023c9af7601ee8429ac', 'save_piv_result_distributed-95a4e3ed0fede07d1fab036360fad819', 'save_piv_result_distributed-4073fe91f05b61355eaaf218522c4132', 'save_piv_result_distributed-01408980270847e5095cbc1eaf93dd04', 'save_piv_result_distributed-d951e5bd5f0c135332ec6e26f2f26ea5', 'save_piv_result_distributed-749ed9d82c98b2622f9a5e46e0cada7a', 'save_piv_result_distributed-034e7acf19c8f7b17e9e3b6c0e07d89d', 'save_piv_result_distributed-58e60d6f062afd58847defaf88451720', 'save_piv_result_distributed-6b36c46fb23a9ce93c5e14d3e518cdd1', 'save_piv_result_distributed-b2da664db1fa62c9f0e9e4bea6510d39', 'save_piv_result_distributed-3e63eb7f3ab2eca8e7cf804bad3df224', 'save_piv_result_distributed-fcd945ef0303587380e64d39a5d061cf', 'save_piv_result_distributed-bc482243c4caeecde9d16bea1ace54e1', 'save_piv_result_distributed-9bca12a3263675bee62eb2a024ef31be', 'save_piv_result_distributed-ececd40c8a4d4dee3640b48f8713e421', 'save_piv_result_distributed-b33fffc8441f89fea075a7e14d8db6c2', 'save_piv_result_distributed-9e23b388d8548d2a954eca353c77d76a', 'save_piv_result_distributed-071f961085df53ea89a0e0915008e36d', 'save_piv_result_distributed-6d3af78d553219be2356c01354a5a763', 'save_piv_result_distributed-1db71dacada02159bce6aed773cde119', 'save_piv_result_distributed-ae8ba1925534129bcfbbc3a04ad119c6', 'save_piv_result_distributed-3ec9f01666fa928ed2cd70ed0becf7ee', 'save_piv_result_distributed-ba62c5836f32b82c3764276b9a37b6e9', 'save_piv_result_distributed-fcf963ec6a6bf0093abf6a01b8fabc0d', 'save_piv_result_distributed-306c4504a87055fd9b4dcf80a80b3561', 'save_piv_result_distributed-190a9e90c781929e60dcaadd6eb166db', 'save_piv_result_distributed-b03e827e05f6083b9a475cc2e4785d26', 'save_piv_result_distributed-46a11f18358492e246f562a697cd83a7', 'save_piv_result_distributed-567204cb26420ee027040e92f3a0a52d', 'save_piv_result_distributed-00bf04bc5c7dd7c566b47b410458ab63', 'save_piv_result_distributed-13182759c26fb4c6c92a43ac0982bfac', 'save_piv_result_distributed-82e19cce95d02fa225a1723eba912385', 'save_piv_result_distributed-11dd9aa956c8e0e79aa9fe41365475a5', 'save_piv_result_distributed-48892bb0238df62dfc750250023804f3', 'save_piv_result_distributed-103d3e722adcf61c13a9d07eb873e0b3', 'save_piv_result_distributed-c4282274bda943d776a5b42168c6fe65', 'save_piv_result_distributed-9c7beba3e26e2668d03e9a7c7e47a0ec', 'save_piv_result_distributed-3a81fab93dff2fbd017c82ccfbce8f46', 'save_piv_result_distributed-5d2a8229e0d5841dfe83736b46c7474f', 'save_piv_result_distributed-425211c77c4da415e42f1cc048ac963a', 'save_piv_result_distributed-e747dff43d36e292276d65aac714b01a', 'save_piv_result_distributed-4dfe2146d158fab8ab6c5e69589d7c5b', 'save_piv_result_distributed-86c98e76443a2938756885d7a204ef63', 'save_piv_result_distributed-be863ac0c1682350639b26cc2103d2f9', 'save_piv_result_distributed-4c6a8dec3e85225c56ebf85db6f04583', 'save_piv_result_distributed-1d15f3984e15f1b94cd41ff39e8c145d', 'save_piv_result_distributed-10e9d863663b1eca3c51dcc03e847a27', 'save_piv_result_distributed-95cd3af5341735722347e295e73fe058', 'save_piv_result_distributed-54aabf11f3ee11963b40bd0ebaf28600', 'save_piv_result_distributed-5730d7f2e7ba094885587327494083af', 'save_piv_result_distributed-f80c0572e7a78539c99a7390ff709f7a', 'save_piv_result_distributed-c385d132eb3a39b2f12d69d3e079b5aa', 'save_piv_result_distributed-4711f400ed5a66c04d8aa580073e70e5', 'save_piv_result_distributed-6aa0f74dcd860f76cc38ae53717f66c0', 'save_piv_result_distributed-bd0c6a2e9ccd9fedcb7e0c34c8d4ceb0', 'save_piv_result_distributed-57a5efc89373c433924f23c06b0b5d7b', 'save_piv_result_distributed-a94b5ab07e63f7a77ed4af1787a0b13c', 'save_piv_result_distributed-99608e2a575c0e4321fbcbbf3e28817d', 'save_piv_result_distributed-70d620828fc5fb0c7b5278655d87dd91', 'save_piv_result_distributed-455b31d8e2565a656cf07c98d4758064', 'save_piv_result_distributed-945c7765e807769c21321a194f4ba787', 'save_piv_result_distributed-480b62d398cc3998d4632a1ba7bfbfed', 'save_piv_result_distributed-ca15fbfcd765e0db5446fb9bafb330a3', 'save_piv_result_distributed-b6a8cc897b31835a445c37f540e288b5', 'save_piv_result_distributed-dfec63c1f28cac7a96c8c3470fa672e4', 'save_piv_result_distributed-409c3c894cfe941dfa7b8fcc03964479', 'save_piv_result_distributed-13ac70d5a7c0e7c5619903c3ef9d792b', 'save_piv_result_distributed-216e8243a89dded309dac378a6dc25dc', 'save_piv_result_distributed-c122e9b98bc444552f99568c97aec8a4', 'save_piv_result_distributed-89ecad86fd08e69ae7fd31cb1bfc92e7', 'save_piv_result_distributed-82b34fec9e8f74caf4eb12e3d489b236', 'save_piv_result_distributed-8a8c0bb88a01cd7460098c1e1c08bdff', 'save_piv_result_distributed-75a116c021520b1345695204b34aa04f', 'save_piv_result_distributed-7c2f7cb216119c5891f42dc466758cfc', 'save_piv_result_distributed-06a204f824536fe78f11fb7cec377508', 'save_piv_result_distributed-3ee28085636394dc7ad44e4de25a681a', 'save_piv_result_distributed-e896ab7f118de99fd45586a8c1ab9295', 'save_piv_result_distributed-bddc837b356a226657490aa91fe201cf', 'save_piv_result_distributed-cb72fba4bb5fcd969203b21fc09d56ba', 'save_piv_result_distributed-8dec67741af6474b2821b9e8c21296ea', 'save_piv_result_distributed-0f353cea9ee97bc2c79b6a5d8a849b7d', 'save_piv_result_distributed-de61461b9eb9b602c9438e535713cca6', 'save_piv_result_distributed-e23afa5f98b175eb8ac810d44d738a97', 'save_piv_result_distributed-951d149ab272298875cfb765201f8010', 'save_piv_result_distributed-312ab55553c8f8cc0e18ad07af039e2f', 'save_piv_result_distributed-de4c00b6f9c52b0da3f68404b3bc10aa', 'save_piv_result_distributed-bc73006eb0e6d9b861998bcc820eaa11', 'save_piv_result_distributed-8c13e00817ae207e19b2374b375d517e', 'save_piv_result_distributed-955a38c43f14923a63e8bf39996a7e4f', 'save_piv_result_distributed-8639c2d500237029aaf2c0c6048d7046', 'save_piv_result_distributed-fe2e118401f937096680e543ad3727e8', 'save_piv_result_distributed-18687b7a6b4b258cffb3ad07a53cd2b2', 'save_piv_result_distributed-831057578641b3c539b9278dc54c8b55', 'save_piv_result_distributed-3826507ea1ee455be8567b5f6df86de6', 'save_piv_result_distributed-c896888e249963281e549787cc4fd5fd', 'save_piv_result_distributed-d6e009e1e4a92971c2f5922487dc8d01', 'save_piv_result_distributed-e2fdec622b59434d50b7dc06c90f5e6c', 'save_piv_result_distributed-9ccaf21c77d06e966bfabcc8526e8545', 'save_piv_result_distributed-c1c8bfa1ac901386c17f75c23bd19d97', 'save_piv_result_distributed-55174540807d292eaa9f8a057b4b1105', 'save_piv_result_distributed-240f2fca1d03b68481d0538aa5f105c7', 'save_piv_result_distributed-2e7603c1d6283251842bd57a82325f2b', 'save_piv_result_distributed-ff473a6d67860d6ac912537e15db86fe', 'save_piv_result_distributed-c17a285544c4ae7290c7227b090ce1ea', 'save_piv_result_distributed-bb362f22c96be881a9d5761eed0b44d4', 'save_piv_result_distributed-5cb2f35dc5b7e7c3bae2cc18dc05aa8b', 'save_piv_result_distributed-956814d0b7f30879df4103a9562156a1', 'save_piv_result_distributed-40d2f7f02a21dd6c74b938dc554ef46e', 'save_piv_result_distributed-6a6e4335d276c5d2e37b7ef42e65b199', 'save_piv_result_distributed-ff27e59a75a42c4762d9776051179c30', 'save_piv_result_distributed-59c5ccc9329c5ffa7e66ccb1c1dd1e83', 'save_piv_result_distributed-6693a9b804dbccb6404378ec3bf38e9e', 'save_piv_result_distributed-8ef88989805a6015aa99031d28a9d7f7', 'save_piv_result_distributed-8311e12c86826274dcb4e53543f93f6d', 'save_piv_result_distributed-be0e12379f16c8c3cd1d75c37cc1180a', 'save_piv_result_distributed-fb8b76823384f60d13f8c90f0d3bf128', 'save_piv_result_distributed-123363216414a4ed956540d50a12898c', 'save_piv_result_distributed-419ea9153602828d4404fce4aa2ee21d', 'save_piv_result_distributed-25804fcb2aaa6e11b368c87965a4b591', 'save_piv_result_distributed-c1dc2367fa105eba091c180a505cc741', 'save_piv_result_distributed-498f926863f07995d362f41dfbf2fbc7', 'save_piv_result_distributed-a10cb5cc6086cd639685971d843348c2', 'save_piv_result_distributed-e966b146dbe0f436cd830cf4be9d6ef8', 'save_piv_result_distributed-6533b4138267ad462ac5e496a99570ee', 'save_piv_result_distributed-a4c61914539eb1153e64b9d18ecd9b58', 'save_piv_result_distributed-f007594fcc829ce8956ce2982b2672ae', 'save_piv_result_distributed-1d0921c7e3462f72a89b7c5e1770b669', 'save_piv_result_distributed-a0a95d65618484ed67b4103d907aab78', 'save_piv_result_distributed-2f40a8ad1c0879fcf5dae18f05c56e2f', 'save_piv_result_distributed-2af2ca2f58d6dee978e30573be029768', 'save_piv_result_distributed-c87f7517ec229e0e976948f7ab22859a', 'save_piv_result_distributed-fa0f61ee0977c61920f6d840530b30ca', 'save_piv_result_distributed-b9c33fb1e46fc30d6bddb7ea5fdcaabd', 'save_piv_result_distributed-beb32fa9be5f5390c892efee62b60807', 'save_piv_result_distributed-11abf4b2426c02e2f91b17dc904e3f25', 'save_piv_result_distributed-5285faf20c20ee63daebfb3a672f0deb', 'save_piv_result_distributed-831989606e5280b35345ba3737c258ee', 'save_piv_result_distributed-8b3bbc452342c632591bf7e6f87021f3', 'save_piv_result_distributed-af9f5669ae7bcb3a011d29a64663c246', 'save_piv_result_distributed-f3dc93522d1404ac829ec7056e43eb08', 'save_piv_result_distributed-ec2ef13e03a6f57a0ff260857c50a436', 'save_piv_result_distributed-0920e073aa8a6963c3790a94ce22139e', 'save_piv_result_distributed-de8c285a52630f369e49db008eee63ea', 'save_piv_result_distributed-901a6ef2a21c9e1ed467d3bc99522fdf', 'save_piv_result_distributed-41a3eed82c44c483d0a3530721711ad9', 'save_piv_result_distributed-75a8288a611343f163ddb590694bd523', 'save_piv_result_distributed-498ed396a7f4d07a0a0f33fa0d9a4356', 'save_piv_result_distributed-f06e33d3145b8f6b016e9665b895806e', 'save_piv_result_distributed-4ad3ed480ab6d1e5092809ed05ff8fef', 'save_piv_result_distributed-26911c21bf938981e0b6a6872e2afc20', 'save_piv_result_distributed-df8a576171cd3b5c62e3a0f129326b6d', 'save_piv_result_distributed-c071e50455bfc338720b8c3f599eb968', 'save_piv_result_distributed-56b1110bb6396fb018464347594679cd', 'save_piv_result_distributed-8edb50c630992b7ff7b100c85f690449', 'save_piv_result_distributed-5ace14e148194ff13867ce60663538c3', 'save_piv_result_distributed-dc970f2d83f050031aab682444e14170', 'save_piv_result_distributed-ae44f8c55f47b0bbb1d05d99dabdc64a', 'save_piv_result_distributed-192bd22bd21dbb4abe1fe8fcb6a67bc4', 'save_piv_result_distributed-21272ff6b357ccbd054d7343a007f6be', 'save_piv_result_distributed-c578804af9b2f24cf7410def6f06fad4', 'save_piv_result_distributed-5997887e65c653449bd6b8431120524b', 'save_piv_result_distributed-a065055174e44b3462ee331c452c19a5', 'save_piv_result_distributed-5fac543180a78c386f1c56f71ce8b1c1', 'save_piv_result_distributed-b18855f616498690942ad06a23c6fe1d', 'save_piv_result_distributed-758ec94bd4fa72125753c8ed6555a95d', 'save_piv_result_distributed-d18c7f934dce1e505c5b49325493954a', 'save_piv_result_distributed-fe65b910545fcc629c5be59ed23d0477', 'save_piv_result_distributed-4d9968f7ad23dd3c74c84059ae1365d8', 'save_piv_result_distributed-4afe74f28b573165fbb142f6362e55c6', 'save_piv_result_distributed-340e7359076db972e535c0d7f63bc048', 'save_piv_result_distributed-f5208ab237d7cd6629c5e083940848d7', 'save_piv_result_distributed-70c5a9f4e3d164be4437a2e15dd295be', 'save_piv_result_distributed-d5fed4c3dae7b14e217a64577b5336e6', 'save_piv_result_distributed-88a8ec625f9b441274b06a831664db52', 'save_piv_result_distributed-3c105c34778efc5261d32071017ccdd8', 'save_piv_result_distributed-22c1a659a7c5b7723eddf07463901aa1', 'save_piv_result_distributed-895ebdc12da14994bd04a79b1f30ffad', 'save_piv_result_distributed-d11a6be04343cbf7eae01289656fa921', 'save_piv_result_distributed-64e51ad787879f65fecd8d79f9592e90', 'save_piv_result_distributed-99c03c8e5b83d59fa5f1b291cec40e22', 'save_piv_result_distributed-0f8b9876fc9cc0a5feafa50f30f5dd64', 'save_piv_result_distributed-1f014dcaab324a33414bfc6bff0905a4', 'save_piv_result_distributed-19b7004b897769b740b6c6238904a7a6', 'save_piv_result_distributed-c5cdd4dcb8bea698430e7a6e5d08c26f', 'save_piv_result_distributed-d98509eefb64851ea618ad845efeaace', 'save_piv_result_distributed-8b54a80d77cecdb0ccacbff9bfa19b4c', 'save_piv_result_distributed-74f097fb76eb00c04b99c5e66e5d9d99', 'save_piv_result_distributed-601579d6f63753c3457a022be68e86a9', 'save_piv_result_distributed-3f41438d16cbf00bba403c81639c3646', 'save_piv_result_distributed-df620e8dac55b3bca7db583aba8a9f9e', 'save_piv_result_distributed-1a4c4617b1e73777adac4e2172532d16', 'save_piv_result_distributed-4b68c27952ef21110482f923df061668', 'save_piv_result_distributed-c2d9e3095f56083ac2637390c2965763', 'save_piv_result_distributed-dbd508c432164c90049ca6a85e97d1b8', 'save_piv_result_distributed-a437022718cd794d4ceb8e8e2869cb31', 'save_piv_result_distributed-c5ef45fb85708acbd93f290a76d1b210', 'save_piv_result_distributed-8d59809a9fb56d3328a944301f440c99', 'save_piv_result_distributed-17af0499ba358bd28f0c60857472c9f4', 'save_piv_result_distributed-62b7f530091165eeb5a6a0e0cf4acd06', 'save_piv_result_distributed-4154187b4e9e82e703b434c30982ed44', 'save_piv_result_distributed-a97dcd202c782861a26b674d3afc97ac', 'save_piv_result_distributed-df9167b44c5112142e588cf17b5bb16c', 'save_piv_result_distributed-c7033b9a21ec636c684313bcd37b33e5', 'save_piv_result_distributed-2f71d147dd5b4db9ccd0396dc090a203', 'save_piv_result_distributed-24f19d2b4fa1d03ee02fc18fb6fb4aaf', 'save_piv_result_distributed-5b8973b5c84c2e9db594bb39ba8eae44', 'save_piv_result_distributed-2e6f371b58dbffdedaf8f553ee934142', 'save_piv_result_distributed-bb9335d758a39410bb256bde7dbb3745', 'save_piv_result_distributed-6df59e039e5a82408331c5e7a6b7a31d', 'save_piv_result_distributed-df931942155c400203284329ef049433', 'save_piv_result_distributed-9cd24cd9c0ddc4781535ab6d8dee6330', 'save_piv_result_distributed-f2098ad61a5c1cee804f229a7321af37', 'save_piv_result_distributed-6c2a2bd1d9cace28db5a5199a857eaa1', 'save_piv_result_distributed-acc1adbe2078a34dacdbad5f57553dd0', 'save_piv_result_distributed-09a5c82a4a14e815ea43411edd26bba1', 'save_piv_result_distributed-539e47bccb9b0fee186f42d90e41cba9', 'save_piv_result_distributed-4739342eb7c21b0ddf95f6ad9f2fedec', 'save_piv_result_distributed-25c44da56895960498008f3596052deb', 'save_piv_result_distributed-19ecdd77f5b7043ef75665c80ad8bac3', 'save_piv_result_distributed-427d89f9a9c74f8572e2be02fe20961a', 'save_piv_result_distributed-fc4309403df6d5e7faccc6c074f8a241', 'save_piv_result_distributed-b4273ef0e007a6a34bf3bd197971032d', 'save_piv_result_distributed-4a456048e6cb49b64e891f4c7058f74d', 'save_piv_result_distributed-d21d3990ffc550b1936d2a114769b99b', 'save_piv_result_distributed-fb0f6abdf090bf56b0a5e2bc7381f9b2', 'save_piv_result_distributed-64a90197394f388b6d2849ae24475a27', 'save_piv_result_distributed-8d5ebf58d3f6262a117c397e594e2648', 'save_piv_result_distributed-0d3f1fb14d45c6fa2320be4a8f468344', 'save_piv_result_distributed-8046ac21fe93d716b21a6841d04759ea', 'save_piv_result_distributed-ab26c37c82f241eb83146111a8801dc3', 'save_piv_result_distributed-ac12bdaa80df7d09fdd1cfed8c4f9b97', 'save_piv_result_distributed-4fd6d210904d4811d55c58c618e90ee7', 'save_piv_result_distributed-de9cbe22472ebd990bb6ead0e7561f7e', 'save_piv_result_distributed-db26249db2a8b4bc3ee0221da3742ce5', 'save_piv_result_distributed-b2e98586ba4918622e73c8b8022e674c', 'save_piv_result_distributed-20c1d9f6ba7db0359fd6c345cbaddf77', 'save_piv_result_distributed-a209ca02fb825e2efce7022712c3fdf3', 'save_piv_result_distributed-59c8c7649cbfd787727694dfb3cfd0f7', 'save_piv_result_distributed-ea78617a152d2c023f6e60239d263e44', 'save_piv_result_distributed-ef6ca226d132864599d8562ec3f5949f', 'save_piv_result_distributed-5310313bb60e5aab06ab35b1299ee21d', 'save_piv_result_distributed-3be2b730bc8899fae3a31a84f2bb7d9c', 'save_piv_result_distributed-2ebaa77c2a1e240a8adceecaac4291db', 'save_piv_result_distributed-60556dce385082244213d0bc3c8fa5a0', 'save_piv_result_distributed-375e7fd5e9ed5963fc851047a7bc7724', 'save_piv_result_distributed-86fe7f302b044d1f83a3b917c9377fca', 'save_piv_result_distributed-1402ecb86e617fd14cd3551287347ad4', 'save_piv_result_distributed-d5af1f54036a01dbdb0ab7c305930fa5', 'save_piv_result_distributed-4e9d352cb86c880861dae0f92e82f6a8', 'save_piv_result_distributed-eee7aba672633707792613a1b1313173', 'save_piv_result_distributed-23556ca77f98a58bfa8bfec7916eb11f', 'save_piv_result_distributed-c3dea5c0e7a4ef03d5ddb1b384923cae', 'save_piv_result_distributed-1d4babf19acd897143f32c52a6c97e1c', 'save_piv_result_distributed-efac3c51d77aeb9233ae11fd077ec9b4', 'save_piv_result_distributed-c8d07e3bbe77f5ce38ad1fddf994bf71', 'save_piv_result_distributed-7b5f3f8f121c1f2cafcb7021b965cc33', 'save_piv_result_distributed-bd23264eac5712d2b8cfbba49038f843', 'save_piv_result_distributed-891942053e593d4ff3336c19ae6eb4f7', 'save_piv_result_distributed-3c238de484281237dda184cf0bcb71af', 'save_piv_result_distributed-6bf78bc823253f543964c1ec3a7ffc62', 'save_piv_result_distributed-23bcbcb58c9dce040522618ecc0f86a8', 'save_piv_result_distributed-d14faffb23d47c625b7a1f647522302a', 'save_piv_result_distributed-e63cff4218ff0be2b7ab87fdf46962ea', 'save_piv_result_distributed-6094e1bfae37237326d67fb2be817e5f', 'save_piv_result_distributed-4e59f13a99b31f521fcfd4867eb3636a', 'save_piv_result_distributed-fed17c1adb1725ab11789b88b9362e0e', 'save_piv_result_distributed-930181ea271ed2418f7e40cb8cdaf303', 'save_piv_result_distributed-3c752698a88adb46e98b4d3640bacfdc', 'save_piv_result_distributed-3d6cecf05eda93d059359a11adf33441', 'save_piv_result_distributed-d1a035121ca588ad9775be9cb5542da4', 'save_piv_result_distributed-6b6a266cd3df49304dc0279596367bc8', 'save_piv_result_distributed-6f403ea2868eb6b63523b3034f3d475b', 'save_piv_result_distributed-45c325f6a77c09e3855b913050463a61', 'save_piv_result_distributed-f00c5ddbf6e070f130ea3e093777eb58', 'save_piv_result_distributed-7faa8c8afcba8e931ea27506abef4ef4']
204 Futures cancelled for reason: already forgotten.
Message: None
Futures: ['save_piv_result_distributed-be08813531707e51919ddc561f1e4d4e', 'save_piv_result_distributed-88c11dafe14a5947f87dc8f52e29f88f', 'save_piv_result_distributed-cb594f470e332aeece7c2923be2586a2', 'save_piv_result_distributed-9cce6682f7aa4ee54899a8eafd053862', 'save_piv_result_distributed-5530f01668cf3bf41728cd742e330cfc', 'save_piv_result_distributed-fd8f2bab60df5a5d139112394598442a', 'save_piv_result_distributed-a6f9d17c71c55057e05e7d77a6ff2d6c', 'save_piv_result_distributed-b97097ef3fa2dd40eea92f4ed2c13c7c', 'save_piv_result_distributed-21a5eb9fc44f88549493f38f830e1545', 'save_piv_result_distributed-f352fc63faad23172b56e993e5f14eb2', 'save_piv_result_distributed-6c17bbe89cf58c82c6c4c8e618342246', 'save_piv_result_distributed-96e9121342bd5964fcac38cd7487a5a0', 'save_piv_result_distributed-d5b87c80628ed8d00447565618d21287', 'save_piv_result_distributed-af4d379b2774bf16da4593f4cbdd4d61', 'save_piv_result_distributed-9b9b89f24d98c28f2a0d2b335957572f', 'save_piv_result_distributed-fc408d60e9c714993aa471f2b745afd6', 'save_piv_result_distributed-d927dbaf31609ad02244c92043d47b82', 'save_piv_result_distributed-47a193a61cadcb9d80ed29c33d6ca68d', 'save_piv_result_distributed-d99b032e41b5d41d765ede853439c8d1', 'save_piv_result_distributed-8d51e8f61d7050724b89cb0b812e8fd6', 'save_piv_result_distributed-67dadb31c6b36ed9428fae7eac8b4e28', 'save_piv_result_distributed-a7d7db1f1c42398d981c655fc02c8d6e', 'save_piv_result_distributed-24ba48f9f41ee898826ba3964264d977', 'save_piv_result_distributed-815f01a2cddd52531d2298a50be0ee8e', 'save_piv_result_distributed-2af3bbb7f9e81c0db62a68789191b75d', 'save_piv_result_distributed-30c6bf06ab4ece112d50e5273f1f6d7f', 'save_piv_result_distributed-5102adf98634359bff326f736d915198', 'save_piv_result_distributed-3f042879a78bbb93ba2c51d9d77ac514', 'save_piv_result_distributed-b799ef7ebd40e1a258ee69b92a848ed3', 'save_piv_result_distributed-c756c727948c701e638951b1e75271b9', 'save_piv_result_distributed-752ba69890a2a33164222cceb346434b', 'save_piv_result_distributed-dc1736a8e84dd7e5f7b4cf212f4af32d', 'save_piv_result_distributed-e8e6774d311ae900284f8eaecf1bf106', 'save_piv_result_distributed-00e478195865b55a43ca8dfac360c295', 'save_piv_result_distributed-a09ffdc508cbd454be1253d7af155076', 'save_piv_result_distributed-23dee5760548c7df1b69f1cbdedc9d4e', 'save_piv_result_distributed-18bb388cd48604d3cbe0a5f49c42efcf', 'save_piv_result_distributed-35d34a33f30ae713df8625091e1220c5', 'save_piv_result_distributed-dc0f919eff396fcc7377f1cc6257093f', 'save_piv_result_distributed-464609ef437c7ddc6204380229ed4ab7', 'save_piv_result_distributed-4da17aec67d16cff6ef27e4b468ca907', 'save_piv_result_distributed-5288d206cef92b3edb1703774469f79b', 'save_piv_result_distributed-3fac475f683036b789ab29b501957f70', 'save_piv_result_distributed-bd11591ddc47bbefcf6f1bd30cf03edb', 'save_piv_result_distributed-a1a7982672b4b3e0d69799f924cb6748', 'save_piv_result_distributed-1fc7e9b52eaded46e22ab60e8dd092ca', 'save_piv_result_distributed-8d4fb53f8d0e37f4388675b54670160a', 'save_piv_result_distributed-4ea6c8ded680ad3c34147a3b10a37a8e', 'save_piv_result_distributed-082ad7c128b423e0fa6247eafbe4750b', 'save_piv_result_distributed-bf56035e54aceb4f290d9e9264dc9f25', 'save_piv_result_distributed-806f5deae1c90a4786c8fadba918c15b', 'save_piv_result_distributed-3d1fa11f3021dae76bb7bbeccf73f81c', 'save_piv_result_distributed-9b91bfaeff3c0592f6899d7ee094c31f', 'save_piv_result_distributed-384a8c71bfde951d542b59dcb05025b3', 'save_piv_result_distributed-9d7f08002c7472461ca74d5c07dc0534', 'save_piv_result_distributed-a2396beb90efc43968333b746e8c8a72', 'save_piv_result_distributed-9a1485fd42ca4e0fec1012ef1696c6c9', 'save_piv_result_distributed-f5537b8ec9b9598e9e674f29d66a4130', 'save_piv_result_distributed-391876f1725c8ef3a200bb6659b567f8', 'save_piv_result_distributed-719d7d64dd625c855f7293096f4669fd', 'save_piv_result_distributed-8ad294e3925279de7c10d8f4af5856da', 'save_piv_result_distributed-4bdb1294927d9246bf8f2e667d2fed7b', 'save_piv_result_distributed-e5995056eae290a545b1f359c77aa097', 'save_piv_result_distributed-346bc7394b622e967487acde9483e3d6', 'save_piv_result_distributed-59e133eeb30e086592321ab158d2901b', 'save_piv_result_distributed-47905f8538066d16a8c7bae17dce6005', 'save_piv_result_distributed-e22b75a941a08fde73997493601467a3', 'save_piv_result_distributed-dede501f79fb28d0777610cd44ff24d2', 'save_piv_result_distributed-7d25ffd9a2a6f10ba271d367ec964b89', 'save_piv_result_distributed-8316699ac4cf28349e54b9a1d37f9b39', 'save_piv_result_distributed-ee40655f3bb11386e542b1cafcd75c0a', 'save_piv_result_distributed-562002b56094bb6ff742d303bd3271c5', 'save_piv_result_distributed-92859661234acf31777aba42be36b516', 'save_piv_result_distributed-2f7fb8f3354a57f49dbd80baad85b594', 'save_piv_result_distributed-ea489a0b20dad800fd29f27dedfa4fb0', 'save_piv_result_distributed-596dc5db59a368dea2cec54b0b653692', 'save_piv_result_distributed-6da5eb48c5b8dc5ebe69c6ac379d4efb', 'save_piv_result_distributed-76c3331cdc52eb8793322b256412ba36', 'save_piv_result_distributed-b8cd17bdf7f7e044a01a3d7d3898629d', 'save_piv_result_distributed-4caddb01a849b998bda482157a7e1524', 'save_piv_result_distributed-394e569e0eaf508bd0f4aafdbb4d3724', 'save_piv_result_distributed-7979e637e4bdf8cef84bd67f4dea15fd', 'save_piv_result_distributed-ea5b53a42224d2645739613208dbff4f', 'save_piv_result_distributed-f92cc54d07ad834d2453612e55b8a058', 'save_piv_result_distributed-ca326040a0f63cfd38250e6d4bc302a9', 'save_piv_result_distributed-c30b71e2dd4f4f780ad524c79f48d3a8', 'save_piv_result_distributed-acb7fe125b7a6c235bac997e9aeb4058', 'save_piv_result_distributed-c6092ed4f62c1c41d798a816c1a9d48c', 'save_piv_result_distributed-0df22a72101137ed272bae0ba3df5baf', 'save_piv_result_distributed-4febe706f9f785c301f7a92df42c3023', 'save_piv_result_distributed-48641ab3e7849001f5e257e17b70fcde', 'save_piv_result_distributed-c45a72f939539fc72f012fa70d4fc726', 'save_piv_result_distributed-480b68ce24ba6731a803fe0beed67af5', 'save_piv_result_distributed-f10eae49882aa559c043170db04a1039', 'save_piv_result_distributed-e6e07205680f2a5265ff0e9f42332a39', 'save_piv_result_distributed-6ca3135fa98d65428c3adc7c9a848422', 'save_piv_result_distributed-fdf402d5fd8167b65794758def18eb0c', 'save_piv_result_distributed-661474c622f6fe62787441dd6a40702e', 'save_piv_result_distributed-bcabdaf9722f563743405f98bf49589c', 'save_piv_result_distributed-7c0e061202921f731209f347f1515739', 'save_piv_result_distributed-2776405597cb61dc52b5da70552b94e4', 'save_piv_result_distributed-27357fe4e8d52e9d0768bc4f421a8be2', 'save_piv_result_distributed-1ddb7d6883a01632a913b0444344eab5', 'save_piv_result_distributed-081349b4a1ed853055bb14d3417fa997', 'save_piv_result_distributed-164e9a9ba49dc29bf6ce2a31acc7f49e', 'save_piv_result_distributed-577e7cb994729203660f3ca5d257645e', 'save_piv_result_distributed-3bab7a5cbb844dc2a5f1263aa1a62d8e', 'save_piv_result_distributed-ce3fbc7b55d491b6bb7bed53dd650a39', 'save_piv_result_distributed-5bedff648ca5f78e021e2762753691f9', 'save_piv_result_distributed-7753fbcc1f58aabd5db93915a3cf2f20', 'save_piv_result_distributed-a6a6098a1c0ddf3a909e23a570c9ec87', 'save_piv_result_distributed-c8950422c8009482c586aed86bdb1087', 'save_piv_result_distributed-59ff271804e7d00eb306063a797566ef', 'save_piv_result_distributed-3148a9e6aa0af7ea1c344f258743a429', 'save_piv_result_distributed-668c05eb2f7ba9c323d402a68984c509', 'save_piv_result_distributed-13a7f4edea7de8d80122b985773505ff', 'save_piv_result_distributed-1360dc236dd825c3f52409c82d5b85fc', 'save_piv_result_distributed-cddbb3ffba9f497d3f3cb2140f6920ae', 'save_piv_result_distributed-a3bc1dc9d28b5a9ca0b705ecce37ea18', 'save_piv_result_distributed-59ee36d5a04d43744b7f6d7cb39eba55', 'save_piv_result_distributed-61de6192f9f33233a057360c41015264', 'save_piv_result_distributed-ac6f6ecc6d1eb3876ddce8e922898637', 'save_piv_result_distributed-a89e0e43ee29ae892480b5af8474cad2', 'save_piv_result_distributed-7760a8222cff309b33ee722d9b75dec5', 'save_piv_result_distributed-7ce1cc0cb0dc88b7be8e334cecf964f1', 'save_piv_result_distributed-0af275fc1129a1e4b9253114bddbb8eb', 'save_piv_result_distributed-8ca918dc8d3e621c11c052076c1abb2c', 'save_piv_result_distributed-a543bdf2c9ff1a6ab5862fcb1df7a9ac', 'save_piv_result_distributed-d647c8b0b63a1437ef1b7241e5627354', 'save_piv_result_distributed-0bc10ee1cdcad6d1f851d570fe0d50ad', 'save_piv_result_distributed-245674d660ec2391383a2d7ccabbd610', 'save_piv_result_distributed-1ae8ea0d8019f9b458bfabb2a368d80d', 'save_piv_result_distributed-3515983d38ed404f5de15f2afed11c3d', 'save_piv_result_distributed-3805cd10f41acc8e8828ec4787227451', 'save_piv_result_distributed-adbe260ab46a53470539103ec4fc53ef', 'save_piv_result_distributed-3d3bd407cdd30ace02d45a0f4b7b3e97', 'save_piv_result_distributed-554b19fcf14bb047694620e254a203d4', 'save_piv_result_distributed-97a7f0994b8203859d9e8c80ed91dd9d', 'save_piv_result_distributed-6e30428836610087472a926eeae405ba', 'save_piv_result_distributed-602ad0d4ebc99bc38e3fcb2f6040d088', 'save_piv_result_distributed-57cca46551801b9aefd7be5c1b1ac2c1', 'save_piv_result_distributed-c0ce15364ccae5123b9d1f4399fb8693', 'save_piv_result_distributed-df937ceac6660f3af473731108072a15', 'save_piv_result_distributed-0daf2088569f3c41a4b13e2af13d6638', 'save_piv_result_distributed-5b3efec9088635760a5d770248aa2bf7', 'save_piv_result_distributed-341494a77d8aef74c4413decf10e8332', 'save_piv_result_distributed-08ce7817b8d70d04a4c863779909453b', 'save_piv_result_distributed-b8951acd5ce2c27260a40a0393eab048', 'save_piv_result_distributed-6e1b0561b7653d28b5b47bbb90aa74f9', 'save_piv_result_distributed-9c3e71c7646a7ac8cdb56fad08bd0b01', 'save_piv_result_distributed-8c8e7e682f4d64436c3958d142ebeeae', 'save_piv_result_distributed-0523ab85bc38fcdb159c2c496647f54a', 'save_piv_result_distributed-237beddb3197e3b97bc4f13c05511f21', 'save_piv_result_distributed-83a69ac18781f8c691f831a6b3d115b9', 'save_piv_result_distributed-84658c059b466922497e8fb3ee456cc3', 'save_piv_result_distributed-1ed4f14e360c66cb8764405deb528f7f', 'save_piv_result_distributed-5ec0f09d7e954527b6904cd5864eceb2', 'save_piv_result_distributed-d6ba5132e4828bf88eab12723cef5e91', 'save_piv_result_distributed-3ae309ce11cc9e11e581394160a0e390', 'save_piv_result_distributed-a505bb5d1436ec596ec9233d91e385f9', 'save_piv_result_distributed-ea970628e70bbbe9abe0d7332d165a8a', 'save_piv_result_distributed-a15d9dde881dc15c928aaf9080786886', 'save_piv_result_distributed-bdfbe13c918ee37a9eb8bb029d2ef0eb', 'save_piv_result_distributed-95a91ee346a023586a7f8648c7efe4e5', 'save_piv_result_distributed-b337e8c57bc63ac95346eacb8662a508', 'save_piv_result_distributed-5b6a98ba2f8dcf30a4d6b29774c4e822', 'save_piv_result_distributed-4a368f10dee24dcbcf062aadb524f563', 'save_piv_result_distributed-5b085ee607c4a42d77065c1f454bb15b', 'save_piv_result_distributed-ede08c14b0d3b424fe28c866489de631', 'save_piv_result_distributed-58379a75c0b4de2e37f01f0590a579b2', 'save_piv_result_distributed-c97ac111df506226bf4ccdcd77dc5b3d', 'save_piv_result_distributed-a15c7331e87f8a66bb17aa525d37e095', 'save_piv_result_distributed-bfbccf26c02795e8898e8c4b8d983d7c', 'save_piv_result_distributed-5541b5bfa87f28bf95d9bf7dab9cf538', 'save_piv_result_distributed-a15c3532e66c93ccfa25e8003edce063', 'save_piv_result_distributed-9d2fa672d9f10c6776e638e0499b90d8', 'save_piv_result_distributed-a54f5d4b23224a8e30cd1671040c0280', 'save_piv_result_distributed-4cc6f70f5dc8d29328445ecc418acfed', 'save_piv_result_distributed-048a1b044c8e7e066bd3d45db06ea1d6', 'save_piv_result_distributed-64c015ac8012b1b383d390bd5b0e62f2', 'save_piv_result_distributed-797fedb493026ded104c12a551374ff5', 'save_piv_result_distributed-ffc652de9f67ba86a538d5ca846d632d', 'save_piv_result_distributed-b7e1b72f6019c83491b157f5ebdd22b2', 'save_piv_result_distributed-d475993e5359bd3d9d29cf8871df9cc7', 'save_piv_result_distributed-2cb52b1a0158b949b2139f110c12902c', 'save_piv_result_distributed-17e51e9afda3ac4f51b48a40432e3aea', 'save_piv_result_distributed-6ddf1a68833e4b36077e98f2a581dbbe', 'save_piv_result_distributed-8a8e9d6bb88e4dc55ecb7d870643db9d', 'save_piv_result_distributed-34f394e51ec7024238c19a19ff755b19', 'save_piv_result_distributed-495bf7f880f0948509cc5778c3015456', 'save_piv_result_distributed-816a2f3f24cd9d89e4def2caeba17b16', 'save_piv_result_distributed-9882cedf29ea1dc11e0921a393c18015', 'save_piv_result_distributed-df3ef01a6ef5b7d285003eb85f566353', 'save_piv_result_distributed-c354b2a25d42ec9461016400d26ab309', 'save_piv_result_distributed-f3971da690348a540c072e5705a7303d', 'save_piv_result_distributed-30d7fa55052e0c453a2662d33d14401d', 'save_piv_result_distributed-46ad6b40f7b1d9b5c7eb6244272d4570', 'save_piv_result_distributed-b957ef742dde462bcbad2e367d02379f', 'save_piv_result_distributed-66c40699b61dd1469abe864699992410', 'save_piv_result_distributed-3f849c30f8db2151716e7d04141afece', 'save_piv_result_distributed-f0fd13a75364d33458ba5809e09b68a2', 'save_piv_result_distributed-45342cf5295d40aeb3ba5119c144910b', 'save_piv_result_distributed-892b775f8b31e53f250eaf19526bd1d8', 'save_piv_result_distributed-27b189462552796897341bee1a8cefc8']
Traceback:
Traceback (most recent call last):
  File "c:\Users\mtt1e23\OneDrive - University of Southampton\Documents\python-PIVTOOLs\pypivtools\example.py", line 107, in <module>
    wait(save_futures)
    ~~~~^^^^^^^^^^^^^^
  File "c:\Users\mtt1e23\OneDrive - University of Southampton\Documents\python-PIVTOOLs\env\Lib\site-packages\distributed\client.py", line 5702, in wait
    result = client.sync(_wait, fs, timeout=timeout, return_when=return_when)
  File "c:\Users\mtt1e23\OneDrive - University of Southampton\Documents\python-PIVTOOLs\env\Lib\site-packages\distributed\utils.py", line 376, in sync
    return sync(
        self.loop, func, *args, callback_timeout=callback_timeout, **kwargs
    )
  File "c:\Users\mtt1e23\OneDrive - University of Southampton\Documents\python-PIVTOOLs\env\Lib\site-packages\distributed\utils.py", line 452, in sync
    raise error
  File "c:\Users\mtt1e23\OneDrive - University of Southampton\Documents\python-PIVTOOLs\env\Lib\site-packages\distributed\utils.py", line 426, in f
    result = yield future
             ^^^^^^^^^^^^
  File "c:\Users\mtt1e23\OneDrive - University of Southampton\Documents\python-PIVTOOLs\env\Lib\site-packages\tornado\gen.py", line 783, in run
    value = future.result()
  File "c:\Users\mtt1e23\OneDrive - University of Southampton\Documents\python-PIVTOOLs\env\Lib\site-packages\distributed\client.py", line 5678, in _wait
    raise FuturesCancelledError(groups)
distributed.client.FuturesCancelledError: 500 Futures cancelled:
Reasons:
296 Futures cancelled for reason: lost dependencies.
Message: None
Futures: ['save_piv_result_distributed-170ecfd9b301c76367edf33826c3963c', 'save_piv_result_distributed-3584d221c57df6100c48061c32dea12a', 'save_piv_result_distributed-dc97e1ff4c30d7031cdc662c1be9895c', 'save_piv_result_distributed-5d295d80108c1430e7500da07eb28eaf', 'save_piv_result_distributed-49cd41dcf326c9f5eb02441ced05aa88', 'save_piv_result_distributed-69ab34296bdcd4c7fdebbba79fcd25e0', 'save_piv_result_distributed-44f499cb24f7d6a95c11b59c7f913a26', 'save_piv_result_distributed-3964da2948708288d20fdeb6f6843cd0', 'save_piv_result_distributed-a1a638640aae4f05de3a8c41db7c1601', 'save_piv_result_distributed-7d8d2d1e1c5975f9a820469a1a15e2b4', 'save_piv_result_distributed-d38c96f5aacf0eb6007ba814bd5f37b8', 'save_piv_result_distributed-9c06b42537169ea6719090d088b94949', 'save_piv_result_distributed-ec51f8e6304e1883f85c8ddcca7e3d7d', 'save_piv_result_distributed-2f02af496f8b142c2ee2149d135fda57', 'save_piv_result_distributed-1ed600816eaf41aee6ba1bec3daa292d', 'save_piv_result_distributed-45903f13cc20ef7a3a80a4df8c2d9ee1', 'save_piv_result_distributed-02a18cc80344bd98c1efcc8580c8624e', 'save_piv_result_distributed-cc27d35c14da5cbc3c4c98eabaaf06c9', 'save_piv_result_distributed-ddb49553e8bbcc0a104fd37b4c151c9f', 'save_piv_result_distributed-89c2c531eac286baac2d44a143c6ace9', 'save_piv_result_distributed-5c0e4bc8a5c77145cc2b8571a4a41b56', 'save_piv_result_distributed-507960ddfb74f023c9af7601ee8429ac', 'save_piv_result_distributed-95a4e3ed0fede07d1fab036360fad819', 'save_piv_result_distributed-4073fe91f05b61355eaaf218522c4132', 'save_piv_result_distributed-01408980270847e5095cbc1eaf93dd04', 'save_piv_result_distributed-d951e5bd5f0c135332ec6e26f2f26ea5', 'save_piv_result_distributed-749ed9d82c98b2622f9a5e46e0cada7a', 'save_piv_result_distributed-034e7acf19c8f7b17e9e3b6c0e07d89d', 'save_piv_result_distributed-58e60d6f062afd58847defaf88451720', 'save_piv_result_distributed-6b36c46fb23a9ce93c5e14d3e518cdd1', 'save_piv_result_distributed-b2da664db1fa62c9f0e9e4bea6510d39', 'save_piv_result_distributed-3e63eb7f3ab2eca8e7cf804bad3df224', 'save_piv_result_distributed-fcd945ef0303587380e64d39a5d061cf', 'save_piv_result_distributed-bc482243c4caeecde9d16bea1ace54e1', 'save_piv_result_distributed-9bca12a3263675bee62eb2a024ef31be', 'save_piv_result_distributed-ececd40c8a4d4dee3640b48f8713e421', 'save_piv_result_distributed-b33fffc8441f89fea075a7e14d8db6c2', 'save_piv_result_distributed-9e23b388d8548d2a954eca353c77d76a', 'save_piv_result_distributed-071f961085df53ea89a0e0915008e36d', 'save_piv_result_distributed-6d3af78d553219be2356c01354a5a763', 'save_piv_result_distributed-1db71dacada02159bce6aed773cde119', 'save_piv_result_distributed-ae8ba1925534129bcfbbc3a04ad119c6', 'save_piv_result_distributed-3ec9f01666fa928ed2cd70ed0becf7ee', 'save_piv_result_distributed-ba62c5836f32b82c3764276b9a37b6e9', 'save_piv_result_distributed-fcf963ec6a6bf0093abf6a01b8fabc0d', 'save_piv_result_distributed-306c4504a87055fd9b4dcf80a80b3561', 'save_piv_result_distributed-190a9e90c781929e60dcaadd6eb166db', 'save_piv_result_distributed-b03e827e05f6083b9a475cc2e4785d26', 'save_piv_result_distributed-46a11f18358492e246f562a697cd83a7', 'save_piv_result_distributed-567204cb26420ee027040e92f3a0a52d', 'save_piv_result_distributed-00bf04bc5c7dd7c566b47b410458ab63', 'save_piv_result_distributed-13182759c26fb4c6c92a43ac0982bfac', 'save_piv_result_distributed-82e19cce95d02fa225a1723eba912385', 'save_piv_result_distributed-11dd9aa956c8e0e79aa9fe41365475a5', 'save_piv_result_distributed-48892bb0238df62dfc750250023804f3', 'save_piv_result_distributed-103d3e722adcf61c13a9d07eb873e0b3', 'save_piv_result_distributed-c4282274bda943d776a5b42168c6fe65', 'save_piv_result_distributed-9c7beba3e26e2668d03e9a7c7e47a0ec', 'save_piv_result_distributed-3a81fab93dff2fbd017c82ccfbce8f46', 'save_piv_result_distributed-5d2a8229e0d5841dfe83736b46c7474f', 'save_piv_result_distributed-425211c77c4da415e42f1cc048ac963a', 'save_piv_result_distributed-e747dff43d36e292276d65aac714b01a', 'save_piv_result_distributed-4dfe2146d158fab8ab6c5e69589d7c5b', 'save_piv_result_distributed-86c98e76443a2938756885d7a204ef63', 'save_piv_result_distributed-be863ac0c1682350639b26cc2103d2f9', 'save_piv_result_distributed-4c6a8dec3e85225c56ebf85db6f04583', 'save_piv_result_distributed-1d15f3984e15f1b94cd41ff39e8c145d', 'save_piv_result_distributed-10e9d863663b1eca3c51dcc03e847a27', 'save_piv_result_distributed-95cd3af5341735722347e295e73fe058', 'save_piv_result_distributed-54aabf11f3ee11963b40bd0ebaf28600', 'save_piv_result_distributed-5730d7f2e7ba094885587327494083af', 'save_piv_result_distributed-f80c0572e7a78539c99a7390ff709f7a', 'save_piv_result_distributed-c385d132eb3a39b2f12d69d3e079b5aa', 'save_piv_result_distributed-4711f400ed5a66c04d8aa580073e70e5', 'save_piv_result_distributed-6aa0f74dcd860f76cc38ae53717f66c0', 'save_piv_result_distributed-bd0c6a2e9ccd9fedcb7e0c34c8d4ceb0', 'save_piv_result_distributed-57a5efc89373c433924f23c06b0b5d7b', 'save_piv_result_distributed-a94b5ab07e63f7a77ed4af1787a0b13c', 'save_piv_result_distributed-99608e2a575c0e4321fbcbbf3e28817d', 'save_piv_result_distributed-70d620828fc5fb0c7b5278655d87dd91', 'save_piv_result_distributed-455b31d8e2565a656cf07c98d4758064', 'save_piv_result_distributed-945c7765e807769c21321a194f4ba787', 'save_piv_result_distributed-480b62d398cc3998d4632a1ba7bfbfed', 'save_piv_result_distributed-ca15fbfcd765e0db5446fb9bafb330a3', 'save_piv_result_distributed-b6a8cc897b31835a445c37f540e288b5', 'save_piv_result_distributed-dfec63c1f28cac7a96c8c3470fa672e4', 'save_piv_result_distributed-409c3c894cfe941dfa7b8fcc03964479', 'save_piv_result_distributed-13ac70d5a7c0e7c5619903c3ef9d792b', 'save_piv_result_distributed-216e8243a89dded309dac378a6dc25dc', 'save_piv_result_distributed-c122e9b98bc444552f99568c97aec8a4', 'save_piv_result_distributed-89ecad86fd08e69ae7fd31cb1bfc92e7', 'save_piv_result_distributed-82b34fec9e8f74caf4eb12e3d489b236', 'save_piv_result_distributed-8a8c0bb88a01cd7460098c1e1c08bdff', 'save_piv_result_distributed-75a116c021520b1345695204b34aa04f', 'save_piv_result_distributed-7c2f7cb216119c5891f42dc466758cfc', 'save_piv_result_distributed-06a204f824536fe78f11fb7cec377508', 'save_piv_result_distributed-3ee28085636394dc7ad44e4de25a681a', 'save_piv_result_distributed-e896ab7f118de99fd45586a8c1ab9295', 'save_piv_result_distributed-bddc837b356a226657490aa91fe201cf', 'save_piv_result_distributed-cb72fba4bb5fcd969203b21fc09d56ba', 'save_piv_result_distributed-8dec67741af6474b2821b9e8c21296ea', 'save_piv_result_distributed-0f353cea9ee97bc2c79b6a5d8a849b7d', 'save_piv_result_distributed-de61461b9eb9b602c9438e535713cca6', 'save_piv_result_distributed-e23afa5f98b175eb8ac810d44d738a97', 'save_piv_result_distributed-951d149ab272298875cfb765201f8010', 'save_piv_result_distributed-312ab55553c8f8cc0e18ad07af039e2f', 'save_piv_result_distributed-de4c00b6f9c52b0da3f68404b3bc10aa', 'save_piv_result_distributed-bc73006eb0e6d9b861998bcc820eaa11', 'save_piv_result_distributed-8c13e00817ae207e19b2374b375d517e', 'save_piv_result_distributed-955a38c43f14923a63e8bf39996a7e4f', 'save_piv_result_distributed-8639c2d500237029aaf2c0c6048d7046', 'save_piv_result_distributed-fe2e118401f937096680e543ad3727e8', 'save_piv_result_distributed-18687b7a6b4b258cffb3ad07a53cd2b2', 'save_piv_result_distributed-831057578641b3c539b9278dc54c8b55', 'save_piv_result_distributed-3826507ea1ee455be8567b5f6df86de6', 'save_piv_result_distributed-c896888e249963281e549787cc4fd5fd', 'save_piv_result_distributed-d6e009e1e4a92971c2f5922487dc8d01', 'save_piv_result_distributed-e2fdec622b59434d50b7dc06c90f5e6c', 'save_piv_result_distributed-9ccaf21c77d06e966bfabcc8526e8545', 'save_piv_result_distributed-c1c8bfa1ac901386c17f75c23bd19d97', 'save_piv_result_distributed-55174540807d292eaa9f8a057b4b1105', 'save_piv_result_distributed-240f2fca1d03b68481d0538aa5f105c7', 'save_piv_result_distributed-2e7603c1d6283251842bd57a82325f2b', 'save_piv_result_distributed-ff473a6d67860d6ac912537e15db86fe', 'save_piv_result_distributed-c17a285544c4ae7290c7227b090ce1ea', 'save_piv_result_distributed-bb362f22c96be881a9d5761eed0b44d4', 'save_piv_result_distributed-5cb2f35dc5b7e7c3bae2cc18dc05aa8b', 'save_piv_result_distributed-956814d0b7f30879df4103a9562156a1', 'save_piv_result_distributed-40d2f7f02a21dd6c74b938dc554ef46e', 'save_piv_result_distributed-6a6e4335d276c5d2e37b7ef42e65b199', 'save_piv_result_distributed-ff27e59a75a42c4762d9776051179c30', 'save_piv_result_distributed-59c5ccc9329c5ffa7e66ccb1c1dd1e83', 'save_piv_result_distributed-6693a9b804dbccb6404378ec3bf38e9e', 'save_piv_result_distributed-8ef88989805a6015aa99031d28a9d7f7', 'save_piv_result_distributed-8311e12c86826274dcb4e53543f93f6d', 'save_piv_result_distributed-be0e12379f16c8c3cd1d75c37cc1180a', 'save_piv_result_distributed-fb8b76823384f60d13f8c90f0d3bf128', 'save_piv_result_distributed-123363216414a4ed956540d50a12898c', 'save_piv_result_distributed-419ea9153602828d4404fce4aa2ee21d', 'save_piv_result_distributed-25804fcb2aaa6e11b368c87965a4b591', 'save_piv_result_distributed-c1dc2367fa105eba091c180a505cc741', 'save_piv_result_distributed-498f926863f07995d362f41dfbf2fbc7', 'save_piv_result_distributed-a10cb5cc6086cd639685971d843348c2', 'save_piv_result_distributed-e966b146dbe0f436cd830cf4be9d6ef8', 'save_piv_result_distributed-6533b4138267ad462ac5e496a99570ee', 'save_piv_result_distributed-a4c61914539eb1153e64b9d18ecd9b58', 'save_piv_result_distributed-f007594fcc829ce8956ce2982b2672ae', 'save_piv_result_distributed-1d0921c7e3462f72a89b7c5e1770b669', 'save_piv_result_distributed-a0a95d65618484ed67b4103d907aab78', 'save_piv_result_distributed-2f40a8ad1c0879fcf5dae18f05c56e2f', 'save_piv_result_distributed-2af2ca2f58d6dee978e30573be029768', 'save_piv_result_distributed-c87f7517ec229e0e976948f7ab22859a', 'save_piv_result_distributed-fa0f61ee0977c61920f6d840530b30ca', 'save_piv_result_distributed-b9c33fb1e46fc30d6bddb7ea5fdcaabd', 'save_piv_result_distributed-beb32fa9be5f5390c892efee62b60807', 'save_piv_result_distributed-11abf4b2426c02e2f91b17dc904e3f25', 'save_piv_result_distributed-5285faf20c20ee63daebfb3a672f0deb', 'save_piv_result_distributed-831989606e5280b35345ba3737c258ee', 'save_piv_result_distributed-8b3bbc452342c632591bf7e6f87021f3', 'save_piv_result_distributed-af9f5669ae7bcb3a011d29a64663c246', 'save_piv_result_distributed-f3dc93522d1404ac829ec7056e43eb08', 'save_piv_result_distributed-ec2ef13e03a6f57a0ff260857c50a436', 'save_piv_result_distributed-0920e073aa8a6963c3790a94ce22139e', 'save_piv_result_distributed-de8c285a52630f369e49db008eee63ea', 'save_piv_result_distributed-901a6ef2a21c9e1ed467d3bc99522fdf', 'save_piv_result_distributed-41a3eed82c44c483d0a3530721711ad9', 'save_piv_result_distributed-75a8288a611343f163ddb590694bd523', 'save_piv_result_distributed-498ed396a7f4d07a0a0f33fa0d9a4356', 'save_piv_result_distributed-f06e33d3145b8f6b016e9665b895806e', 'save_piv_result_distributed-4ad3ed480ab6d1e5092809ed05ff8fef', 'save_piv_result_distributed-26911c21bf938981e0b6a6872e2afc20', 'save_piv_result_distributed-df8a576171cd3b5c62e3a0f129326b6d', 'save_piv_result_distributed-c071e50455bfc338720b8c3f599eb968', 'save_piv_result_distributed-56b1110bb6396fb018464347594679cd', 'save_piv_result_distributed-8edb50c630992b7ff7b100c85f690449', 'save_piv_result_distributed-5ace14e148194ff13867ce60663538c3', 'save_piv_result_distributed-dc970f2d83f050031aab682444e14170', 'save_piv_result_distributed-ae44f8c55f47b0bbb1d05d99dabdc64a', 'save_piv_result_distributed-192bd22bd21dbb4abe1fe8fcb6a67bc4', 'save_piv_result_distributed-21272ff6b357ccbd054d7343a007f6be', 'save_piv_result_distributed-c578804af9b2f24cf7410def6f06fad4', 'save_piv_result_distributed-5997887e65c653449bd6b8431120524b', 'save_piv_result_distributed-a065055174e44b3462ee331c452c19a5', 'save_piv_result_distributed-5fac543180a78c386f1c56f71ce8b1c1', 'save_piv_result_distributed-b18855f616498690942ad06a23c6fe1d', 'save_piv_result_distributed-758ec94bd4fa72125753c8ed6555a95d', 'save_piv_result_distributed-d18c7f934dce1e505c5b49325493954a', 'save_piv_result_distributed-fe65b910545fcc629c5be59ed23d0477', 'save_piv_result_distributed-4d9968f7ad23dd3c74c84059ae1365d8', 'save_piv_result_distributed-4afe74f28b573165fbb142f6362e55c6', 'save_piv_result_distributed-340e7359076db972e535c0d7f63bc048', 'save_piv_result_distributed-f5208ab237d7cd6629c5e083940848d7', 'save_piv_result_distributed-70c5a9f4e3d164be4437a2e15dd295be', 'save_piv_result_distributed-d5fed4c3dae7b14e217a64577b5336e6', 'save_piv_result_distributed-88a8ec625f9b441274b06a831664db52', 'save_piv_result_distributed-3c105c34778efc5261d32071017ccdd8', 'save_piv_result_distributed-22c1a659a7c5b7723eddf07463901aa1', 'save_piv_result_distributed-895ebdc12da14994bd04a79b1f30ffad', 'save_piv_result_distributed-d11a6be04343cbf7eae01289656fa921', 'save_piv_result_distributed-64e51ad787879f65fecd8d79f9592e90', 'save_piv_result_distributed-99c03c8e5b83d59fa5f1b291cec40e22', 'save_piv_result_distributed-0f8b9876fc9cc0a5feafa50f30f5dd64', 'save_piv_result_distributed-1f014dcaab324a33414bfc6bff0905a4', 'save_piv_result_distributed-19b7004b897769b740b6c6238904a7a6', 'save_piv_result_distributed-c5cdd4dcb8bea698430e7a6e5d08c26f', 'save_piv_result_distributed-d98509eefb64851ea618ad845efeaace', 'save_piv_result_distributed-8b54a80d77cecdb0ccacbff9bfa19b4c', 'save_piv_result_distributed-74f097fb76eb00c04b99c5e66e5d9d99', 'save_piv_result_distributed-601579d6f63753c3457a022be68e86a9', 'save_piv_result_distributed-3f41438d16cbf00bba403c81639c3646', 'save_piv_result_distributed-df620e8dac55b3bca7db583aba8a9f9e', 'save_piv_result_distributed-1a4c4617b1e73777adac4e2172532d16', 'save_piv_result_distributed-4b68c27952ef21110482f923df061668', 'save_piv_result_distributed-c2d9e3095f56083ac2637390c2965763', 'save_piv_result_distributed-dbd508c432164c90049ca6a85e97d1b8', 'save_piv_result_distributed-a437022718cd794d4ceb8e8e2869cb31', 'save_piv_result_distributed-c5ef45fb85708acbd93f290a76d1b210', 'save_piv_result_distributed-8d59809a9fb56d3328a944301f440c99', 'save_piv_result_distributed-17af0499ba358bd28f0c60857472c9f4', 'save_piv_result_distributed-62b7f530091165eeb5a6a0e0cf4acd06', 'save_piv_result_distributed-4154187b4e9e82e703b434c30982ed44', 'save_piv_result_distributed-a97dcd202c782861a26b674d3afc97ac', 'save_piv_result_distributed-df9167b44c5112142e588cf17b5bb16c', 'save_piv_result_distributed-c7033b9a21ec636c684313bcd37b33e5', 'save_piv_result_distributed-2f71d147dd5b4db9ccd0396dc090a203', 'save_piv_result_distributed-24f19d2b4fa1d03ee02fc18fb6fb4aaf', 'save_piv_result_distributed-5b8973b5c84c2e9db594bb39ba8eae44', 'save_piv_result_distributed-2e6f371b58dbffdedaf8f553ee934142', 'save_piv_result_distributed-bb9335d758a39410bb256bde7dbb3745', 'save_piv_result_distributed-6df59e039e5a82408331c5e7a6b7a31d', 'save_piv_result_distributed-df931942155c400203284329ef049433', 'save_piv_result_distributed-9cd24cd9c0ddc4781535ab6d8dee6330', 'save_piv_result_distributed-f2098ad61a5c1cee804f229a7321af37', 'save_piv_result_distributed-6c2a2bd1d9cace28db5a5199a857eaa1', 'save_piv_result_distributed-acc1adbe2078a34dacdbad5f57553dd0', 'save_piv_result_distributed-09a5c82a4a14e815ea43411edd26bba1', 'save_piv_result_distributed-539e47bccb9b0fee186f42d90e41cba9', 'save_piv_result_distributed-4739342eb7c21b0ddf95f6ad9f2fedec', 'save_piv_result_distributed-25c44da56895960498008f3596052deb', 'save_piv_result_distributed-19ecdd77f5b7043ef75665c80ad8bac3', 'save_piv_result_distributed-427d89f9a9c74f8572e2be02fe20961a', 'save_piv_result_distributed-fc4309403df6d5e7faccc6c074f8a241', 'save_piv_result_distributed-b4273ef0e007a6a34bf3bd197971032d', 'save_piv_result_distributed-4a456048e6cb49b64e891f4c7058f74d', 'save_piv_result_distributed-d21d3990ffc550b1936d2a114769b99b', 'save_piv_result_distributed-fb0f6abdf090bf56b0a5e2bc7381f9b2', 'save_piv_result_distributed-64a90197394f388b6d2849ae24475a27', 'save_piv_result_distributed-8d5ebf58d3f6262a117c397e594e2648', 'save_piv_result_distributed-0d3f1fb14d45c6fa2320be4a8f468344', 'save_piv_result_distributed-8046ac21fe93d716b21a6841d04759ea', 'save_piv_result_distributed-ab26c37c82f241eb83146111a8801dc3', 'save_piv_result_distributed-ac12bdaa80df7d09fdd1cfed8c4f9b97', 'save_piv_result_distributed-4fd6d210904d4811d55c58c618e90ee7', 'save_piv_result_distributed-de9cbe22472ebd990bb6ead0e7561f7e', 'save_piv_result_distributed-db26249db2a8b4bc3ee0221da3742ce5', 'save_piv_result_distributed-b2e98586ba4918622e73c8b8022e674c', 'save_piv_result_distributed-20c1d9f6ba7db0359fd6c345cbaddf77', 'save_piv_result_distributed-a209ca02fb825e2efce7022712c3fdf3', 'save_piv_result_distributed-59c8c7649cbfd787727694dfb3cfd0f7', 'save_piv_result_distributed-ea78617a152d2c023f6e60239d263e44', 'save_piv_result_distributed-ef6ca226d132864599d8562ec3f5949f', 'save_piv_result_distributed-5310313bb60e5aab06ab35b1299ee21d', 'save_piv_result_distributed-3be2b730bc8899fae3a31a84f2bb7d9c', 'save_piv_result_distributed-2ebaa77c2a1e240a8adceecaac4291db', 'save_piv_result_distributed-60556dce385082244213d0bc3c8fa5a0', 'save_piv_result_distributed-375e7fd5e9ed5963fc851047a7bc7724', 'save_piv_result_distributed-86fe7f302b044d1f83a3b917c9377fca', 'save_piv_result_distributed-1402ecb86e617fd14cd3551287347ad4', 'save_piv_result_distributed-d5af1f54036a01dbdb0ab7c305930fa5', 'save_piv_result_distributed-4e9d352cb86c880861dae0f92e82f6a8', 'save_piv_result_distributed-eee7aba672633707792613a1b1313173', 'save_piv_result_distributed-23556ca77f98a58bfa8bfec7916eb11f', 'save_piv_result_distributed-c3dea5c0e7a4ef03d5ddb1b384923cae', 'save_piv_result_distributed-1d4babf19acd897143f32c52a6c97e1c', 'save_piv_result_distributed-efac3c51d77aeb9233ae11fd077ec9b4', 'save_piv_result_distributed-c8d07e3bbe77f5ce38ad1fddf994bf71', 'save_piv_result_distributed-7b5f3f8f121c1f2cafcb7021b965cc33', 'save_piv_result_distributed-bd23264eac5712d2b8cfbba49038f843', 'save_piv_result_distributed-891942053e593d4ff3336c19ae6eb4f7', 'save_piv_result_distributed-3c238de484281237dda184cf0bcb71af', 'save_piv_result_distributed-6bf78bc823253f543964c1ec3a7ffc62', 'save_piv_result_distributed-23bcbcb58c9dce040522618ecc0f86a8', 'save_piv_result_distributed-d14faffb23d47c625b7a1f647522302a', 'save_piv_result_distributed-e63cff4218ff0be2b7ab87fdf46962ea', 'save_piv_result_distributed-6094e1bfae37237326d67fb2be817e5f', 'save_piv_result_distributed-4e59f13a99b31f521fcfd4867eb3636a', 'save_piv_result_distributed-fed17c1adb1725ab11789b88b9362e0e', 'save_piv_result_distributed-930181ea271ed2418f7e40cb8cdaf303', 'save_piv_result_distributed-3c752698a88adb46e98b4d3640bacfdc', 'save_piv_result_distributed-3d6cecf05eda93d059359a11adf33441', 'save_piv_result_distributed-d1a035121ca588ad9775be9cb5542da4', 'save_piv_result_distributed-6b6a266cd3df49304dc0279596367bc8', 'save_piv_result_distributed-6f403ea2868eb6b63523b3034f3d475b', 'save_piv_result_distributed-45c325f6a77c09e3855b913050463a61', 'save_piv_result_distributed-f00c5ddbf6e070f130ea3e093777eb58', 'save_piv_result_distributed-7faa8c8afcba8e931ea27506abef4ef4']
204 Futures cancelled for reason: already forgotten.
Message: None
Futures: ['save_piv_result_distributed-be08813531707e51919ddc561f1e4d4e', 'save_piv_result_distributed-88c11dafe14a5947f87dc8f52e29f88f', 'save_piv_result_distributed-cb594f470e332aeece7c2923be2586a2', 'save_piv_result_distributed-9cce6682f7aa4ee54899a8eafd053862', 'save_piv_result_distributed-5530f01668cf3bf41728cd742e330cfc', 'save_piv_result_distributed-fd8f2bab60df5a5d139112394598442a', 'save_piv_result_distributed-a6f9d17c71c55057e05e7d77a6ff2d6c', 'save_piv_result_distributed-b97097ef3fa2dd40eea92f4ed2c13c7c', 'save_piv_result_distributed-21a5eb9fc44f88549493f38f830e1545', 'save_piv_result_distributed-f352fc63faad23172b56e993e5f14eb2', 'save_piv_result_distributed-6c17bbe89cf58c82c6c4c8e618342246', 'save_piv_result_distributed-96e9121342bd5964fcac38cd7487a5a0', 'save_piv_result_distributed-d5b87c80628ed8d00447565618d21287', 'save_piv_result_distributed-af4d379b2774bf16da4593f4cbdd4d61', 'save_piv_result_distributed-9b9b89f24d98c28f2a0d2b335957572f', 'save_piv_result_distributed-fc408d60e9c714993aa471f2b745afd6', 'save_piv_result_distributed-d927dbaf31609ad02244c92043d47b82', 'save_piv_result_distributed-47a193a61cadcb9d80ed29c33d6ca68d', 'save_piv_result_distributed-d99b032e41b5d41d765ede853439c8d1', 'save_piv_result_distributed-8d51e8f61d7050724b89cb0b812e8fd6', 'save_piv_result_distributed-67dadb31c6b36ed9428fae7eac8b4e28', 'save_piv_result_distributed-a7d7db1f1c42398d981c655fc02c8d6e', 'save_piv_result_distributed-24ba48f9f41ee898826ba3964264d977', 'save_piv_result_distributed-815f01a2cddd52531d2298a50be0ee8e', 'save_piv_result_distributed-2af3bbb7f9e81c0db62a68789191b75d', 'save_piv_result_distributed-30c6bf06ab4ece112d50e5273f1f6d7f', 'save_piv_result_distributed-5102adf98634359bff326f736d915198', 'save_piv_result_distributed-3f042879a78bbb93ba2c51d9d77ac514', 'save_piv_result_distributed-b799ef7ebd40e1a258ee69b92a848ed3', 'save_piv_result_distributed-c756c727948c701e638951b1e75271b9', 'save_piv_result_distributed-752ba69890a2a33164222cceb346434b', 'save_piv_result_distributed-dc1736a8e84dd7e5f7b4cf212f4af32d', 'save_piv_result_distributed-e8e6774d311ae900284f8eaecf1bf106', 'save_piv_result_distributed-00e478195865b55a43ca8dfac360c295', 'save_piv_result_distributed-a09ffdc508cbd454be1253d7af155076', 'save_piv_result_distributed-23dee5760548c7df1b69f1cbdedc9d4e', 'save_piv_result_distributed-18bb388cd48604d3cbe0a5f49c42efcf', 'save_piv_result_distributed-35d34a33f30ae713df8625091e1220c5', 'save_piv_result_distributed-dc0f919eff396fcc7377f1cc6257093f', 'save_piv_result_distributed-464609ef437c7ddc6204380229ed4ab7', 'save_piv_result_distributed-4da17aec67d16cff6ef27e4b468ca907', 'save_piv_result_distributed-5288d206cef92b3edb1703774469f79b', 'save_piv_result_distributed-3fac475f683036b789ab29b501957f70', 'save_piv_result_distributed-bd11591ddc47bbefcf6f1bd30cf03edb', 'save_piv_result_distributed-a1a7982672b4b3e0d69799f924cb6748', 'save_piv_result_distributed-1fc7e9b52eaded46e22ab60e8dd092ca', 'save_piv_result_distributed-8d4fb53f8d0e37f4388675b54670160a', 'save_piv_result_distributed-4ea6c8ded680ad3c34147a3b10a37a8e', 'save_piv_result_distributed-082ad7c128b423e0fa6247eafbe4750b', 'save_piv_result_distributed-bf56035e54aceb4f290d9e9264dc9f25', 'save_piv_result_distributed-806f5deae1c90a4786c8fadba918c15b', 'save_piv_result_distributed-3d1fa11f3021dae76bb7bbeccf73f81c', 'save_piv_result_distributed-9b91bfaeff3c0592f6899d7ee094c31f', 'save_piv_result_distributed-384a8c71bfde951d542b59dcb05025b3', 'save_piv_result_distributed-9d7f08002c7472461ca74d5c07dc0534', 'save_piv_result_distributed-a2396beb90efc43968333b746e8c8a72', 'save_piv_result_distributed-9a1485fd42ca4e0fec1012ef1696c6c9', 'save_piv_result_distributed-f5537b8ec9b9598e9e674f29d66a4130', 'save_piv_result_distributed-391876f1725c8ef3a200bb6659b567f8', 'save_piv_result_distributed-719d7d64dd625c855f7293096f4669fd', 'save_piv_result_distributed-8ad294e3925279de7c10d8f4af5856da', 'save_piv_result_distributed-4bdb1294927d9246bf8f2e667d2fed7b', 'save_piv_result_distributed-e5995056eae290a545b1f359c77aa097', 'save_piv_result_distributed-346bc7394b622e967487acde9483e3d6', 'save_piv_result_distributed-59e133eeb30e086592321ab158d2901b', 'save_piv_result_distributed-47905f8538066d16a8c7bae17dce6005', 'save_piv_result_distributed-e22b75a941a08fde73997493601467a3', 'save_piv_result_distributed-dede501f79fb28d0777610cd44ff24d2', 'save_piv_result_distributed-7d25ffd9a2a6f10ba271d367ec964b89', 'save_piv_result_distributed-8316699ac4cf28349e54b9a1d37f9b39', 'save_piv_result_distributed-ee40655f3bb11386e542b1cafcd75c0a', 'save_piv_result_distributed-562002b56094bb6ff742d303bd3271c5', 'save_piv_result_distributed-92859661234acf31777aba42be36b516', 'save_piv_result_distributed-2f7fb8f3354a57f49dbd80baad85b594', 'save_piv_result_distributed-ea489a0b20dad800fd29f27dedfa4fb0', 'save_piv_result_distributed-596dc5db59a368dea2cec54b0b653692', 'save_piv_result_distributed-6da5eb48c5b8dc5ebe69c6ac379d4efb', 'save_piv_result_distributed-76c3331cdc52eb8793322b256412ba36', 'save_piv_result_distributed-b8cd17bdf7f7e044a01a3d7d3898629d', 'save_piv_result_distributed-4caddb01a849b998bda482157a7e1524', 'save_piv_result_distributed-394e569e0eaf508bd0f4aafdbb4d3724', 'save_piv_result_distributed-7979e637e4bdf8cef84bd67f4dea15fd', 'save_piv_result_distributed-ea5b53a42224d2645739613208dbff4f', 'save_piv_result_distributed-f92cc54d07ad834d2453612e55b8a058', 'save_piv_result_distributed-ca326040a0f63cfd38250e6d4bc302a9', 'save_piv_result_distributed-c30b71e2dd4f4f780ad524c79f48d3a8', 'save_piv_result_distributed-acb7fe125b7a6c235bac997e9aeb4058', 'save_piv_result_distributed-c6092ed4f62c1c41d798a816c1a9d48c', 'save_piv_result_distributed-0df22a72101137ed272bae0ba3df5baf', 'save_piv_result_distributed-4febe706f9f785c301f7a92df42c3023', 'save_piv_result_distributed-48641ab3e7849001f5e257e17b70fcde', 'save_piv_result_distributed-c45a72f939539fc72f012fa70d4fc726', 'save_piv_result_distributed-480b68ce24ba6731a803fe0beed67af5', 'save_piv_result_distributed-f10eae49882aa559c043170db04a1039', 'save_piv_result_distributed-e6e07205680f2a5265ff0e9f42332a39', 'save_piv_result_distributed-6ca3135fa98d65428c3adc7c9a848422', 'save_piv_result_distributed-fdf402d5fd8167b65794758def18eb0c', 'save_piv_result_distributed-661474c622f6fe62787441dd6a40702e', 'save_piv_result_distributed-bcabdaf9722f563743405f98bf49589c', 'save_piv_result_distributed-7c0e061202921f731209f347f1515739', 'save_piv_result_distributed-2776405597cb61dc52b5da70552b94e4', 'save_piv_result_distributed-27357fe4e8d52e9d0768bc4f421a8be2', 'save_piv_result_distributed-1ddb7d6883a01632a913b0444344eab5', 'save_piv_result_distributed-081349b4a1ed853055bb14d3417fa997', 'save_piv_result_distributed-164e9a9ba49dc29bf6ce2a31acc7f49e', 'save_piv_result_distributed-577e7cb994729203660f3ca5d257645e', 'save_piv_result_distributed-3bab7a5cbb844dc2a5f1263aa1a62d8e', 'save_piv_result_distributed-ce3fbc7b55d491b6bb7bed53dd650a39', 'save_piv_result_distributed-5bedff648ca5f78e021e2762753691f9', 'save_piv_result_distributed-7753fbcc1f58aabd5db93915a3cf2f20', 'save_piv_result_distributed-a6a6098a1c0ddf3a909e23a570c9ec87', 'save_piv_result_distributed-c8950422c8009482c586aed86bdb1087', 'save_piv_result_distributed-59ff271804e7d00eb306063a797566ef', 'save_piv_result_distributed-3148a9e6aa0af7ea1c344f258743a429', 'save_piv_result_distributed-668c05eb2f7ba9c323d402a68984c509', 'save_piv_result_distributed-13a7f4edea7de8d80122b985773505ff', 'save_piv_result_distributed-1360dc236dd825c3f52409c82d5b85fc', 'save_piv_result_distributed-cddbb3ffba9f497d3f3cb2140f6920ae', 'save_piv_result_distributed-a3bc1dc9d28b5a9ca0b705ecce37ea18', 'save_piv_result_distributed-59ee36d5a04d43744b7f6d7cb39eba55', 'save_piv_result_distributed-61de6192f9f33233a057360c41015264', 'save_piv_result_distributed-ac6f6ecc6d1eb3876ddce8e922898637', 'save_piv_result_distributed-a89e0e43ee29ae892480b5af8474cad2', 'save_piv_result_distributed-7760a8222cff309b33ee722d9b75dec5', 'save_piv_result_distributed-7ce1cc0cb0dc88b7be8e334cecf964f1', 'save_piv_result_distributed-0af275fc1129a1e4b9253114bddbb8eb', 'save_piv_result_distributed-8ca918dc8d3e621c11c052076c1abb2c', 'save_piv_result_distributed-a543bdf2c9ff1a6ab5862fcb1df7a9ac', 'save_piv_result_distributed-d647c8b0b63a1437ef1b7241e5627354', 'save_piv_result_distributed-0bc10ee1cdcad6d1f851d570fe0d50ad', 'save_piv_result_distributed-245674d660ec2391383a2d7ccabbd610', 'save_piv_result_distributed-1ae8ea0d8019f9b458bfabb2a368d80d', 'save_piv_result_distributed-3515983d38ed404f5de15f2afed11c3d', 'save_piv_result_distributed-3805cd10f41acc8e8828ec4787227451', 'save_piv_result_distributed-adbe260ab46a53470539103ec4fc53ef', 'save_piv_result_distributed-3d3bd407cdd30ace02d45a0f4b7b3e97', 'save_piv_result_distributed-554b19fcf14bb047694620e254a203d4', 'save_piv_result_distributed-97a7f0994b8203859d9e8c80ed91dd9d', 'save_piv_result_distributed-6e30428836610087472a926eeae405ba', 'save_piv_result_distributed-602ad0d4ebc99bc38e3fcb2f6040d088', 'save_piv_result_distributed-57cca46551801b9aefd7be5c1b1ac2c1', 'save_piv_result_distributed-c0ce15364ccae5123b9d1f4399fb8693', 'save_piv_result_distributed-df937ceac6660f3af473731108072a15', 'save_piv_result_distributed-0daf2088569f3c41a4b13e2af13d6638', 'save_piv_result_distributed-5b3efec9088635760a5d770248aa2bf7', 'save_piv_result_distributed-341494a77d8aef74c4413decf10e8332', 'save_piv_result_distributed-08ce7817b8d70d04a4c863779909453b', 'save_piv_result_distributed-b8951acd5ce2c27260a40a0393eab048', 'save_piv_result_distributed-6e1b0561b7653d28b5b47bbb90aa74f9', 'save_piv_result_distributed-9c3e71c7646a7ac8cdb56fad08bd0b01', 'save_piv_result_distributed-8c8e7e682f4d64436c3958d142ebeeae', 'save_piv_result_distributed-0523ab85bc38fcdb159c2c496647f54a', 'save_piv_result_distributed-237beddb3197e3b97bc4f13c05511f21', 'save_piv_result_distributed-83a69ac18781f8c691f831a6b3d115b9', 'save_piv_result_distributed-84658c059b466922497e8fb3ee456cc3', 'save_piv_result_distributed-1ed4f14e360c66cb8764405deb528f7f', 'save_piv_result_distributed-5ec0f09d7e954527b6904cd5864eceb2', 'save_piv_result_distributed-d6ba5132e4828bf88eab12723cef5e91', 'save_piv_result_distributed-3ae309ce11cc9e11e581394160a0e390', 'save_piv_result_distributed-a505bb5d1436ec596ec9233d91e385f9', 'save_piv_result_distributed-ea970628e70bbbe9abe0d7332d165a8a', 'save_piv_result_distributed-a15d9dde881dc15c928aaf9080786886', 'save_piv_result_distributed-bdfbe13c918ee37a9eb8bb029d2ef0eb', 'save_piv_result_distributed-95a91ee346a023586a7f8648c7efe4e5', 'save_piv_result_distributed-b337e8c57bc63ac95346eacb8662a508', 'save_piv_result_distributed-5b6a98ba2f8dcf30a4d6b29774c4e822', 'save_piv_result_distributed-4a368f10dee24dcbcf062aadb524f563', 'save_piv_result_distributed-5b085ee607c4a42d77065c1f454bb15b', 'save_piv_result_distributed-ede08c14b0d3b424fe28c866489de631', 'save_piv_result_distributed-58379a75c0b4de2e37f01f0590a579b2', 'save_piv_result_distributed-c97ac111df506226bf4ccdcd77dc5b3d', 'save_piv_result_distributed-a15c7331e87f8a66bb17aa525d37e095', 'save_piv_result_distributed-bfbccf26c02795e8898e8c4b8d983d7c', 'save_piv_result_distributed-5541b5bfa87f28bf95d9bf7dab9cf538', 'save_piv_result_distributed-a15c3532e66c93ccfa25e8003edce063', 'save_piv_result_distributed-9d2fa672d9f10c6776e638e0499b90d8', 'save_piv_result_distributed-a54f5d4b23224a8e30cd1671040c0280', 'save_piv_result_distributed-4cc6f70f5dc8d29328445ecc418acfed', 'save_piv_result_distributed-048a1b044c8e7e066bd3d45db06ea1d6', 'save_piv_result_distributed-64c015ac8012b1b383d390bd5b0e62f2', 'save_piv_result_distributed-797fedb493026ded104c12a551374ff5', 'save_piv_result_distributed-ffc652de9f67ba86a538d5ca846d632d', 'save_piv_result_distributed-b7e1b72f6019c83491b157f5ebdd22b2', 'save_piv_result_distributed-d475993e5359bd3d9d29cf8871df9cc7', 'save_piv_result_distributed-2cb52b1a0158b949b2139f110c12902c', 'save_piv_result_distributed-17e51e9afda3ac4f51b48a40432e3aea', 'save_piv_result_distributed-6ddf1a68833e4b36077e98f2a581dbbe', 'save_piv_result_distributed-8a8e9d6bb88e4dc55ecb7d870643db9d', 'save_piv_result_distributed-34f394e51ec7024238c19a19ff755b19', 'save_piv_result_distributed-495bf7f880f0948509cc5778c3015456', 'save_piv_result_distributed-816a2f3f24cd9d89e4def2caeba17b16', 'save_piv_result_distributed-9882cedf29ea1dc11e0921a393c18015', 'save_piv_result_distributed-df3ef01a6ef5b7d285003eb85f566353', 'save_piv_result_distributed-c354b2a25d42ec9461016400d26ab309', 'save_piv_result_distributed-f3971da690348a540c072e5705a7303d', 'save_piv_result_distributed-30d7fa55052e0c453a2662d33d14401d', 'save_piv_result_distributed-46ad6b40f7b1d9b5c7eb6244272d4570', 'save_piv_result_distributed-b957ef742dde462bcbad2e367d02379f', 'save_piv_result_distributed-66c40699b61dd1469abe864699992410', 'save_piv_result_distributed-3f849c30f8db2151716e7d04141afece', 'save_piv_result_distributed-f0fd13a75364d33458ba5809e09b68a2', 'save_piv_result_distributed-45342cf5295d40aeb3ba5119c144910b', 'save_piv_result_distributed-892b775f8b31e53f250eaf19526bd1d8', 'save_piv_result_distributed-27b189462552796897341bee1a8cefc8']
Total elapsed time: 51.55 seconds
