2025-11-04 16:58:23,071 [INFO] Logging initialized. Level: INFO, File: pypiv.log
2025-11-04 16:58:25,334 [INFO] Logging initialized. Level: INFO, File: pypiv.log
2025-11-04 16:58:25,470 [INFO] Worker logging configured successfully
2025-11-04 16:58:25,471 [INFO] Dask cluster started successfully
2025-11-04 16:58:25,472 [INFO] Dask Worker Info:
2025-11-04 16:58:25,472 [INFO] Worker tcp://127.0.0.1:59872
2025-11-04 16:58:25,472 [INFO]   pid: None
2025-11-04 16:58:25,472 [INFO]   host: 127.0.0.1
2025-11-04 16:58:25,472 [INFO]   local_dir: C:\Users\mtt1e23\AppData\Local\Temp\dask-scratch-space\worker-o4gz_yoz
2025-11-04 16:58:25,480 [INFO]   nanny: True
2025-11-04 16:58:25,480 [INFO] Processing camera: Cam1
2025-11-04 16:58:25,493 [INFO] Auto-detected image shape: (1152, 1024)
2025-11-04 16:58:25.498 | DEBUG    | image_handling.load_images:load_mask_for_camera:280 - Masking is disabled in config
2025-11-04 16:58:25,504 [INFO] Successfully cached window padding for 3 passes
2025-11-04 16:58:25,519 [INFO] Successfully cached interpolation grids for 3 passes
2025-11-04 16:58:25,566 [INFO] Pre-computed and broadcast correlator cache for distributed workers
2025-11-04 16:58:26,649 [INFO] Worker saved coordinates to C:\Users\mtt1e23\OneDrive - University of Southampton\Documents\#current_processing\query_JHTDB\Planar_Images_with_wall\uncalibrated_piv\100\Cam1\instantaneous\coordinates.mat
  Max threads: 5
  Max threads: 5
  Max threads: 5
  Max threads: 5
  Max threads: 5
  Max threads: 5
  Max threads: 5
  Max threads: 5
  Max threads: 5
  Max threads: 5
  Max threads: 5
  Max threads: 5
  Max threads: 5
  Max threads: 5
  Max threads: 5
  Max threads: 5
  Max threads: 5
  Max threads: 5
  Max threads: 5
  Max threads: 5
  Max threads: 5
  Max threads: 5
  Max threads: 5
  Max threads: 5
  Max threads: 5
  Max threads: 5
  Max threads: 5
  Max threads: 5
  Max threads: 5
  Max threads: 5
  Max threads: 5
  Max threads: 5
  Max threads: 5
  Max threads: 5
  Max threads: 5
  Max threads: 5
  Max threads: 5
  Max threads: 5
  Max threads: 5
  Max threads: 5
  Max threads: 5
  Max threads: 5
  Max threads: 5
  Max threads: 5
  Max threads: 5
  Max threads: 5
  Max threads: 5
  Max threads: 5
  Max threads: 5
  Max threads: 5
  Max threads: 5
  Max threads: 5
  Max threads: 5
  Max threads: 5
  Max threads: 5
  Max threads: 5
  Max threads: 5
  Max threads: 5
  Max threads: 5
  Max threads: 5
  Max threads: 5
  Max threads: 5
  Max threads: 5
  Max threads: 5
  Max threads: 5
  Max threads: 5
  Max threads: 5
  Max threads: 5
  Max threads: 5
  Max threads: 5
  Max threads: 5
  Max threads: 5
  Max threads: 5
  Max threads: 5
  Max threads: 5
  Max threads: 5
  Max threads: 5
  Max threads: 5
  Max threads: 5
  Max threads: 5
  Max threads: 5
  Max threads: 5
  Max threads: 5
  Max threads: 5
  Max threads: 5
  Max threads: 5
  Max threads: 5
  Max threads: 5
  Max threads: 5
  Max threads: 5
  Max threads: 5
  Max threads: 5
  Max threads: 5
  Max threads: 5
  Max threads: 5
  Max threads: 5
  Max threads: 5
  Max threads: 5
  Max threads: 5
  Max threads: 5
  Max threads: 5
  Max threads: 5
  Max threads: 5
  Max threads: 5
  Max threads: 5
  Max threads: 5
  Max threads: 5
  Max threads: 5
  Max threads: 5
  Max threads: 5
  Max threads: 5
  Max threads: 5
  Max threads: 5
  Max threads: 5
  Max threads: 5
  Max threads: 5
  Max threads: 5
  Max threads: 5
  Max threads: 5
  Max threads: 5
  Max threads: 5
  Max threads: 5
  Max threads: 5
  Max threads: 5
  Max threads: 5
  Max threads: 5
  Max threads: 5
  Max threads: 5
  Max threads: 5
  Max threads: 5
  Max threads: 5
  Max threads: 5
  Max threads: 5
  Max threads: 5
  Max threads: 5
  Max threads: 5
  Max threads: 5
  Max threads: 5
  Max threads: 5
  Max threads: 5
  Max threads: 5
  Max threads: 5
  Max threads: 5
  Max threads: 5
  Max threads: 5
  Max threads: 5
  Max threads: 5
  Max threads: 5
  Max threads: 5
  Max threads: 5
  Max threads: 5
  Max threads: 5
  Max threads: 5
  Max threads: 5
  Max threads: 5
  Max threads: 5
  Max threads: 5
  Max threads: 5
  Max threads: 5
  Max threads: 5
  Max threads: 5
  Max threads: 5
  Max threads: 5
  Max threads: 5
  Max threads: 5
  Max threads: 5
  Max threads: 5
  Max threads: 5
  Max threads: 5
  Max threads: 5
  Max threads: 5
  Max threads: 5
  Max threads: 5
  Max threads: 5
  Max threads: 5
  Max threads: 5
  Max threads: 5
  Max threads: 5
  Max threads: 5
  Max threads: 5
  Max threads: 5
  Max threads: 5
  Max threads: 5
  Max threads: 5
  Max threads: 5
  Max threads: 5
  Max threads: 5
  Max threads: 5
  Max threads: 5
  Max threads: 5
  Max threads: 5
  Max threads: 5
  Max threads: 5
  Max threads: 5
  Max threads: 5
  Max threads: 5
  Max threads: 5
  Max threads: 5
  Max threads: 5
  Max threads: 5
  Max threads: 5
  Max threads: 5
  Max threads: 5
  Max threads: 5
  Max threads: 5
  Max threads: 5
  Max threads: 5
  Max threads: 5
  Max threads: 5
  Max threads: 5
  Max threads: 5
  Max threads: 5
  Max threads: 5
  Max threads: 5
  Max threads: 5
  Max threads: 5
  Max threads: 5
  Max threads: 5
  Max threads: 5
  Max threads: 5
  Max threads: 5
  Max threads: 5
  Max threads: 5
  Max threads: 5
  Max threads: 5
  Max threads: 5
  Max threads: 5
  Max threads: 5
  Max threads: 5
  Max threads: 5
  Max threads: 5
  Max threads: 5
  Max threads: 5
  Max threads: 5
  Max threads: 5
  Max threads: 5
  Max threads: 5
  Max threads: 5
  Max threads: 5
  Max threads: 5
  Max threads: 52025-11-04 16:58:49,486 [INFO] PIV and save completed: 100 frames saved to C:\Users\mtt1e23\OneDrive - University of Southampton\Documents\#current_processing\query_JHTDB\Planar_Images_with_wall\uncalibrated_piv\100\Cam1\instantaneous
2025-11-04 16:58:49,488 [INFO] Coordinates saved to C:\Users\mtt1e23\OneDrive - University of Southampton\Documents\#current_processing\query_JHTDB\Planar_Images_with_wall\uncalibrated_piv\100\Cam1\instantaneous
2025-11-04 16:58:49,488 [INFO] Processing camera: Cam2
2025-11-04 16:58:49.496 | DEBUG    | image_handling.load_images:load_mask_for_camera:280 - Masking is disabled in config
2025-11-04 16:58:49,497 [INFO] Successfully cached window padding for 3 passes
2025-11-04 16:58:49,507 [INFO] Successfully cached interpolation grids for 3 passes
2025-11-04 16:58:49,539 [INFO] Pre-computed and broadcast correlator cache for distributed workers
2025-11-04 16:58:49,877 - distributed.worker - ERROR - Compute Failed
Key:       from-value-getitem-read_pair-stack-finalize-hlgfinalizecompute-20449a2c42e3423aacd22cc6cec002bb
State:     executing
Task:  <Task 'from-value-getitem-read_pair-stack-finalize-hlgfinalizecompute-20449a2c42e3423aacd22cc6cec002bb' _execute_subgraph(...)>
Exception: "FileNotFoundError('Image file not found: C:\\\\Users\\\\mtt1e23\\\\OneDrive - University of Southampton\\\\Documents\\\\#current_processing\\\\query_JHTDB\\\\Planar_Images_with_wall\\\\Cam2\\\\B00001_A.tif')"
Traceback: '  File "c:\\Users\\mtt1e23\\OneDrive - University of Southampton\\Documents\\python-PIVTOOLs\\src\\image_handling\\load_images.py", line 105, in read_pair\n    frame_a = read_image(str(file_paths[0]))\n  File "c:\\Users\\mtt1e23\\OneDrive - University of Southampton\\Documents\\python-PIVTOOLs\\src\\image_handling\\load_images.py", line 34, in read_image\n    return reader_func(file_path, **kwargs)\n  File "c:\\Users\\mtt1e23\\OneDrive - University of Southampton\\Documents\\python-PIVTOOLs\\src\\image_handling\\readers\\generic_readers.py", line 11, in read_tiff\n    raise FileNotFoundError(f"Image file not found: {file_path}")\n'

2025-11-04 16:58:49,878 - distributed.worker - ERROR - Compute Failed
Key:       from-value-getitem-read_pair-stack-finalize-hlgfinalizecompute-9f0a3cbe899f430382294ea920cc2450
State:     executing
Task:  <Task 'from-value-getitem-read_pair-stack-finalize-hlgfinalizecompute-9f0a3cbe899f430382294ea920cc2450' _execute_subgraph(...)>
Exception: "FileNotFoundError('Image file not found: C:\\\\Users\\\\mtt1e23\\\\OneDrive - University of Southampton\\\\Documents\\\\#current_processing\\\\query_JHTDB\\\\Planar_Images_with_wall\\\\Cam2\\\\B00002_A.tif')"
Traceback: '  File "c:\\Users\\mtt1e23\\OneDrive - University of Southampton\\Documents\\python-PIVTOOLs\\src\\image_handling\\load_images.py", line 105, in read_pair\n    frame_a = read_image(str(file_paths[0]))\n  File "c:\\Users\\mtt1e23\\OneDrive - University of Southampton\\Documents\\python-PIVTOOLs\\src\\image_handling\\load_images.py", line 34, in read_image\n    return reader_func(file_path, **kwargs)\n  File "c:\\Users\\mtt1e23\\OneDrive - University of Southampton\\Documents\\python-PIVTOOLs\\src\\image_handling\\readers\\generic_readers.py", line 11, in read_tiff\n    raise FileNotFoundError(f"Image file not found: {file_path}")\n'

2025-11-04 16:58:49,890 [ERROR] PIV processing failed: [Errno None] None
2025-11-04 16:58:49,891 [ERROR] PIV processing failed: [Errno None] None
2025-11-04 16:58:49,904 [WARNING] PIVResult has no passes for frame 2. Skipping save.
2025-11-04 16:58:49,905 [WARNING] PIVResult has no passes for frame 1. Skipping save.
2025-11-04 16:58:50,044 - distributed.worker - ERROR - Compute Failed
Key:       from-value-getitem-read_pair-stack-finalize-hlgfinalizecompute-373a1ef68db74544bb0ecfc9bbc431f6
State:     executing
Task:  <Task 'from-value-getitem-read_pair-stack-finalize-hlgfinalizecompute-373a1ef68db74544bb0ecfc9bbc431f6' _execute_subgraph(...)>
Exception: "FileNotFoundError('Image file not found: C:\\\\Users\\\\mtt1e23\\\\OneDrive - University of Southampton\\\\Documents\\\\#current_processing\\\\query_JHTDB\\\\Planar_Images_with_wall\\\\Cam2\\\\B00003_A.tif')"
Traceback: '  File "c:\\Users\\mtt1e23\\OneDrive - University of Southampton\\Documents\\python-PIVTOOLs\\src\\image_handling\\load_images.py", line 105, in read_pair\n    frame_a = read_image(str(file_paths[0]))\n  File "c:\\Users\\mtt1e23\\OneDrive - University of Southampton\\Documents\\python-PIVTOOLs\\src\\image_handling\\load_images.py", line 34, in read_image\n    return reader_func(file_path, **kwargs)\n  File "c:\\Users\\mtt1e23\\OneDrive - University of Southampton\\Documents\\python-PIVTOOLs\\src\\image_handling\\readers\\generic_readers.py", line 11, in read_tiff\n    raise FileNotFoundError(f"Image file not found: {file_path}")\n'

2025-11-04 16:58:50,052 [ERROR] PIV processing failed: [Errno None] None
2025-11-04 16:58:50,054 - distributed.worker - ERROR - Compute Failed
Key:       from-value-getitem-read_pair-stack-finalize-hlgfinalizecompute-f91936ab30c14a3ba7752534387ad18a
State:     executing
Task:  <Task 'from-value-getitem-read_pair-stack-finalize-hlgfinalizecompute-f91936ab30c14a3ba7752534387ad18a' _execute_subgraph(...)>
Exception: "FileNotFoundError('Image file not found: C:\\\\Users\\\\mtt1e23\\\\OneDrive - University of Southampton\\\\Documents\\\\#current_processing\\\\query_JHTDB\\\\Planar_Images_with_wall\\\\Cam2\\\\B00008_A.tif')"
Traceback: '  File "c:\\Users\\mtt1e23\\OneDrive - University of Southampton\\Documents\\python-PIVTOOLs\\src\\image_handling\\load_images.py", line 105, in read_pair\n    frame_a = read_image(str(file_paths[0]))\n  File "c:\\Users\\mtt1e23\\OneDrive - University of Southampton\\Documents\\python-PIVTOOLs\\src\\image_handling\\load_images.py", line 34, in read_image\n    return reader_func(file_path, **kwargs)\n  File "c:\\Users\\mtt1e23\\OneDrive - University of Southampton\\Documents\\python-PIVTOOLs\\src\\image_handling\\readers\\generic_readers.py", line 11, in read_tiff\n    raise FileNotFoundError(f"Image file not found: {file_path}")\n'

2025-11-04 16:58:50,063 [ERROR] PIV processing failed: [Errno None] None
2025-11-04 16:58:50,071 [WARNING] PIVResult has no passes for frame 3. Skipping save.
2025-11-04 16:58:50,072 [WARNING] PIVResult has no passes for frame 8. Skipping save.
2025-11-04 16:58:50,144 - distributed.worker - ERROR - Compute Failed
Key:       from-value-getitem-read_pair-stack-finalize-hlgfinalizecompute-dbdea04941ab4f5099a7635afed39931
State:     executing
Task:  <Task 'from-value-getitem-read_pair-stack-finalize-hlgfinalizecompute-dbdea04941ab4f5099a7635afed39931' _execute_subgraph(...)>
Exception: "FileNotFoundError('Image file not found: C:\\\\Users\\\\mtt1e23\\\\OneDrive - University of Southampton\\\\Documents\\\\#current_processing\\\\query_JHTDB\\\\Planar_Images_with_wall\\\\Cam2\\\\B00007_A.tif')"
Traceback: '  File "c:\\Users\\mtt1e23\\OneDrive - University of Southampton\\Documents\\python-PIVTOOLs\\src\\image_handling\\load_images.py", line 105, in read_pair\n    frame_a = read_image(str(file_paths[0]))\n  File "c:\\Users\\mtt1e23\\OneDrive - University of Southampton\\Documents\\python-PIVTOOLs\\src\\image_handling\\load_images.py", line 34, in read_image\n    return reader_func(file_path, **kwargs)\n  File "c:\\Users\\mtt1e23\\OneDrive - University of Southampton\\Documents\\python-PIVTOOLs\\src\\image_handling\\readers\\generic_readers.py", line 11, in read_tiff\n    raise FileNotFoundError(f"Image file not found: {file_path}")\n'

2025-11-04 16:58:50,154 [ERROR] PIV processing failed: [Errno None] None
2025-11-04 16:58:50,328 [WARNING] PIVResult has no passes for frame 7. Skipping save.
2025-11-04 16:58:50,342 - distributed.worker - ERROR - Compute Failed
Key:       from-value-getitem-read_pair-stack-finalize-hlgfinalizecompute-bf62f490208e44849da21ddd4ee89c0f
State:     executing
Task:  <Task 'from-value-getitem-read_pair-stack-finalize-hlgfinalizecompute-bf62f490208e44849da21ddd4ee89c0f' _execute_subgraph(...)>
Exception: "FileNotFoundError('Image file not found: C:\\\\Users\\\\mtt1e23\\\\OneDrive - University of Southampton\\\\Documents\\\\#current_processing\\\\query_JHTDB\\\\Planar_Images_with_wall\\\\Cam2\\\\B00006_A.tif')"
Traceback: '  File "c:\\Users\\mtt1e23\\OneDrive - University of Southampton\\Documents\\python-PIVTOOLs\\src\\image_handling\\load_images.py", line 105, in read_pair\n    frame_a = read_image(str(file_paths[0]))\n  File "c:\\Users\\mtt1e23\\OneDrive - University of Southampton\\Documents\\python-PIVTOOLs\\src\\image_handling\\load_images.py", line 34, in read_image\n    return reader_func(file_path, **kwargs)\n  File "c:\\Users\\mtt1e23\\OneDrive - University of Southampton\\Documents\\python-PIVTOOLs\\src\\image_handling\\readers\\generic_readers.py", line 11, in read_tiff\n    raise FileNotFoundError(f"Image file not found: {file_path}")\n'

2025-11-04 16:58:50,353 [ERROR] PIV processing failed: [Errno None] None
2025-11-04 16:58:50,359 [WARNING] PIVResult has no passes for frame 6. Skipping save.
2025-11-04 16:58:50,454 - distributed.worker - ERROR - Compute Failed
Key:       from-value-getitem-read_pair-stack-finalize-hlgfinalizecompute-212a7bb4a05149fca64319be5e6b2390
State:     executing
Task:  <Task 'from-value-getitem-read_pair-stack-finalize-hlgfinalizecompute-212a7bb4a05149fca64319be5e6b2390' _execute_subgraph(...)>
Exception: "FileNotFoundError('Image file not found: C:\\\\Users\\\\mtt1e23\\\\OneDrive - University of Southampton\\\\Documents\\\\#current_processing\\\\query_JHTDB\\\\Planar_Images_with_wall\\\\Cam2\\\\B00005_A.tif')"
Traceback: '  File "c:\\Users\\mtt1e23\\OneDrive - University of Southampton\\Documents\\python-PIVTOOLs\\src\\image_handling\\load_images.py", line 105, in read_pair\n    frame_a = read_image(str(file_paths[0]))\n  File "c:\\Users\\mtt1e23\\OneDrive - University of Southampton\\Documents\\python-PIVTOOLs\\src\\image_handling\\load_images.py", line 34, in read_image\n    return reader_func(file_path, **kwargs)\n  File "c:\\Users\\mtt1e23\\OneDrive - University of Southampton\\Documents\\python-PIVTOOLs\\src\\image_handling\\readers\\generic_readers.py", line 11, in read_tiff\n    raise FileNotFoundError(f"Image file not found: {file_path}")\n'

2025-11-04 16:58:50,458 [INFO] Worker saved coordinates to C:\Users\mtt1e23\OneDrive - University of Southampton\Documents\#current_processing\query_JHTDB\Planar_Images_with_wall\uncalibrated_piv\100\Cam2\instantaneous\coordinates.mat
2025-11-04 16:58:50,461 - distributed.worker - ERROR - Compute Failed
Key:       from-value-getitem-read_pair-stack-finalize-hlgfinalizecompute-09d71b91fe3c4e4b97975b7397fab729
State:     executing
Task:  <Task 'from-value-getitem-read_pair-stack-finalize-hlgfinalizecompute-09d71b91fe3c4e4b97975b7397fab729' _execute_subgraph(...)>
Exception: "FileNotFoundError('Image file not found: C:\\\\Users\\\\mtt1e23\\\\OneDrive - University of Southampton\\\\Documents\\\\#current_processing\\\\query_JHTDB\\\\Planar_Images_with_wall\\\\Cam2\\\\B00004_A.tif')"
Traceback: '  File "c:\\Users\\mtt1e23\\OneDrive - University of Southampton\\Documents\\python-PIVTOOLs\\src\\image_handling\\load_images.py", line 105, in read_pair\n    frame_a = read_image(str(file_paths[0]))\n  File "c:\\Users\\mtt1e23\\OneDrive - University of Southampton\\Documents\\python-PIVTOOLs\\src\\image_handling\\load_images.py", line 34, in read_image\n    return reader_func(file_path, **kwargs)\n  File "c:\\Users\\mtt1e23\\OneDrive - University of Southampton\\Documents\\python-PIVTOOLs\\src\\image_handling\\readers\\generic_readers.py", line 11, in read_tiff\n    raise FileNotFoundError(f"Image file not found: {file_path}")\n'

2025-11-04 16:58:50,461 [ERROR] PIV processing failed: [Errno None] None
2025-11-04 16:58:50,466 [ERROR] PIV processing failed: [Errno None] None
2025-11-04 16:58:50,473 - distributed.worker - ERROR - Compute Failed
Key:       from-value-getitem-read_pair-stack-finalize-hlgfinalizecompute-3d19680106a94981a151d8f9836e4f8f
State:     executing
Task:  <Task 'from-value-getitem-read_pair-stack-finalize-hlgfinalizecompute-3d19680106a94981a151d8f9836e4f8f' _execute_subgraph(...)>
Exception: "FileNotFoundError('Image file not found: C:\\\\Users\\\\mtt1e23\\\\OneDrive - University of Southampton\\\\Documents\\\\#current_processing\\\\query_JHTDB\\\\Planar_Images_with_wall\\\\Cam2\\\\B00020_A.tif')"
Traceback: '  File "c:\\Users\\mtt1e23\\OneDrive - University of Southampton\\Documents\\python-PIVTOOLs\\src\\image_handling\\load_images.py", line 105, in read_pair\n    frame_a = read_image(str(file_paths[0]))\n  File "c:\\Users\\mtt1e23\\OneDrive - University of Southampton\\Documents\\python-PIVTOOLs\\src\\image_handling\\load_images.py", line 34, in read_image\n    return reader_func(file_path, **kwargs)\n  File "c:\\Users\\mtt1e23\\OneDrive - University of Southampton\\Documents\\python-PIVTOOLs\\src\\image_handling\\readers\\generic_readers.py", line 11, in read_tiff\n    raise FileNotFoundError(f"Image file not found: {file_path}")\n'

2025-11-04 16:58:50,475 - distributed.worker - ERROR - Compute Failed
Key:       from-value-getitem-read_pair-stack-finalize-hlgfinalizecompute-ed08ace274424ae2a199848c02f42738
State:     executing
Task:  <Task 'from-value-getitem-read_pair-stack-finalize-hlgfinalizecompute-ed08ace274424ae2a199848c02f42738' _execute_subgraph(...)>
Exception: "FileNotFoundError('Image file not found: C:\\\\Users\\\\mtt1e23\\\\OneDrive - University of Southampton\\\\Documents\\\\#current_processing\\\\query_JHTDB\\\\Planar_Images_with_wall\\\\Cam2\\\\B00019_A.tif')"
Traceback: '  File "c:\\Users\\mtt1e23\\OneDrive - University of Southampton\\Documents\\python-PIVTOOLs\\src\\image_handling\\load_images.py", line 105, in read_pair\n    frame_a = read_image(str(file_paths[0]))\n  File "c:\\Users\\mtt1e23\\OneDrive - University of Southampton\\Documents\\python-PIVTOOLs\\src\\image_handling\\load_images.py", line 34, in read_image\n    return reader_func(file_path, **kwargs)\n  File "c:\\Users\\mtt1e23\\OneDrive - University of Southampton\\Documents\\python-PIVTOOLs\\src\\image_handling\\readers\\generic_readers.py", line 11, in read_tiff\n    raise FileNotFoundError(f"Image file not found: {file_path}")\n'

2025-11-04 16:58:50,477 [WARNING] PIVResult has no passes for frame 5. Skipping save.
2025-11-04 16:58:50,478 [WARNING] PIVResult has no passes for frame 4. Skipping save.
2025-11-04 16:58:50,479 [ERROR] PIV processing failed: [Errno None] None
2025-11-04 16:58:50,484 - distributed.worker - ERROR - Compute Failed
Key:       from-value-getitem-read_pair-stack-finalize-hlgfinalizecompute-459375e914634543be80299e28aa3286
State:     executing
Task:  <Task 'from-value-getitem-read_pair-stack-finalize-hlgfinalizecompute-459375e914634543be80299e28aa3286' _execute_subgraph(...)>
Exception: "FileNotFoundError('Image file not found: C:\\\\Users\\\\mtt1e23\\\\OneDrive - University of Southampton\\\\Documents\\\\#current_processing\\\\query_JHTDB\\\\Planar_Images_with_wall\\\\Cam2\\\\B00018_A.tif')"
Traceback: '  File "c:\\Users\\mtt1e23\\OneDrive - University of Southampton\\Documents\\python-PIVTOOLs\\src\\image_handling\\load_images.py", line 105, in read_pair\n    frame_a = read_image(str(file_paths[0]))\n  File "c:\\Users\\mtt1e23\\OneDrive - University of Southampton\\Documents\\python-PIVTOOLs\\src\\image_handling\\load_images.py", line 34, in read_image\n    return reader_func(file_path, **kwargs)\n  File "c:\\Users\\mtt1e23\\OneDrive - University of Southampton\\Documents\\python-PIVTOOLs\\src\\image_handling\\readers\\generic_readers.py", line 11, in read_tiff\n    raise FileNotFoundError(f"Image file not found: {file_path}")\n'

2025-11-04 16:58:50,484 [ERROR] PIV processing failed: [Errno None] None
2025-11-04 16:58:50,487 - distributed.worker - ERROR - Compute Failed
Key:       from-value-getitem-read_pair-stack-finalize-hlgfinalizecompute-0707b8d0e8104bbaaaf5b6d9f0ef515f
State:     executing
Task:  <Task 'from-value-getitem-read_pair-stack-finalize-hlgfinalizecompute-0707b8d0e8104bbaaaf5b6d9f0ef515f' _execute_subgraph(...)>
Exception: "FileNotFoundError('Image file not found: C:\\\\Users\\\\mtt1e23\\\\OneDrive - University of Southampton\\\\Documents\\\\#current_processing\\\\query_JHTDB\\\\Planar_Images_with_wall\\\\Cam2\\\\B00017_A.tif')"
Traceback: '  File "c:\\Users\\mtt1e23\\OneDrive - University of Southampton\\Documents\\python-PIVTOOLs\\src\\image_handling\\load_images.py", line 105, in read_pair\n    frame_a = read_image(str(file_paths[0]))\n  File "c:\\Users\\mtt1e23\\OneDrive - University of Southampton\\Documents\\python-PIVTOOLs\\src\\image_handling\\load_images.py", line 34, in read_image\n    return reader_func(file_path, **kwargs)\n  File "c:\\Users\\mtt1e23\\OneDrive - University of Southampton\\Documents\\python-PIVTOOLs\\src\\image_handling\\readers\\generic_readers.py", line 11, in read_tiff\n    raise FileNotFoundError(f"Image file not found: {file_path}")\n'

2025-11-04 16:58:50,488 [WARNING] PIVResult has no passes for frame 20. Skipping save.
2025-11-04 16:58:50,490 [ERROR] PIV processing failed: [Errno None] None
2025-11-04 16:58:50,492 [ERROR] PIV processing failed: [Errno None] None
2025-11-04 16:58:50,496 [WARNING] PIVResult has no passes for frame 19. Skipping save.
2025-11-04 16:58:50,497 - distributed.worker - ERROR - Compute Failed
Key:       from-value-getitem-read_pair-stack-finalize-hlgfinalizecompute-5ef3567d277a4814aa5aed9d07f7f984
State:     executing
Task:  <Task 'from-value-getitem-read_pair-stack-finalize-hlgfinalizecompute-5ef3567d277a4814aa5aed9d07f7f984' _execute_subgraph(...)>
Exception: "FileNotFoundError('Image file not found: C:\\\\Users\\\\mtt1e23\\\\OneDrive - University of Southampton\\\\Documents\\\\#current_processing\\\\query_JHTDB\\\\Planar_Images_with_wall\\\\Cam2\\\\B00016_A.tif')"
Traceback: '  File "c:\\Users\\mtt1e23\\OneDrive - University of Southampton\\Documents\\python-PIVTOOLs\\src\\image_handling\\load_images.py", line 105, in read_pair\n    frame_a = read_image(str(file_paths[0]))\n  File "c:\\Users\\mtt1e23\\OneDrive - University of Southampton\\Documents\\python-PIVTOOLs\\src\\image_handling\\load_images.py", line 34, in read_image\n    return reader_func(file_path, **kwargs)\n  File "c:\\Users\\mtt1e23\\OneDrive - University of Southampton\\Documents\\python-PIVTOOLs\\src\\image_handling\\readers\\generic_readers.py", line 11, in read_tiff\n    raise FileNotFoundError(f"Image file not found: {file_path}")\n'

2025-11-04 16:58:50,500 [WARNING] PIVResult has no passes for frame 18. Skipping save.
2025-11-04 16:58:50,501 [WARNING] PIVResult has no passes for frame 17. Skipping save.
2025-11-04 16:58:50,510 [ERROR] PIV processing failed: [Errno None] None
2025-11-04 16:58:50,521 - distributed.worker - ERROR - Compute Failed
Key:       from-value-getitem-read_pair-stack-finalize-hlgfinalizecompute-cb98749c356944bcbfd7c125c19c4dc3
State:     executing
Task:  <Task 'from-value-getitem-read_pair-stack-finalize-hlgfinalizecompute-cb98749c356944bcbfd7c125c19c4dc3' _execute_subgraph(...)>
Exception: "FileNotFoundError('Image file not found: C:\\\\Users\\\\mtt1e23\\\\OneDrive - University of Southampton\\\\Documents\\\\#current_processing\\\\query_JHTDB\\\\Planar_Images_with_wall\\\\Cam2\\\\B00015_A.tif')"
Traceback: '  File "c:\\Users\\mtt1e23\\OneDrive - University of Southampton\\Documents\\python-PIVTOOLs\\src\\image_handling\\load_images.py", line 105, in read_pair\n    frame_a = read_image(str(file_paths[0]))\n  File "c:\\Users\\mtt1e23\\OneDrive - University of Southampton\\Documents\\python-PIVTOOLs\\src\\image_handling\\load_images.py", line 34, in read_image\n    return reader_func(file_path, **kwargs)\n  File "c:\\Users\\mtt1e23\\OneDrive - University of Southampton\\Documents\\python-PIVTOOLs\\src\\image_handling\\readers\\generic_readers.py", line 11, in read_tiff\n    raise FileNotFoundError(f"Image file not found: {file_path}")\n'

2025-11-04 16:58:50,523 - distributed.worker - ERROR - Compute Failed
Key:       from-value-getitem-read_pair-stack-finalize-hlgfinalizecompute-b1ce8700884648a3b34c7a029a2f0299
State:     executing
Task:  <Task 'from-value-getitem-read_pair-stack-finalize-hlgfinalizecompute-b1ce8700884648a3b34c7a029a2f0299' _execute_subgraph(...)>
Exception: "FileNotFoundError('Image file not found: C:\\\\Users\\\\mtt1e23\\\\OneDrive - University of Southampton\\\\Documents\\\\#current_processing\\\\query_JHTDB\\\\Planar_Images_with_wall\\\\Cam2\\\\B00014_A.tif')"
Traceback: '  File "c:\\Users\\mtt1e23\\OneDrive - University of Southampton\\Documents\\python-PIVTOOLs\\src\\image_handling\\load_images.py", line 105, in read_pair\n    frame_a = read_image(str(file_paths[0]))\n  File "c:\\Users\\mtt1e23\\OneDrive - University of Southampton\\Documents\\python-PIVTOOLs\\src\\image_handling\\load_images.py", line 34, in read_image\n    return reader_func(file_path, **kwargs)\n  File "c:\\Users\\mtt1e23\\OneDrive - University of Southampton\\Documents\\python-PIVTOOLs\\src\\image_handling\\readers\\generic_readers.py", line 11, in read_tiff\n    raise FileNotFoundError(f"Image file not found: {file_path}")\n'

2025-11-04 16:58:50,526 [WARNING] PIVResult has no passes for frame 16. Skipping save.
2025-11-04 16:58:50,527 [ERROR] PIV processing failed: [Errno None] None
2025-11-04 16:58:50,528 [ERROR] PIV processing failed: [Errno None] None
2025-11-04 16:58:50,531 - distributed.worker - ERROR - Compute Failed
Key:       from-value-getitem-read_pair-stack-finalize-hlgfinalizecompute-5e841c70033448e1ba3c01618f70fd1e
State:     executing
Task:  <Task 'from-value-getitem-read_pair-stack-finalize-hlgfinalizecompute-5e841c70033448e1ba3c01618f70fd1e' _execute_subgraph(...)>
Exception: "FileNotFoundError('Image file not found: C:\\\\Users\\\\mtt1e23\\\\OneDrive - University of Southampton\\\\Documents\\\\#current_processing\\\\query_JHTDB\\\\Planar_Images_with_wall\\\\Cam2\\\\B00013_A.tif')"
Traceback: '  File "c:\\Users\\mtt1e23\\OneDrive - University of Southampton\\Documents\\python-PIVTOOLs\\src\\image_handling\\load_images.py", line 105, in read_pair\n    frame_a = read_image(str(file_paths[0]))\n  File "c:\\Users\\mtt1e23\\OneDrive - University of Southampton\\Documents\\python-PIVTOOLs\\src\\image_handling\\load_images.py", line 34, in read_image\n    return reader_func(file_path, **kwargs)\n  File "c:\\Users\\mtt1e23\\OneDrive - University of Southampton\\Documents\\python-PIVTOOLs\\src\\image_handling\\readers\\generic_readers.py", line 11, in read_tiff\n    raise FileNotFoundError(f"Image file not found: {file_path}")\n'

2025-11-04 16:58:50,539 - distributed.worker - ERROR - Compute Failed
Key:       from-value-getitem-read_pair-stack-finalize-hlgfinalizecompute-22f44eec7b61449fa6b816d6d1cfc37c
State:     executing
Task:  <Task 'from-value-getitem-read_pair-stack-finalize-hlgfinalizecompute-22f44eec7b61449fa6b816d6d1cfc37c' _execute_subgraph(...)>
Exception: "FileNotFoundError('Image file not found: C:\\\\Users\\\\mtt1e23\\\\OneDrive - University of Southampton\\\\Documents\\\\#current_processing\\\\query_JHTDB\\\\Planar_Images_with_wall\\\\Cam2\\\\B00012_A.tif')"
Traceback: '  File "c:\\Users\\mtt1e23\\OneDrive - University of Southampton\\Documents\\python-PIVTOOLs\\src\\image_handling\\load_images.py", line 105, in read_pair\n    frame_a = read_image(str(file_paths[0]))\n  File "c:\\Users\\mtt1e23\\OneDrive - University of Southampton\\Documents\\python-PIVTOOLs\\src\\image_handling\\load_images.py", line 34, in read_image\n    return reader_func(file_path, **kwargs)\n  File "c:\\Users\\mtt1e23\\OneDrive - University of Southampton\\Documents\\python-PIVTOOLs\\src\\image_handling\\readers\\generic_readers.py", line 11, in read_tiff\n    raise FileNotFoundError(f"Image file not found: {file_path}")\n'

2025-11-04 16:58:50,540 [WARNING] PIVResult has no passes for frame 14. Skipping save.
2025-11-04 16:58:50,541 [WARNING] PIVResult has no passes for frame 15. Skipping save.
2025-11-04 16:58:50,543 [ERROR] PIV processing failed: [Errno None] None
2025-11-04 16:58:50,547 [ERROR] PIV processing failed: [Errno None] None
2025-11-04 16:58:50,549 - distributed.worker - ERROR - Compute Failed
Key:       from-value-getitem-read_pair-stack-finalize-hlgfinalizecompute-87635ec249ae46ce96857c66bf8e971d
State:     executing
Task:  <Task 'from-value-getitem-read_pair-stack-finalize-hlgfinalizecompute-87635ec249ae46ce96857c66bf8e971d' _execute_subgraph(...)>
Exception: "FileNotFoundError('Image file not found: C:\\\\Users\\\\mtt1e23\\\\OneDrive - University of Southampton\\\\Documents\\\\#current_processing\\\\query_JHTDB\\\\Planar_Images_with_wall\\\\Cam2\\\\B00011_A.tif')"
Traceback: '  File "c:\\Users\\mtt1e23\\OneDrive - University of Southampton\\Documents\\python-PIVTOOLs\\src\\image_handling\\load_images.py", line 105, in read_pair\n    frame_a = read_image(str(file_paths[0]))\n  File "c:\\Users\\mtt1e23\\OneDrive - University of Southampton\\Documents\\python-PIVTOOLs\\src\\image_handling\\load_images.py", line 34, in read_image\n    return reader_func(file_path, **kwargs)\n  File "c:\\Users\\mtt1e23\\OneDrive - University of Southampton\\Documents\\python-PIVTOOLs\\src\\image_handling\\readers\\generic_readers.py", line 11, in read_tiff\n    raise FileNotFoundError(f"Image file not found: {file_path}")\n'

2025-11-04 16:58:50,551 - distributed.worker - ERROR - Compute Failed
Key:       from-value-getitem-read_pair-stack-finalize-hlgfinalizecompute-56fcbcfd520d4607a6c3013c2f042ce4
State:     executing
Task:  <Task 'from-value-getitem-read_pair-stack-finalize-hlgfinalizecompute-56fcbcfd520d4607a6c3013c2f042ce4' _execute_subgraph(...)>
Exception: "FileNotFoundError('Image file not found: C:\\\\Users\\\\mtt1e23\\\\OneDrive - University of Southampton\\\\Documents\\\\#current_processing\\\\query_JHTDB\\\\Planar_Images_with_wall\\\\Cam2\\\\B00010_A.tif')"
Traceback: '  File "c:\\Users\\mtt1e23\\OneDrive - University of Southampton\\Documents\\python-PIVTOOLs\\src\\image_handling\\load_images.py", line 105, in read_pair\n    frame_a = read_image(str(file_paths[0]))\n  File "c:\\Users\\mtt1e23\\OneDrive - University of Southampton\\Documents\\python-PIVTOOLs\\src\\image_handling\\load_images.py", line 34, in read_image\n    return reader_func(file_path, **kwargs)\n  File "c:\\Users\\mtt1e23\\OneDrive - University of Southampton\\Documents\\python-PIVTOOLs\\src\\image_handling\\readers\\generic_readers.py", line 11, in read_tiff\n    raise FileNotFoundError(f"Image file not found: {file_path}")\n'

2025-11-04 16:58:50,554 [WARNING] PIVResult has no passes for frame 13. Skipping save.
2025-11-04 16:58:50,556 [WARNING] PIVResult has no passes for frame 12. Skipping save.
2025-11-04 16:58:50,558 [ERROR] PIV processing failed: [Errno None] None
2025-11-04 16:58:50,558 [ERROR] PIV processing failed: [Errno None] None
2025-11-04 16:58:50,561 - distributed.worker - ERROR - Compute Failed
Key:       from-value-getitem-read_pair-stack-finalize-hlgfinalizecompute-d4560e2d7dc7446b96310130e5d61095
State:     executing
Task:  <Task 'from-value-getitem-read_pair-stack-finalize-hlgfinalizecompute-d4560e2d7dc7446b96310130e5d61095' _execute_subgraph(...)>
Exception: "FileNotFoundError('Image file not found: C:\\\\Users\\\\mtt1e23\\\\OneDrive - University of Southampton\\\\Documents\\\\#current_processing\\\\query_JHTDB\\\\Planar_Images_with_wall\\\\Cam2\\\\B00009_A.tif')"
Traceback: '  File "c:\\Users\\mtt1e23\\OneDrive - University of Southampton\\Documents\\python-PIVTOOLs\\src\\image_handling\\load_images.py", line 105, in read_pair\n    frame_a = read_image(str(file_paths[0]))\n  File "c:\\Users\\mtt1e23\\OneDrive - University of Southampton\\Documents\\python-PIVTOOLs\\src\\image_handling\\load_images.py", line 34, in read_image\n    return reader_func(file_path, **kwargs)\n  File "c:\\Users\\mtt1e23\\OneDrive - University of Southampton\\Documents\\python-PIVTOOLs\\src\\image_handling\\readers\\generic_readers.py", line 11, in read_tiff\n    raise FileNotFoundError(f"Image file not found: {file_path}")\n'

2025-11-04 16:58:50,570 - distributed.worker - ERROR - Compute Failed
Key:       from-value-getitem-read_pair-stack-finalize-hlgfinalizecompute-abc8b6125bfb4d96a7cd5e6088df041e
State:     executing
Task:  <Task 'from-value-getitem-read_pair-stack-finalize-hlgfinalizecompute-abc8b6125bfb4d96a7cd5e6088df041e' _execute_subgraph(...)>
Exception: "FileNotFoundError('Image file not found: C:\\\\Users\\\\mtt1e23\\\\OneDrive - University of Southampton\\\\Documents\\\\#current_processing\\\\query_JHTDB\\\\Planar_Images_with_wall\\\\Cam2\\\\B00043_A.tif')"
Traceback: '  File "c:\\Users\\mtt1e23\\OneDrive - University of Southampton\\Documents\\python-PIVTOOLs\\src\\image_handling\\load_images.py", line 105, in read_pair\n    frame_a = read_image(str(file_paths[0]))\n  File "c:\\Users\\mtt1e23\\OneDrive - University of Southampton\\Documents\\python-PIVTOOLs\\src\\image_handling\\load_images.py", line 34, in read_image\n    return reader_func(file_path, **kwargs)\n  File "c:\\Users\\mtt1e23\\OneDrive - University of Southampton\\Documents\\python-PIVTOOLs\\src\\image_handling\\readers\\generic_readers.py", line 11, in read_tiff\n    raise FileNotFoundError(f"Image file not found: {file_path}")\n'

2025-11-04 16:58:50,570 [WARNING] PIVResult has no passes for frame 11. Skipping save.
2025-11-04 16:58:50,571 [WARNING] PIVResult has no passes for frame 10. Skipping save.
2025-11-04 16:58:50,573 [ERROR] PIV processing failed: [Errno None] None
2025-11-04 16:58:50,577 [ERROR] PIV processing failed: [Errno None] None
2025-11-04 16:58:50,579 - distributed.worker - ERROR - Compute Failed
Key:       from-value-getitem-read_pair-stack-finalize-hlgfinalizecompute-bedf60a813094cee8364f8341a209c0b
State:     executing
Task:  <Task 'from-value-getitem-read_pair-stack-finalize-hlgfinalizecompute-bedf60a813094cee8364f8341a209c0b' _execute_subgraph(...)>
Exception: "FileNotFoundError('Image file not found: C:\\\\Users\\\\mtt1e23\\\\OneDrive - University of Southampton\\\\Documents\\\\#current_processing\\\\query_JHTDB\\\\Planar_Images_with_wall\\\\Cam2\\\\B00042_A.tif')"
Traceback: '  File "c:\\Users\\mtt1e23\\OneDrive - University of Southampton\\Documents\\python-PIVTOOLs\\src\\image_handling\\load_images.py", line 105, in read_pair\n    frame_a = read_image(str(file_paths[0]))\n  File "c:\\Users\\mtt1e23\\OneDrive - University of Southampton\\Documents\\python-PIVTOOLs\\src\\image_handling\\load_images.py", line 34, in read_image\n    return reader_func(file_path, **kwargs)\n  File "c:\\Users\\mtt1e23\\OneDrive - University of Southampton\\Documents\\python-PIVTOOLs\\src\\image_handling\\readers\\generic_readers.py", line 11, in read_tiff\n    raise FileNotFoundError(f"Image file not found: {file_path}")\n'

2025-11-04 16:58:50,580 - distributed.worker - ERROR - Compute Failed
Key:       from-value-getitem-read_pair-stack-finalize-hlgfinalizecompute-4413952ab432432d9f6f3d2977a60072
State:     executing
Task:  <Task 'from-value-getitem-read_pair-stack-finalize-hlgfinalizecompute-4413952ab432432d9f6f3d2977a60072' _execute_subgraph(...)>
Exception: "FileNotFoundError('Image file not found: C:\\\\Users\\\\mtt1e23\\\\OneDrive - University of Southampton\\\\Documents\\\\#current_processing\\\\query_JHTDB\\\\Planar_Images_with_wall\\\\Cam2\\\\B00041_A.tif')"
Traceback: '  File "c:\\Users\\mtt1e23\\OneDrive - University of Southampton\\Documents\\python-PIVTOOLs\\src\\image_handling\\load_images.py", line 105, in read_pair\n    frame_a = read_image(str(file_paths[0]))\n  File "c:\\Users\\mtt1e23\\OneDrive - University of Southampton\\Documents\\python-PIVTOOLs\\src\\image_handling\\load_images.py", line 34, in read_image\n    return reader_func(file_path, **kwargs)\n  File "c:\\Users\\mtt1e23\\OneDrive - University of Southampton\\Documents\\python-PIVTOOLs\\src\\image_handling\\readers\\generic_readers.py", line 11, in read_tiff\n    raise FileNotFoundError(f"Image file not found: {file_path}")\n'

2025-11-04 16:58:50,582 [WARNING] PIVResult has no passes for frame 9. Skipping save.
2025-11-04 16:58:50,582 [WARNING] PIVResult has no passes for frame 43. Skipping save.
2025-11-04 16:58:50,591 [ERROR] PIV processing failed: [Errno None] None
2025-11-04 16:58:50,591 [ERROR] PIV processing failed: [Errno None] None
2025-11-04 16:58:50,594 - distributed.worker - ERROR - Compute Failed
Key:       from-value-getitem-read_pair-stack-finalize-hlgfinalizecompute-0bdce49e3220470c929d89c9bfa120c9
State:     executing
Task:  <Task 'from-value-getitem-read_pair-stack-finalize-hlgfinalizecompute-0bdce49e3220470c929d89c9bfa120c9' _execute_subgraph(...)>
Exception: "FileNotFoundError('Image file not found: C:\\\\Users\\\\mtt1e23\\\\OneDrive - University of Southampton\\\\Documents\\\\#current_processing\\\\query_JHTDB\\\\Planar_Images_with_wall\\\\Cam2\\\\B00045_A.tif')"
Traceback: '  File "c:\\Users\\mtt1e23\\OneDrive - University of Southampton\\Documents\\python-PIVTOOLs\\src\\image_handling\\load_images.py", line 105, in read_pair\n    frame_a = read_image(str(file_paths[0]))\n  File "c:\\Users\\mtt1e23\\OneDrive - University of Southampton\\Documents\\python-PIVTOOLs\\src\\image_handling\\load_images.py", line 34, in read_image\n    return reader_func(file_path, **kwargs)\n  File "c:\\Users\\mtt1e23\\OneDrive - University of Southampton\\Documents\\python-PIVTOOLs\\src\\image_handling\\readers\\generic_readers.py", line 11, in read_tiff\n    raise FileNotFoundError(f"Image file not found: {file_path}")\n'

2025-11-04 16:58:50,597 - distributed.worker - ERROR - Compute Failed
Key:       from-value-getitem-read_pair-stack-finalize-hlgfinalizecompute-a7c6ed7c62ea4b859a1e2b5c433ef5b2
State:     executing
Task:  <Task 'from-value-getitem-read_pair-stack-finalize-hlgfinalizecompute-a7c6ed7c62ea4b859a1e2b5c433ef5b2' _execute_subgraph(...)>
Exception: "FileNotFoundError('Image file not found: C:\\\\Users\\\\mtt1e23\\\\OneDrive - University of Southampton\\\\Documents\\\\#current_processing\\\\query_JHTDB\\\\Planar_Images_with_wall\\\\Cam2\\\\B00044_A.tif')"
Traceback: '  File "c:\\Users\\mtt1e23\\OneDrive - University of Southampton\\Documents\\python-PIVTOOLs\\src\\image_handling\\load_images.py", line 105, in read_pair\n    frame_a = read_image(str(file_paths[0]))\n  File "c:\\Users\\mtt1e23\\OneDrive - University of Southampton\\Documents\\python-PIVTOOLs\\src\\image_handling\\load_images.py", line 34, in read_image\n    return reader_func(file_path, **kwargs)\n  File "c:\\Users\\mtt1e23\\OneDrive - University of Southampton\\Documents\\python-PIVTOOLs\\src\\image_handling\\readers\\generic_readers.py", line 11, in read_tiff\n    raise FileNotFoundError(f"Image file not found: {file_path}")\n'

2025-11-04 16:58:50,597 [WARNING] PIVResult has no passes for frame 41. Skipping save.
2025-11-04 16:58:50,598 [WARNING] PIVResult has no passes for frame 42. Skipping save.
2025-11-04 16:58:50,599 [ERROR] PIV processing failed: [Errno None] None
2025-11-04 16:58:50,600 [ERROR] PIV processing failed: [Errno None] None
2025-11-04 16:58:50,610 - distributed.worker - ERROR - Compute Failed
Key:       from-value-getitem-read_pair-stack-finalize-hlgfinalizecompute-8468e64dee074824915bd0d2a401df4d
State:     executing
Task:  <Task 'from-value-getitem-read_pair-stack-finalize-hlgfinalizecompute-8468e64dee074824915bd0d2a401df4d' _execute_subgraph(...)>
Exception: "FileNotFoundError('Image file not found: C:\\\\Users\\\\mtt1e23\\\\OneDrive - University of Southampton\\\\Documents\\\\#current_processing\\\\query_JHTDB\\\\Planar_Images_with_wall\\\\Cam2\\\\B00046_A.tif')"
Traceback: '  File "c:\\Users\\mtt1e23\\OneDrive - University of Southampton\\Documents\\python-PIVTOOLs\\src\\image_handling\\load_images.py", line 105, in read_pair\n    frame_a = read_image(str(file_paths[0]))\n  File "c:\\Users\\mtt1e23\\OneDrive - University of Southampton\\Documents\\python-PIVTOOLs\\src\\image_handling\\load_images.py", line 34, in read_image\n    return reader_func(file_path, **kwargs)\n  File "c:\\Users\\mtt1e23\\OneDrive - University of Southampton\\Documents\\python-PIVTOOLs\\src\\image_handling\\readers\\generic_readers.py", line 11, in read_tiff\n    raise FileNotFoundError(f"Image file not found: {file_path}")\n'

2025-11-04 16:58:50,611 - distributed.worker - ERROR - Compute Failed
Key:       from-value-getitem-read_pair-stack-finalize-hlgfinalizecompute-804d3a764ac345c381d9b387fe264417
State:     executing
Task:  <Task 'from-value-getitem-read_pair-stack-finalize-hlgfinalizecompute-804d3a764ac345c381d9b387fe264417' _execute_subgraph(...)>
Exception: "FileNotFoundError('Image file not found: C:\\\\Users\\\\mtt1e23\\\\OneDrive - University of Southampton\\\\Documents\\\\#current_processing\\\\query_JHTDB\\\\Planar_Images_with_wall\\\\Cam2\\\\B00040_A.tif')"
Traceback: '  File "c:\\Users\\mtt1e23\\OneDrive - University of Southampton\\Documents\\python-PIVTOOLs\\src\\image_handling\\load_images.py", line 105, in read_pair\n    frame_a = read_image(str(file_paths[0]))\n  File "c:\\Users\\mtt1e23\\OneDrive - University of Southampton\\Documents\\python-PIVTOOLs\\src\\image_handling\\load_images.py", line 34, in read_image\n    return reader_func(file_path, **kwargs)\n  File "c:\\Users\\mtt1e23\\OneDrive - University of Southampton\\Documents\\python-PIVTOOLs\\src\\image_handling\\readers\\generic_readers.py", line 11, in read_tiff\n    raise FileNotFoundError(f"Image file not found: {file_path}")\n'

2025-11-04 16:58:50,613 [WARNING] PIVResult has no passes for frame 45. Skipping save.
2025-11-04 16:58:50,613 [ERROR] PIV processing failed: [Errno None] None
2025-11-04 16:58:50,616 [WARNING] PIVResult has no passes for frame 44. Skipping save.
2025-11-04 16:58:50,617 [ERROR] PIV processing failed: [Errno None] None
2025-11-04 16:58:50,624 - distributed.worker - ERROR - Compute Failed
Key:       from-value-getitem-read_pair-stack-finalize-hlgfinalizecompute-ceba2c8a36054c75888d3414ca69cbb5
State:     executing
Task:  <Task 'from-value-getitem-read_pair-stack-finalize-hlgfinalizecompute-ceba2c8a36054c75888d3414ca69cbb5' _execute_subgraph(...)>
Exception: "FileNotFoundError('Image file not found: C:\\\\Users\\\\mtt1e23\\\\OneDrive - University of Southampton\\\\Documents\\\\#current_processing\\\\query_JHTDB\\\\Planar_Images_with_wall\\\\Cam2\\\\B00047_A.tif')"
Traceback: '  File "c:\\Users\\mtt1e23\\OneDrive - University of Southampton\\Documents\\python-PIVTOOLs\\src\\image_handling\\load_images.py", line 105, in read_pair\n    frame_a = read_image(str(file_paths[0]))\n  File "c:\\Users\\mtt1e23\\OneDrive - University of Southampton\\Documents\\python-PIVTOOLs\\src\\image_handling\\load_images.py", line 34, in read_image\n    return reader_func(file_path, **kwargs)\n  File "c:\\Users\\mtt1e23\\OneDrive - University of Southampton\\Documents\\python-PIVTOOLs\\src\\image_handling\\readers\\generic_readers.py", line 11, in read_tiff\n    raise FileNotFoundError(f"Image file not found: {file_path}")\n'

2025-11-04 16:58:50,626 [WARNING] PIVResult has no passes for frame 46. Skipping save.
2025-11-04 16:58:50,627 [ERROR] PIV processing failed: [Errno None] None
2025-11-04 16:58:50,642 [WARNING] PIVResult has no passes for frame 40. Skipping save.
2025-11-04 16:58:50,663 - distributed.worker - ERROR - Compute Failed
Key:       from-value-getitem-read_pair-stack-finalize-hlgfinalizecompute-a526f853e288405193d91fd035d13f8b
State:     executing
Task:  <Task 'from-value-getitem-read_pair-stack-finalize-hlgfinalizecompute-a526f853e288405193d91fd035d13f8b' _execute_subgraph(...)>
Exception: "FileNotFoundError('Image file not found: C:\\\\Users\\\\mtt1e23\\\\OneDrive - University of Southampton\\\\Documents\\\\#current_processing\\\\query_JHTDB\\\\Planar_Images_with_wall\\\\Cam2\\\\B00039_A.tif')"
Traceback: '  File "c:\\Users\\mtt1e23\\OneDrive - University of Southampton\\Documents\\python-PIVTOOLs\\src\\image_handling\\load_images.py", line 105, in read_pair\n    frame_a = read_image(str(file_paths[0]))\n  File "c:\\Users\\mtt1e23\\OneDrive - University of Southampton\\Documents\\python-PIVTOOLs\\src\\image_handling\\load_images.py", line 34, in read_image\n    return reader_func(file_path, **kwargs)\n  File "c:\\Users\\mtt1e23\\OneDrive - University of Southampton\\Documents\\python-PIVTOOLs\\src\\image_handling\\readers\\generic_readers.py", line 11, in read_tiff\n    raise FileNotFoundError(f"Image file not found: {file_path}")\n'

2025-11-04 16:58:50,665 [WARNING] PIVResult has no passes for frame 47. Skipping save.
2025-11-04 16:58:50,667 [ERROR] PIV processing failed: [Errno None] None
2025-11-04 16:58:50,677 - distributed.worker - ERROR - Compute Failed
Key:       from-value-getitem-read_pair-stack-finalize-hlgfinalizecompute-a592c0eb5b3e4384b30dce67cc4147a3
State:     executing
Task:  <Task 'from-value-getitem-read_pair-stack-finalize-hlgfinalizecompute-a592c0eb5b3e4384b30dce67cc4147a3' _execute_subgraph(...)>
Exception: "FileNotFoundError('Image file not found: C:\\\\Users\\\\mtt1e23\\\\OneDrive - University of Southampton\\\\Documents\\\\#current_processing\\\\query_JHTDB\\\\Planar_Images_with_wall\\\\Cam2\\\\B00038_A.tif')"
Traceback: '  File "c:\\Users\\mtt1e23\\OneDrive - University of Southampton\\Documents\\python-PIVTOOLs\\src\\image_handling\\load_images.py", line 105, in read_pair\n    frame_a = read_image(str(file_paths[0]))\n  File "c:\\Users\\mtt1e23\\OneDrive - University of Southampton\\Documents\\python-PIVTOOLs\\src\\image_handling\\load_images.py", line 34, in read_image\n    return reader_func(file_path, **kwargs)\n  File "c:\\Users\\mtt1e23\\OneDrive - University of Southampton\\Documents\\python-PIVTOOLs\\src\\image_handling\\readers\\generic_readers.py", line 11, in read_tiff\n    raise FileNotFoundError(f"Image file not found: {file_path}")\n'

2025-11-04 16:58:50,679 [ERROR] PIV processing failed: [Errno None] None
2025-11-04 16:58:50,694 - distributed.worker - ERROR - Compute Failed
Key:       from-value-getitem-read_pair-stack-finalize-hlgfinalizecompute-6a4b65acb74d495090ef7e99b877ed2e
State:     executing
Task:  <Task 'from-value-getitem-read_pair-stack-finalize-hlgfinalizecompute-6a4b65acb74d495090ef7e99b877ed2e' _execute_subgraph(...)>
Exception: "FileNotFoundError('Image file not found: C:\\\\Users\\\\mtt1e23\\\\OneDrive - University of Southampton\\\\Documents\\\\#current_processing\\\\query_JHTDB\\\\Planar_Images_with_wall\\\\Cam2\\\\B00037_A.tif')"
Traceback: '  File "c:\\Users\\mtt1e23\\OneDrive - University of Southampton\\Documents\\python-PIVTOOLs\\src\\image_handling\\load_images.py", line 105, in read_pair\n    frame_a = read_image(str(file_paths[0]))\n  File "c:\\Users\\mtt1e23\\OneDrive - University of Southampton\\Documents\\python-PIVTOOLs\\src\\image_handling\\load_images.py", line 34, in read_image\n    return reader_func(file_path, **kwargs)\n  File "c:\\Users\\mtt1e23\\OneDrive - University of Southampton\\Documents\\python-PIVTOOLs\\src\\image_handling\\readers\\generic_readers.py", line 11, in read_tiff\n    raise FileNotFoundError(f"Image file not found: {file_path}")\n'

2025-11-04 16:58:50,696 [WARNING] PIVResult has no passes for frame 39. Skipping save.
2025-11-04 16:58:50,697 [WARNING] PIVResult has no passes for frame 38. Skipping save.
2025-11-04 16:58:50,697 [ERROR] PIV processing failed: [Errno None] None
2025-11-04 16:58:50,709 - distributed.worker - ERROR - Compute Failed
Key:       from-value-getitem-read_pair-stack-finalize-hlgfinalizecompute-e2cf627e247f495799c4a0e83220bddb
State:     executing
Task:  <Task 'from-value-getitem-read_pair-stack-finalize-hlgfinalizecompute-e2cf627e247f495799c4a0e83220bddb' _execute_subgraph(...)>
Exception: "FileNotFoundError('Image file not found: C:\\\\Users\\\\mtt1e23\\\\OneDrive - University of Southampton\\\\Documents\\\\#current_processing\\\\query_JHTDB\\\\Planar_Images_with_wall\\\\Cam2\\\\B00036_A.tif')"
Traceback: '  File "c:\\Users\\mtt1e23\\OneDrive - University of Southampton\\Documents\\python-PIVTOOLs\\src\\image_handling\\load_images.py", line 105, in read_pair\n    frame_a = read_image(str(file_paths[0]))\n  File "c:\\Users\\mtt1e23\\OneDrive - University of Southampton\\Documents\\python-PIVTOOLs\\src\\image_handling\\load_images.py", line 34, in read_image\n    return reader_func(file_path, **kwargs)\n  File "c:\\Users\\mtt1e23\\OneDrive - University of Southampton\\Documents\\python-PIVTOOLs\\src\\image_handling\\readers\\generic_readers.py", line 11, in read_tiff\n    raise FileNotFoundError(f"Image file not found: {file_path}")\n'

2025-11-04 16:58:50,711 - distributed.worker - ERROR - Compute Failed
Key:       from-value-getitem-read_pair-stack-finalize-hlgfinalizecompute-464ee714608d416bb459432f282cf8e5
State:     executing
Task:  <Task 'from-value-getitem-read_pair-stack-finalize-hlgfinalizecompute-464ee714608d416bb459432f282cf8e5' _execute_subgraph(...)>
Exception: "FileNotFoundError('Image file not found: C:\\\\Users\\\\mtt1e23\\\\OneDrive - University of Southampton\\\\Documents\\\\#current_processing\\\\query_JHTDB\\\\Planar_Images_with_wall\\\\Cam2\\\\B00035_A.tif')"
Traceback: '  File "c:\\Users\\mtt1e23\\OneDrive - University of Southampton\\Documents\\python-PIVTOOLs\\src\\image_handling\\load_images.py", line 105, in read_pair\n    frame_a = read_image(str(file_paths[0]))\n  File "c:\\Users\\mtt1e23\\OneDrive - University of Southampton\\Documents\\python-PIVTOOLs\\src\\image_handling\\load_images.py", line 34, in read_image\n    return reader_func(file_path, **kwargs)\n  File "c:\\Users\\mtt1e23\\OneDrive - University of Southampton\\Documents\\python-PIVTOOLs\\src\\image_handling\\readers\\generic_readers.py", line 11, in read_tiff\n    raise FileNotFoundError(f"Image file not found: {file_path}")\n'

2025-11-04 16:58:50,712 [WARNING] PIVResult has no passes for frame 37. Skipping save.
2025-11-04 16:58:50,713 [ERROR] PIV processing failed: [Errno None] None
2025-11-04 16:58:50,727 - distributed.worker - ERROR - Compute Failed
Key:       from-value-getitem-read_pair-stack-finalize-hlgfinalizecompute-c6fc0e63e2b04732abc09ed51f2b1a69
State:     executing
Task:  <Task 'from-value-getitem-read_pair-stack-finalize-hlgfinalizecompute-c6fc0e63e2b04732abc09ed51f2b1a69' _execute_subgraph(...)>
Exception: "FileNotFoundError('Image file not found: C:\\\\Users\\\\mtt1e23\\\\OneDrive - University of Southampton\\\\Documents\\\\#current_processing\\\\query_JHTDB\\\\Planar_Images_with_wall\\\\Cam2\\\\B00034_A.tif')"
Traceback: '  File "c:\\Users\\mtt1e23\\OneDrive - University of Southampton\\Documents\\python-PIVTOOLs\\src\\image_handling\\load_images.py", line 105, in read_pair\n    frame_a = read_image(str(file_paths[0]))\n  File "c:\\Users\\mtt1e23\\OneDrive - University of Southampton\\Documents\\python-PIVTOOLs\\src\\image_handling\\load_images.py", line 34, in read_image\n    return reader_func(file_path, **kwargs)\n  File "c:\\Users\\mtt1e23\\OneDrive - University of Southampton\\Documents\\python-PIVTOOLs\\src\\image_handling\\readers\\generic_readers.py", line 11, in read_tiff\n    raise FileNotFoundError(f"Image file not found: {file_path}")\n'

2025-11-04 16:58:50,727 [ERROR] PIV processing failed: [Errno None] None
2025-11-04 16:58:50,729 - distributed.worker - ERROR - Compute Failed
Key:       from-value-getitem-read_pair-stack-finalize-hlgfinalizecompute-402088ad061641669caa6e64a5887ea3
State:     executing
Task:  <Task 'from-value-getitem-read_pair-stack-finalize-hlgfinalizecompute-402088ad061641669caa6e64a5887ea3' _execute_subgraph(...)>
Exception: "FileNotFoundError('Image file not found: C:\\\\Users\\\\mtt1e23\\\\OneDrive - University of Southampton\\\\Documents\\\\#current_processing\\\\query_JHTDB\\\\Planar_Images_with_wall\\\\Cam2\\\\B00033_A.tif')"
Traceback: '  File "c:\\Users\\mtt1e23\\OneDrive - University of Southampton\\Documents\\python-PIVTOOLs\\src\\image_handling\\load_images.py", line 105, in read_pair\n    frame_a = read_image(str(file_paths[0]))\n  File "c:\\Users\\mtt1e23\\OneDrive - University of Southampton\\Documents\\python-PIVTOOLs\\src\\image_handling\\load_images.py", line 34, in read_image\n    return reader_func(file_path, **kwargs)\n  File "c:\\Users\\mtt1e23\\OneDrive - University of Southampton\\Documents\\python-PIVTOOLs\\src\\image_handling\\readers\\generic_readers.py", line 11, in read_tiff\n    raise FileNotFoundError(f"Image file not found: {file_path}")\n'

2025-11-04 16:58:50,730 [WARNING] PIVResult has no passes for frame 36. Skipping save.
2025-11-04 16:58:50,730 [ERROR] PIV processing failed: [Errno None] None
2025-11-04 16:58:50,732 [WARNING] PIVResult has no passes for frame 35. Skipping save.
2025-11-04 16:58:50,732 [ERROR] PIV processing failed: [Errno None] None
2025-11-04 16:58:50,733 - distributed.worker - ERROR - Compute Failed
Key:       from-value-getitem-read_pair-stack-finalize-hlgfinalizecompute-912d6b342bee46d6b0e0a7a38fcaf63d
State:     executing
Task:  <Task 'from-value-getitem-read_pair-stack-finalize-hlgfinalizecompute-912d6b342bee46d6b0e0a7a38fcaf63d' _execute_subgraph(...)>
Exception: "FileNotFoundError('Image file not found: C:\\\\Users\\\\mtt1e23\\\\OneDrive - University of Southampton\\\\Documents\\\\#current_processing\\\\query_JHTDB\\\\Planar_Images_with_wall\\\\Cam2\\\\B00032_A.tif')"
Traceback: '  File "c:\\Users\\mtt1e23\\OneDrive - University of Southampton\\Documents\\python-PIVTOOLs\\src\\image_handling\\load_images.py", line 105, in read_pair\n    frame_a = read_image(str(file_paths[0]))\n  File "c:\\Users\\mtt1e23\\OneDrive - University of Southampton\\Documents\\python-PIVTOOLs\\src\\image_handling\\load_images.py", line 34, in read_image\n    return reader_func(file_path, **kwargs)\n  File "c:\\Users\\mtt1e23\\OneDrive - University of Southampton\\Documents\\python-PIVTOOLs\\src\\image_handling\\readers\\generic_readers.py", line 11, in read_tiff\n    raise FileNotFoundError(f"Image file not found: {file_path}")\n'

2025-11-04 16:58:50,740 [WARNING] PIVResult has no passes for frame 34. Skipping save.
2025-11-04 16:58:50,741 [ERROR] PIV processing failed: [Errno None] None
2025-11-04 16:58:50,758 [WARNING] PIVResult has no passes for frame 33. Skipping save.
2025-11-04 16:58:50,773 - distributed.worker - ERROR - Compute Failed
Key:       from-value-getitem-read_pair-stack-finalize-hlgfinalizecompute-2e5ae2bf515a4a22b1776633755bd3a5
State:     executing
Task:  <Task 'from-value-getitem-read_pair-stack-finalize-hlgfinalizecompute-2e5ae2bf515a4a22b1776633755bd3a5' _execute_subgraph(...)>
Exception: "FileNotFoundError('Image file not found: C:\\\\Users\\\\mtt1e23\\\\OneDrive - University of Southampton\\\\Documents\\\\#current_processing\\\\query_JHTDB\\\\Planar_Images_with_wall\\\\Cam2\\\\B00031_A.tif')"
Traceback: '  File "c:\\Users\\mtt1e23\\OneDrive - University of Southampton\\Documents\\python-PIVTOOLs\\src\\image_handling\\load_images.py", line 105, in read_pair\n    frame_a = read_image(str(file_paths[0]))\n  File "c:\\Users\\mtt1e23\\OneDrive - University of Southampton\\Documents\\python-PIVTOOLs\\src\\image_handling\\load_images.py", line 34, in read_image\n    return reader_func(file_path, **kwargs)\n  File "c:\\Users\\mtt1e23\\OneDrive - University of Southampton\\Documents\\python-PIVTOOLs\\src\\image_handling\\readers\\generic_readers.py", line 11, in read_tiff\n    raise FileNotFoundError(f"Image file not found: {file_path}")\n'

2025-11-04 16:58:50,773 [WARNING] PIVResult has no passes for frame 32. Skipping save.
2025-11-04 16:58:50,776 [ERROR] PIV processing failed: [Errno None] None
2025-11-04 16:58:50,779 - distributed.worker - ERROR - Compute Failed
Key:       from-value-getitem-read_pair-stack-finalize-hlgfinalizecompute-e3d64fa2422f4b5b88c363f7bac1675d
State:     executing
Task:  <Task 'from-value-getitem-read_pair-stack-finalize-hlgfinalizecompute-e3d64fa2422f4b5b88c363f7bac1675d' _execute_subgraph(...)>
Exception: "FileNotFoundError('Image file not found: C:\\\\Users\\\\mtt1e23\\\\OneDrive - University of Southampton\\\\Documents\\\\#current_processing\\\\query_JHTDB\\\\Planar_Images_with_wall\\\\Cam2\\\\B00030_A.tif')"
Traceback: '  File "c:\\Users\\mtt1e23\\OneDrive - University of Southampton\\Documents\\python-PIVTOOLs\\src\\image_handling\\load_images.py", line 105, in read_pair\n    frame_a = read_image(str(file_paths[0]))\n  File "c:\\Users\\mtt1e23\\OneDrive - University of Southampton\\Documents\\python-PIVTOOLs\\src\\image_handling\\load_images.py", line 34, in read_image\n    return reader_func(file_path, **kwargs)\n  File "c:\\Users\\mtt1e23\\OneDrive - University of Southampton\\Documents\\python-PIVTOOLs\\src\\image_handling\\readers\\generic_readers.py", line 11, in read_tiff\n    raise FileNotFoundError(f"Image file not found: {file_path}")\n'

2025-11-04 16:58:50,780 - distributed.worker - ERROR - Compute Failed
Key:       from-value-getitem-read_pair-stack-finalize-hlgfinalizecompute-cfb28c39f1154810bcf9c133f5fbb2a0
State:     executing
Task:  <Task 'from-value-getitem-read_pair-stack-finalize-hlgfinalizecompute-cfb28c39f1154810bcf9c133f5fbb2a0' _execute_subgraph(...)>
Exception: "FileNotFoundError('Image file not found: C:\\\\Users\\\\mtt1e23\\\\OneDrive - University of Southampton\\\\Documents\\\\#current_processing\\\\query_JHTDB\\\\Planar_Images_with_wall\\\\Cam2\\\\B00029_A.tif')"
Traceback: '  File "c:\\Users\\mtt1e23\\OneDrive - University of Southampton\\Documents\\python-PIVTOOLs\\src\\image_handling\\load_images.py", line 105, in read_pair\n    frame_a = read_image(str(file_paths[0]))\n  File "c:\\Users\\mtt1e23\\OneDrive - University of Southampton\\Documents\\python-PIVTOOLs\\src\\image_handling\\load_images.py", line 34, in read_image\n    return reader_func(file_path, **kwargs)\n  File "c:\\Users\\mtt1e23\\OneDrive - University of Southampton\\Documents\\python-PIVTOOLs\\src\\image_handling\\readers\\generic_readers.py", line 11, in read_tiff\n    raise FileNotFoundError(f"Image file not found: {file_path}")\n'

2025-11-04 16:58:50,782 [WARNING] PIVResult has no passes for frame 31. Skipping save.
2025-11-04 16:58:50,783 [ERROR] PIV processing failed: [Errno None] None
2025-11-04 16:58:50,784 [ERROR] PIV processing failed: [Errno None] None
2025-11-04 16:58:50,790 - distributed.worker - ERROR - Compute Failed
Key:       from-value-getitem-read_pair-stack-finalize-hlgfinalizecompute-f71807e26ea14f9780971b3986a9016d
State:     executing
Task:  <Task 'from-value-getitem-read_pair-stack-finalize-hlgfinalizecompute-f71807e26ea14f9780971b3986a9016d' _execute_subgraph(...)>
Exception: "FileNotFoundError('Image file not found: C:\\\\Users\\\\mtt1e23\\\\OneDrive - University of Southampton\\\\Documents\\\\#current_processing\\\\query_JHTDB\\\\Planar_Images_with_wall\\\\Cam2\\\\B00028_A.tif')"
Traceback: '  File "c:\\Users\\mtt1e23\\OneDrive - University of Southampton\\Documents\\python-PIVTOOLs\\src\\image_handling\\load_images.py", line 105, in read_pair\n    frame_a = read_image(str(file_paths[0]))\n  File "c:\\Users\\mtt1e23\\OneDrive - University of Southampton\\Documents\\python-PIVTOOLs\\src\\image_handling\\load_images.py", line 34, in read_image\n    return reader_func(file_path, **kwargs)\n  File "c:\\Users\\mtt1e23\\OneDrive - University of Southampton\\Documents\\python-PIVTOOLs\\src\\image_handling\\readers\\generic_readers.py", line 11, in read_tiff\n    raise FileNotFoundError(f"Image file not found: {file_path}")\n'

2025-11-04 16:58:50,792 - distributed.worker - ERROR - Compute Failed
Key:       from-value-getitem-read_pair-stack-finalize-hlgfinalizecompute-3629ab1db38b4717affa599eb45e3a2b
State:     executing
Task:  <Task 'from-value-getitem-read_pair-stack-finalize-hlgfinalizecompute-3629ab1db38b4717affa599eb45e3a2b' _execute_subgraph(...)>
Exception: "FileNotFoundError('Image file not found: C:\\\\Users\\\\mtt1e23\\\\OneDrive - University of Southampton\\\\Documents\\\\#current_processing\\\\query_JHTDB\\\\Planar_Images_with_wall\\\\Cam2\\\\B00027_A.tif')"
Traceback: '  File "c:\\Users\\mtt1e23\\OneDrive - University of Southampton\\Documents\\python-PIVTOOLs\\src\\image_handling\\load_images.py", line 105, in read_pair\n    frame_a = read_image(str(file_paths[0]))\n  File "c:\\Users\\mtt1e23\\OneDrive - University of Southampton\\Documents\\python-PIVTOOLs\\src\\image_handling\\load_images.py", line 34, in read_image\n    return reader_func(file_path, **kwargs)\n  File "c:\\Users\\mtt1e23\\OneDrive - University of Southampton\\Documents\\python-PIVTOOLs\\src\\image_handling\\readers\\generic_readers.py", line 11, in read_tiff\n    raise FileNotFoundError(f"Image file not found: {file_path}")\n'

2025-11-04 16:58:50,793 [WARNING] PIVResult has no passes for frame 29. Skipping save.
2025-11-04 16:58:50,794 [ERROR] PIV processing failed: [Errno None] None
2025-11-04 16:58:50,796 [WARNING] PIVResult has no passes for frame 30. Skipping save.
2025-11-04 16:58:50,797 [ERROR] PIV processing failed: [Errno None] None
2025-11-04 16:58:50,803 - distributed.worker - ERROR - Compute Failed
Key:       from-value-getitem-read_pair-stack-finalize-hlgfinalizecompute-8516551589b3444182127a00fb3c6ed5
State:     executing
Task:  <Task 'from-value-getitem-read_pair-stack-finalize-hlgfinalizecompute-8516551589b3444182127a00fb3c6ed5' _execute_subgraph(...)>
Exception: "FileNotFoundError('Image file not found: C:\\\\Users\\\\mtt1e23\\\\OneDrive - University of Southampton\\\\Documents\\\\#current_processing\\\\query_JHTDB\\\\Planar_Images_with_wall\\\\Cam2\\\\B00026_A.tif')"
Traceback: '  File "c:\\Users\\mtt1e23\\OneDrive - University of Southampton\\Documents\\python-PIVTOOLs\\src\\image_handling\\load_images.py", line 105, in read_pair\n    frame_a = read_image(str(file_paths[0]))\n  File "c:\\Users\\mtt1e23\\OneDrive - University of Southampton\\Documents\\python-PIVTOOLs\\src\\image_handling\\load_images.py", line 34, in read_image\n    return reader_func(file_path, **kwargs)\n  File "c:\\Users\\mtt1e23\\OneDrive - University of Southampton\\Documents\\python-PIVTOOLs\\src\\image_handling\\readers\\generic_readers.py", line 11, in read_tiff\n    raise FileNotFoundError(f"Image file not found: {file_path}")\n'

2025-11-04 16:58:50,804 [WARNING] PIVResult has no passes for frame 28. Skipping save.
2025-11-04 16:58:50,808 [WARNING] PIVResult has no passes for frame 27. Skipping save.
2025-11-04 16:58:50,810 - distributed.worker - ERROR - Compute Failed
Key:       from-value-getitem-read_pair-stack-finalize-hlgfinalizecompute-15bbf32acb2c43148ccb9b5736769a4e
State:     executing
Task:  <Task 'from-value-getitem-read_pair-stack-finalize-hlgfinalizecompute-15bbf32acb2c43148ccb9b5736769a4e' _execute_subgraph(...)>
Exception: "FileNotFoundError('Image file not found: C:\\\\Users\\\\mtt1e23\\\\OneDrive - University of Southampton\\\\Documents\\\\#current_processing\\\\query_JHTDB\\\\Planar_Images_with_wall\\\\Cam2\\\\B00025_A.tif')"
Traceback: '  File "c:\\Users\\mtt1e23\\OneDrive - University of Southampton\\Documents\\python-PIVTOOLs\\src\\image_handling\\load_images.py", line 105, in read_pair\n    frame_a = read_image(str(file_paths[0]))\n  File "c:\\Users\\mtt1e23\\OneDrive - University of Southampton\\Documents\\python-PIVTOOLs\\src\\image_handling\\load_images.py", line 34, in read_image\n    return reader_func(file_path, **kwargs)\n  File "c:\\Users\\mtt1e23\\OneDrive - University of Southampton\\Documents\\python-PIVTOOLs\\src\\image_handling\\readers\\generic_readers.py", line 11, in read_tiff\n    raise FileNotFoundError(f"Image file not found: {file_path}")\n'

2025-11-04 16:58:50,810 [ERROR] PIV processing failed: [Errno None] None
2025-11-04 16:58:50,812 [ERROR] PIV processing failed: [Errno None] None
2025-11-04 16:58:50,828 - distributed.worker - ERROR - Compute Failed
Key:       from-value-getitem-read_pair-stack-finalize-hlgfinalizecompute-86e15bb2e9b24ccc85dfcdb464763b90
State:     executing
Task:  <Task 'from-value-getitem-read_pair-stack-finalize-hlgfinalizecompute-86e15bb2e9b24ccc85dfcdb464763b90' _execute_subgraph(...)>
Exception: "FileNotFoundError('Image file not found: C:\\\\Users\\\\mtt1e23\\\\OneDrive - University of Southampton\\\\Documents\\\\#current_processing\\\\query_JHTDB\\\\Planar_Images_with_wall\\\\Cam2\\\\B00024_A.tif')"
Traceback: '  File "c:\\Users\\mtt1e23\\OneDrive - University of Southampton\\Documents\\python-PIVTOOLs\\src\\image_handling\\load_images.py", line 105, in read_pair\n    frame_a = read_image(str(file_paths[0]))\n  File "c:\\Users\\mtt1e23\\OneDrive - University of Southampton\\Documents\\python-PIVTOOLs\\src\\image_handling\\load_images.py", line 34, in read_image\n    return reader_func(file_path, **kwargs)\n  File "c:\\Users\\mtt1e23\\OneDrive - University of Southampton\\Documents\\python-PIVTOOLs\\src\\image_handling\\readers\\generic_readers.py", line 11, in read_tiff\n    raise FileNotFoundError(f"Image file not found: {file_path}")\n'

2025-11-04 16:58:50,831 - distributed.worker - ERROR - Compute Failed
Key:       from-value-getitem-read_pair-stack-finalize-hlgfinalizecompute-9773ced535d74c918a50188642568b66
State:     executing
Task:  <Task 'from-value-getitem-read_pair-stack-finalize-hlgfinalizecompute-9773ced535d74c918a50188642568b66' _execute_subgraph(...)>
Exception: "FileNotFoundError('Image file not found: C:\\\\Users\\\\mtt1e23\\\\OneDrive - University of Southampton\\\\Documents\\\\#current_processing\\\\query_JHTDB\\\\Planar_Images_with_wall\\\\Cam2\\\\B00023_A.tif')"
Traceback: '  File "c:\\Users\\mtt1e23\\OneDrive - University of Southampton\\Documents\\python-PIVTOOLs\\src\\image_handling\\load_images.py", line 105, in read_pair\n    frame_a = read_image(str(file_paths[0]))\n  File "c:\\Users\\mtt1e23\\OneDrive - University of Southampton\\Documents\\python-PIVTOOLs\\src\\image_handling\\load_images.py", line 34, in read_image\n    return reader_func(file_path, **kwargs)\n  File "c:\\Users\\mtt1e23\\OneDrive - University of Southampton\\Documents\\python-PIVTOOLs\\src\\image_handling\\readers\\generic_readers.py", line 11, in read_tiff\n    raise FileNotFoundError(f"Image file not found: {file_path}")\n'

2025-11-04 16:58:50,832 [WARNING] PIVResult has no passes for frame 25. Skipping save.
2025-11-04 16:58:50,833 [ERROR] PIV processing failed: [Errno None] None
2025-11-04 16:58:50,834 [ERROR] PIV processing failed: [Errno None] None
2025-11-04 16:58:50,835 [WARNING] PIVResult has no passes for frame 26. Skipping save.
2025-11-04 16:58:50,838 - distributed.worker - ERROR - Compute Failed
Key:       from-value-getitem-read_pair-stack-finalize-hlgfinalizecompute-373a030759ee4d7facd90fe8bf93eaa3
State:     executing
Task:  <Task 'from-value-getitem-read_pair-stack-finalize-hlgfinalizecompute-373a030759ee4d7facd90fe8bf93eaa3' _execute_subgraph(...)>
Exception: "FileNotFoundError('Image file not found: C:\\\\Users\\\\mtt1e23\\\\OneDrive - University of Southampton\\\\Documents\\\\#current_processing\\\\query_JHTDB\\\\Planar_Images_with_wall\\\\Cam2\\\\B00022_A.tif')"
Traceback: '  File "c:\\Users\\mtt1e23\\OneDrive - University of Southampton\\Documents\\python-PIVTOOLs\\src\\image_handling\\load_images.py", line 105, in read_pair\n    frame_a = read_image(str(file_paths[0]))\n  File "c:\\Users\\mtt1e23\\OneDrive - University of Southampton\\Documents\\python-PIVTOOLs\\src\\image_handling\\load_images.py", line 34, in read_image\n    return reader_func(file_path, **kwargs)\n  File "c:\\Users\\mtt1e23\\OneDrive - University of Southampton\\Documents\\python-PIVTOOLs\\src\\image_handling\\readers\\generic_readers.py", line 11, in read_tiff\n    raise FileNotFoundError(f"Image file not found: {file_path}")\n'

2025-11-04 16:58:50,838 [WARNING] PIVResult has no passes for frame 24. Skipping save.
2025-11-04 16:58:50,838 [WARNING] PIVResult has no passes for frame 23. Skipping save.
2025-11-04 16:58:50,858 [ERROR] PIV processing failed: [Errno None] None
2025-11-04 16:58:50,877 - distributed.worker - ERROR - Compute Failed
Key:       from-value-getitem-read_pair-stack-finalize-hlgfinalizecompute-48474b6fb78e42c8952050e4b4b04c71
State:     executing
Task:  <Task 'from-value-getitem-read_pair-stack-finalize-hlgfinalizecompute-48474b6fb78e42c8952050e4b4b04c71' _execute_subgraph(...)>
Exception: "FileNotFoundError('Image file not found: C:\\\\Users\\\\mtt1e23\\\\OneDrive - University of Southampton\\\\Documents\\\\#current_processing\\\\query_JHTDB\\\\Planar_Images_with_wall\\\\Cam2\\\\B00021_A.tif')"
Traceback: '  File "c:\\Users\\mtt1e23\\OneDrive - University of Southampton\\Documents\\python-PIVTOOLs\\src\\image_handling\\load_images.py", line 105, in read_pair\n    frame_a = read_image(str(file_paths[0]))\n  File "c:\\Users\\mtt1e23\\OneDrive - University of Southampton\\Documents\\python-PIVTOOLs\\src\\image_handling\\load_images.py", line 34, in read_image\n    return reader_func(file_path, **kwargs)\n  File "c:\\Users\\mtt1e23\\OneDrive - University of Southampton\\Documents\\python-PIVTOOLs\\src\\image_handling\\readers\\generic_readers.py", line 11, in read_tiff\n    raise FileNotFoundError(f"Image file not found: {file_path}")\n'

2025-11-04 16:58:50,878 - distributed.worker - ERROR - Compute Failed
Key:       from-value-getitem-read_pair-stack-finalize-hlgfinalizecompute-308d6f51947b4d98aab052051a2c7393
State:     executing
Task:  <Task 'from-value-getitem-read_pair-stack-finalize-hlgfinalizecompute-308d6f51947b4d98aab052051a2c7393' _execute_subgraph(...)>
Exception: "FileNotFoundError('Image file not found: C:\\\\Users\\\\mtt1e23\\\\OneDrive - University of Southampton\\\\Documents\\\\#current_processing\\\\query_JHTDB\\\\Planar_Images_with_wall\\\\Cam2\\\\B00053_A.tif')"
Traceback: '  File "c:\\Users\\mtt1e23\\OneDrive - University of Southampton\\Documents\\python-PIVTOOLs\\src\\image_handling\\load_images.py", line 105, in read_pair\n    frame_a = read_image(str(file_paths[0]))\n  File "c:\\Users\\mtt1e23\\OneDrive - University of Southampton\\Documents\\python-PIVTOOLs\\src\\image_handling\\load_images.py", line 34, in read_image\n    return reader_func(file_path, **kwargs)\n  File "c:\\Users\\mtt1e23\\OneDrive - University of Southampton\\Documents\\python-PIVTOOLs\\src\\image_handling\\readers\\generic_readers.py", line 11, in read_tiff\n    raise FileNotFoundError(f"Image file not found: {file_path}")\n'

2025-11-04 16:58:50,879 [WARNING] PIVResult has no passes for frame 22. Skipping save.
2025-11-04 16:58:50,880 [ERROR] PIV processing failed: [Errno None] None
2025-11-04 16:58:50,882 [ERROR] PIV processing failed: [Errno None] None
2025-11-04 16:58:50,892 - distributed.worker - ERROR - Compute Failed
Key:       from-value-getitem-read_pair-stack-finalize-hlgfinalizecompute-7bb4c8d889084ee2b85f0e15639ed004
State:     executing
Task:  <Task 'from-value-getitem-read_pair-stack-finalize-hlgfinalizecompute-7bb4c8d889084ee2b85f0e15639ed004' _execute_subgraph(...)>
Exception: "FileNotFoundError('Image file not found: C:\\\\Users\\\\mtt1e23\\\\OneDrive - University of Southampton\\\\Documents\\\\#current_processing\\\\query_JHTDB\\\\Planar_Images_with_wall\\\\Cam2\\\\B00052_A.tif')"
Traceback: '  File "c:\\Users\\mtt1e23\\OneDrive - University of Southampton\\Documents\\python-PIVTOOLs\\src\\image_handling\\load_images.py", line 105, in read_pair\n    frame_a = read_image(str(file_paths[0]))\n  File "c:\\Users\\mtt1e23\\OneDrive - University of Southampton\\Documents\\python-PIVTOOLs\\src\\image_handling\\load_images.py", line 34, in read_image\n    return reader_func(file_path, **kwargs)\n  File "c:\\Users\\mtt1e23\\OneDrive - University of Southampton\\Documents\\python-PIVTOOLs\\src\\image_handling\\readers\\generic_readers.py", line 11, in read_tiff\n    raise FileNotFoundError(f"Image file not found: {file_path}")\n'

2025-11-04 16:58:50,893 - distributed.worker - ERROR - Compute Failed
Key:       from-value-getitem-read_pair-stack-finalize-hlgfinalizecompute-8d6e405cb7514cdead5025b45ac0cea7
State:     executing
Task:  <Task 'from-value-getitem-read_pair-stack-finalize-hlgfinalizecompute-8d6e405cb7514cdead5025b45ac0cea7' _execute_subgraph(...)>
Exception: "FileNotFoundError('Image file not found: C:\\\\Users\\\\mtt1e23\\\\OneDrive - University of Southampton\\\\Documents\\\\#current_processing\\\\query_JHTDB\\\\Planar_Images_with_wall\\\\Cam2\\\\B00054_A.tif')"
Traceback: '  File "c:\\Users\\mtt1e23\\OneDrive - University of Southampton\\Documents\\python-PIVTOOLs\\src\\image_handling\\load_images.py", line 105, in read_pair\n    frame_a = read_image(str(file_paths[0]))\n  File "c:\\Users\\mtt1e23\\OneDrive - University of Southampton\\Documents\\python-PIVTOOLs\\src\\image_handling\\load_images.py", line 34, in read_image\n    return reader_func(file_path, **kwargs)\n  File "c:\\Users\\mtt1e23\\OneDrive - University of Southampton\\Documents\\python-PIVTOOLs\\src\\image_handling\\readers\\generic_readers.py", line 11, in read_tiff\n    raise FileNotFoundError(f"Image file not found: {file_path}")\n'

2025-11-04 16:58:50,896 [ERROR] PIV processing failed: [Errno None] None
2025-11-04 16:58:50,896 [ERROR] PIV processing failed: [Errno None] None
2025-11-04 16:58:50,897 [WARNING] PIVResult has no passes for frame 21. Skipping save.
2025-11-04 16:58:50,898 [WARNING] PIVResult has no passes for frame 52. Skipping save.
2025-11-04 16:58:50,899 [WARNING] PIVResult has no passes for frame 53. Skipping save.
2025-11-04 16:58:50,909 [WARNING] PIVResult has no passes for frame 54. Skipping save.
2025-11-04 16:58:50,929 - distributed.worker - ERROR - Compute Failed
Key:       from-value-getitem-read_pair-stack-finalize-hlgfinalizecompute-25249f7360aa441d99d19696e8cca976
State:     executing
Task:  <Task 'from-value-getitem-read_pair-stack-finalize-hlgfinalizecompute-25249f7360aa441d99d19696e8cca976' _execute_subgraph(...)>
Exception: "FileNotFoundError('Image file not found: C:\\\\Users\\\\mtt1e23\\\\OneDrive - University of Southampton\\\\Documents\\\\#current_processing\\\\query_JHTDB\\\\Planar_Images_with_wall\\\\Cam2\\\\B00051_A.tif')"
Traceback: '  File "c:\\Users\\mtt1e23\\OneDrive - University of Southampton\\Documents\\python-PIVTOOLs\\src\\image_handling\\load_images.py", line 105, in read_pair\n    frame_a = read_image(str(file_paths[0]))\n  File "c:\\Users\\mtt1e23\\OneDrive - University of Southampton\\Documents\\python-PIVTOOLs\\src\\image_handling\\load_images.py", line 34, in read_image\n    return reader_func(file_path, **kwargs)\n  File "c:\\Users\\mtt1e23\\OneDrive - University of Southampton\\Documents\\python-PIVTOOLs\\src\\image_handling\\readers\\generic_readers.py", line 11, in read_tiff\n    raise FileNotFoundError(f"Image file not found: {file_path}")\n'

2025-11-04 16:58:50,931 - distributed.worker - ERROR - Compute Failed
Key:       from-value-getitem-read_pair-stack-finalize-hlgfinalizecompute-b0fb4a2740ee4da89e50eb94aba604c3
State:     executing
Task:  <Task 'from-value-getitem-read_pair-stack-finalize-hlgfinalizecompute-b0fb4a2740ee4da89e50eb94aba604c3' _execute_subgraph(...)>
Exception: "FileNotFoundError('Image file not found: C:\\\\Users\\\\mtt1e23\\\\OneDrive - University of Southampton\\\\Documents\\\\#current_processing\\\\query_JHTDB\\\\Planar_Images_with_wall\\\\Cam2\\\\B00050_A.tif')"
Traceback: '  File "c:\\Users\\mtt1e23\\OneDrive - University of Southampton\\Documents\\python-PIVTOOLs\\src\\image_handling\\load_images.py", line 105, in read_pair\n    frame_a = read_image(str(file_paths[0]))\n  File "c:\\Users\\mtt1e23\\OneDrive - University of Southampton\\Documents\\python-PIVTOOLs\\src\\image_handling\\load_images.py", line 34, in read_image\n    return reader_func(file_path, **kwargs)\n  File "c:\\Users\\mtt1e23\\OneDrive - University of Southampton\\Documents\\python-PIVTOOLs\\src\\image_handling\\readers\\generic_readers.py", line 11, in read_tiff\n    raise FileNotFoundError(f"Image file not found: {file_path}")\n'

2025-11-04 16:58:50,934 - distributed.worker - ERROR - Compute Failed
Key:       from-value-getitem-read_pair-stack-finalize-hlgfinalizecompute-5316d8ed3b7740af8448ab0bdf34381a
State:     executing
Task:  <Task 'from-value-getitem-read_pair-stack-finalize-hlgfinalizecompute-5316d8ed3b7740af8448ab0bdf34381a' _execute_subgraph(...)>
Exception: "FileNotFoundError('Image file not found: C:\\\\Users\\\\mtt1e23\\\\OneDrive - University of Southampton\\\\Documents\\\\#current_processing\\\\query_JHTDB\\\\Planar_Images_with_wall\\\\Cam2\\\\B00055_A.tif')"
Traceback: '  File "c:\\Users\\mtt1e23\\OneDrive - University of Southampton\\Documents\\python-PIVTOOLs\\src\\image_handling\\load_images.py", line 105, in read_pair\n    frame_a = read_image(str(file_paths[0]))\n  File "c:\\Users\\mtt1e23\\OneDrive - University of Southampton\\Documents\\python-PIVTOOLs\\src\\image_handling\\load_images.py", line 34, in read_image\n    return reader_func(file_path, **kwargs)\n  File "c:\\Users\\mtt1e23\\OneDrive - University of Southampton\\Documents\\python-PIVTOOLs\\src\\image_handling\\readers\\generic_readers.py", line 11, in read_tiff\n    raise FileNotFoundError(f"Image file not found: {file_path}")\n'

2025-11-04 16:58:50,935 [ERROR] PIV processing failed: [Errno None] None
2025-11-04 16:58:50,937 [ERROR] PIV processing failed: [Errno None] None
2025-11-04 16:58:50,956 - distributed.worker - ERROR - Compute Failed
Key:       from-value-getitem-read_pair-stack-finalize-hlgfinalizecompute-2731a69b4802486eb8c9c274856ffca6
State:     executing
Task:  <Task 'from-value-getitem-read_pair-stack-finalize-hlgfinalizecompute-2731a69b4802486eb8c9c274856ffca6' _execute_subgraph(...)>
Exception: "FileNotFoundError('Image file not found: C:\\\\Users\\\\mtt1e23\\\\OneDrive - University of Southampton\\\\Documents\\\\#current_processing\\\\query_JHTDB\\\\Planar_Images_with_wall\\\\Cam2\\\\B00049_A.tif')"
Traceback: '  File "c:\\Users\\mtt1e23\\OneDrive - University of Southampton\\Documents\\python-PIVTOOLs\\src\\image_handling\\load_images.py", line 105, in read_pair\n    frame_a = read_image(str(file_paths[0]))\n  File "c:\\Users\\mtt1e23\\OneDrive - University of Southampton\\Documents\\python-PIVTOOLs\\src\\image_handling\\load_images.py", line 34, in read_image\n    return reader_func(file_path, **kwargs)\n  File "c:\\Users\\mtt1e23\\OneDrive - University of Southampton\\Documents\\python-PIVTOOLs\\src\\image_handling\\readers\\generic_readers.py", line 11, in read_tiff\n    raise FileNotFoundError(f"Image file not found: {file_path}")\n'

2025-11-04 16:58:50,956 [ERROR] PIV processing failed: [Errno None] None
2025-11-04 16:58:50,958 - distributed.worker - ERROR - Compute Failed
Key:       from-value-getitem-read_pair-stack-finalize-hlgfinalizecompute-ed1300ec88764788a862e827ce8802c4
State:     executing
Task:  <Task 'from-value-getitem-read_pair-stack-finalize-hlgfinalizecompute-ed1300ec88764788a862e827ce8802c4' _execute_subgraph(...)>
Exception: "FileNotFoundError('Image file not found: C:\\\\Users\\\\mtt1e23\\\\OneDrive - University of Southampton\\\\Documents\\\\#current_processing\\\\query_JHTDB\\\\Planar_Images_with_wall\\\\Cam2\\\\B00056_A.tif')"
Traceback: '  File "c:\\Users\\mtt1e23\\OneDrive - University of Southampton\\Documents\\python-PIVTOOLs\\src\\image_handling\\load_images.py", line 105, in read_pair\n    frame_a = read_image(str(file_paths[0]))\n  File "c:\\Users\\mtt1e23\\OneDrive - University of Southampton\\Documents\\python-PIVTOOLs\\src\\image_handling\\load_images.py", line 34, in read_image\n    return reader_func(file_path, **kwargs)\n  File "c:\\Users\\mtt1e23\\OneDrive - University of Southampton\\Documents\\python-PIVTOOLs\\src\\image_handling\\readers\\generic_readers.py", line 11, in read_tiff\n    raise FileNotFoundError(f"Image file not found: {file_path}")\n'

2025-11-04 16:58:50,959 [WARNING] PIVResult has no passes for frame 50. Skipping save.
2025-11-04 16:58:50,959 [ERROR] PIV processing failed: [Errno None] None
2025-11-04 16:58:50,960 [ERROR] PIV processing failed: [Errno None] None
2025-11-04 16:58:50,960 [WARNING] PIVResult has no passes for frame 51. Skipping save.
2025-11-04 16:58:50,974 [WARNING] PIVResult has no passes for frame 55. Skipping save.
2025-11-04 16:58:50,975 [WARNING] PIVResult has no passes for frame 56. Skipping save.
2025-11-04 16:58:50,976 [WARNING] PIVResult has no passes for frame 49. Skipping save.
2025-11-04 16:58:51,003 - distributed.worker - ERROR - Compute Failed
Key:       from-value-getitem-read_pair-stack-finalize-hlgfinalizecompute-0de97cad06f0403a8402b9007aa4e672
State:     executing
Task:  <Task 'from-value-getitem-read_pair-stack-finalize-hlgfinalizecompute-0de97cad06f0403a8402b9007aa4e672' _execute_subgraph(...)>
Exception: "FileNotFoundError('Image file not found: C:\\\\Users\\\\mtt1e23\\\\OneDrive - University of Southampton\\\\Documents\\\\#current_processing\\\\query_JHTDB\\\\Planar_Images_with_wall\\\\Cam2\\\\B00048_A.tif')"
Traceback: '  File "c:\\Users\\mtt1e23\\OneDrive - University of Southampton\\Documents\\python-PIVTOOLs\\src\\image_handling\\load_images.py", line 105, in read_pair\n    frame_a = read_image(str(file_paths[0]))\n  File "c:\\Users\\mtt1e23\\OneDrive - University of Southampton\\Documents\\python-PIVTOOLs\\src\\image_handling\\load_images.py", line 34, in read_image\n    return reader_func(file_path, **kwargs)\n  File "c:\\Users\\mtt1e23\\OneDrive - University of Southampton\\Documents\\python-PIVTOOLs\\src\\image_handling\\readers\\generic_readers.py", line 11, in read_tiff\n    raise FileNotFoundError(f"Image file not found: {file_path}")\n'

2025-11-04 16:58:51,005 - distributed.worker - ERROR - Compute Failed
Key:       from-value-getitem-read_pair-stack-finalize-hlgfinalizecompute-a6118b6b31494f52b44ae4f9fe0d7267
State:     executing
Task:  <Task 'from-value-getitem-read_pair-stack-finalize-hlgfinalizecompute-a6118b6b31494f52b44ae4f9fe0d7267' _execute_subgraph(...)>
Exception: "FileNotFoundError('Image file not found: C:\\\\Users\\\\mtt1e23\\\\OneDrive - University of Southampton\\\\Documents\\\\#current_processing\\\\query_JHTDB\\\\Planar_Images_with_wall\\\\Cam2\\\\B00057_A.tif')"
Traceback: '  File "c:\\Users\\mtt1e23\\OneDrive - University of Southampton\\Documents\\python-PIVTOOLs\\src\\image_handling\\load_images.py", line 105, in read_pair\n    frame_a = read_image(str(file_paths[0]))\n  File "c:\\Users\\mtt1e23\\OneDrive - University of Southampton\\Documents\\python-PIVTOOLs\\src\\image_handling\\load_images.py", line 34, in read_image\n    return reader_func(file_path, **kwargs)\n  File "c:\\Users\\mtt1e23\\OneDrive - University of Southampton\\Documents\\python-PIVTOOLs\\src\\image_handling\\readers\\generic_readers.py", line 11, in read_tiff\n    raise FileNotFoundError(f"Image file not found: {file_path}")\n'

2025-11-04 16:58:51,011 - distributed.worker - ERROR - Compute Failed
Key:       from-value-getitem-read_pair-stack-finalize-hlgfinalizecompute-a306530415fd45b5b1d662ac268d0023
State:     executing
Task:  <Task 'from-value-getitem-read_pair-stack-finalize-hlgfinalizecompute-a306530415fd45b5b1d662ac268d0023' _execute_subgraph(...)>
Exception: "FileNotFoundError('Image file not found: C:\\\\Users\\\\mtt1e23\\\\OneDrive - University of Southampton\\\\Documents\\\\#current_processing\\\\query_JHTDB\\\\Planar_Images_with_wall\\\\Cam2\\\\B00058_A.tif')"
Traceback: '  File "c:\\Users\\mtt1e23\\OneDrive - University of Southampton\\Documents\\python-PIVTOOLs\\src\\image_handling\\load_images.py", line 105, in read_pair\n    frame_a = read_image(str(file_paths[0]))\n  File "c:\\Users\\mtt1e23\\OneDrive - University of Southampton\\Documents\\python-PIVTOOLs\\src\\image_handling\\load_images.py", line 34, in read_image\n    return reader_func(file_path, **kwargs)\n  File "c:\\Users\\mtt1e23\\OneDrive - University of Southampton\\Documents\\python-PIVTOOLs\\src\\image_handling\\readers\\generic_readers.py", line 11, in read_tiff\n    raise FileNotFoundError(f"Image file not found: {file_path}")\n'

2025-11-04 16:58:51,011 [ERROR] PIV processing failed: [Errno None] None
2025-11-04 16:58:51,012 [ERROR] PIV processing failed: [Errno None] None
2025-11-04 16:58:51,013 [ERROR] PIV processing failed: [Errno None] None
2025-11-04 16:58:51,014 - distributed.worker - ERROR - Compute Failed
Key:       from-value-getitem-read_pair-stack-finalize-hlgfinalizecompute-f61a427236ba4ea4a991e6e93420f7a5
State:     executing
Task:  <Task 'from-value-getitem-read_pair-stack-finalize-hlgfinalizecompute-f61a427236ba4ea4a991e6e93420f7a5' _execute_subgraph(...)>
Exception: "FileNotFoundError('Image file not found: C:\\\\Users\\\\mtt1e23\\\\OneDrive - University of Southampton\\\\Documents\\\\#current_processing\\\\query_JHTDB\\\\Planar_Images_with_wall\\\\Cam2\\\\B00059_A.tif')"
Traceback: '  File "c:\\Users\\mtt1e23\\OneDrive - University of Southampton\\Documents\\python-PIVTOOLs\\src\\image_handling\\load_images.py", line 105, in read_pair\n    frame_a = read_image(str(file_paths[0]))\n  File "c:\\Users\\mtt1e23\\OneDrive - University of Southampton\\Documents\\python-PIVTOOLs\\src\\image_handling\\load_images.py", line 34, in read_image\n    return reader_func(file_path, **kwargs)\n  File "c:\\Users\\mtt1e23\\OneDrive - University of Southampton\\Documents\\python-PIVTOOLs\\src\\image_handling\\readers\\generic_readers.py", line 11, in read_tiff\n    raise FileNotFoundError(f"Image file not found: {file_path}")\n'

2025-11-04 16:58:51,016 - distributed.worker - ERROR - Compute Failed
Key:       from-value-getitem-read_pair-stack-finalize-hlgfinalizecompute-a069948aeda841ac92f336d86a01c396
State:     executing
Task:  <Task 'from-value-getitem-read_pair-stack-finalize-hlgfinalizecompute-a069948aeda841ac92f336d86a01c396' _execute_subgraph(...)>
Exception: "FileNotFoundError('Image file not found: C:\\\\Users\\\\mtt1e23\\\\OneDrive - University of Southampton\\\\Documents\\\\#current_processing\\\\query_JHTDB\\\\Planar_Images_with_wall\\\\Cam2\\\\B00060_A.tif')"
Traceback: '  File "c:\\Users\\mtt1e23\\OneDrive - University of Southampton\\Documents\\python-PIVTOOLs\\src\\image_handling\\load_images.py", line 105, in read_pair\n    frame_a = read_image(str(file_paths[0]))\n  File "c:\\Users\\mtt1e23\\OneDrive - University of Southampton\\Documents\\python-PIVTOOLs\\src\\image_handling\\load_images.py", line 34, in read_image\n    return reader_func(file_path, **kwargs)\n  File "c:\\Users\\mtt1e23\\OneDrive - University of Southampton\\Documents\\python-PIVTOOLs\\src\\image_handling\\readers\\generic_readers.py", line 11, in read_tiff\n    raise FileNotFoundError(f"Image file not found: {file_path}")\n'

2025-11-04 16:58:51,017 [WARNING] PIVResult has no passes for frame 58. Skipping save.
2025-11-04 16:58:51,018 [ERROR] PIV processing failed: [Errno None] None
2025-11-04 16:58:51,018 [WARNING] PIVResult has no passes for frame 57. Skipping save.
2025-11-04 16:58:51,022 [WARNING] PIVResult has no passes for frame 48. Skipping save.
2025-11-04 16:58:51,024 [WARNING] PIVResult has no passes for frame 59. Skipping save.
2025-11-04 16:58:51,025 [ERROR] PIV processing failed: [Errno None] None
2025-11-04 16:58:51,047 - distributed.worker - ERROR - Compute Failed
Key:       from-value-getitem-read_pair-stack-finalize-hlgfinalizecompute-70dadb9b664f4968aaf805bf28079268
State:     executing
Task:  <Task 'from-value-getitem-read_pair-stack-finalize-hlgfinalizecompute-70dadb9b664f4968aaf805bf28079268' _execute_subgraph(...)>
Exception: "FileNotFoundError('Image file not found: C:\\\\Users\\\\mtt1e23\\\\OneDrive - University of Southampton\\\\Documents\\\\#current_processing\\\\query_JHTDB\\\\Planar_Images_with_wall\\\\Cam2\\\\B00061_A.tif')"
Traceback: '  File "c:\\Users\\mtt1e23\\OneDrive - University of Southampton\\Documents\\python-PIVTOOLs\\src\\image_handling\\load_images.py", line 105, in read_pair\n    frame_a = read_image(str(file_paths[0]))\n  File "c:\\Users\\mtt1e23\\OneDrive - University of Southampton\\Documents\\python-PIVTOOLs\\src\\image_handling\\load_images.py", line 34, in read_image\n    return reader_func(file_path, **kwargs)\n  File "c:\\Users\\mtt1e23\\OneDrive - University of Southampton\\Documents\\python-PIVTOOLs\\src\\image_handling\\readers\\generic_readers.py", line 11, in read_tiff\n    raise FileNotFoundError(f"Image file not found: {file_path}")\n'

2025-11-04 16:58:51,059 - distributed.worker - ERROR - Compute Failed
Key:       from-value-getitem-read_pair-stack-finalize-hlgfinalizecompute-bab1e3c1a592418680c296b395e9b3ee
State:     executing
Task:  <Task 'from-value-getitem-read_pair-stack-finalize-hlgfinalizecompute-bab1e3c1a592418680c296b395e9b3ee' _execute_subgraph(...)>
Exception: "FileNotFoundError('Image file not found: C:\\\\Users\\\\mtt1e23\\\\OneDrive - University of Southampton\\\\Documents\\\\#current_processing\\\\query_JHTDB\\\\Planar_Images_with_wall\\\\Cam2\\\\B00062_A.tif')"
Traceback: '  File "c:\\Users\\mtt1e23\\OneDrive - University of Southampton\\Documents\\python-PIVTOOLs\\src\\image_handling\\load_images.py", line 105, in read_pair\n    frame_a = read_image(str(file_paths[0]))\n  File "c:\\Users\\mtt1e23\\OneDrive - University of Southampton\\Documents\\python-PIVTOOLs\\src\\image_handling\\load_images.py", line 34, in read_image\n    return reader_func(file_path, **kwargs)\n  File "c:\\Users\\mtt1e23\\OneDrive - University of Southampton\\Documents\\python-PIVTOOLs\\src\\image_handling\\readers\\generic_readers.py", line 11, in read_tiff\n    raise FileNotFoundError(f"Image file not found: {file_path}")\n'

2025-11-04 16:58:51,060 [ERROR] PIV processing failed: [Errno None] None
2025-11-04 16:58:51,061 [WARNING] PIVResult has no passes for frame 60. Skipping save.
2025-11-04 16:58:51,061 [ERROR] PIV processing failed: [Errno None] None
2025-11-04 16:58:51,073 - distributed.worker - ERROR - Compute Failed
Key:       from-value-getitem-read_pair-stack-finalize-hlgfinalizecompute-69e6733c471b45a3abfbe0b8b153dc5c
State:     executing
Task:  <Task 'from-value-getitem-read_pair-stack-finalize-hlgfinalizecompute-69e6733c471b45a3abfbe0b8b153dc5c' _execute_subgraph(...)>
Exception: "FileNotFoundError('Image file not found: C:\\\\Users\\\\mtt1e23\\\\OneDrive - University of Southampton\\\\Documents\\\\#current_processing\\\\query_JHTDB\\\\Planar_Images_with_wall\\\\Cam2\\\\B00064_A.tif')"
Traceback: '  File "c:\\Users\\mtt1e23\\OneDrive - University of Southampton\\Documents\\python-PIVTOOLs\\src\\image_handling\\load_images.py", line 105, in read_pair\n    frame_a = read_image(str(file_paths[0]))\n  File "c:\\Users\\mtt1e23\\OneDrive - University of Southampton\\Documents\\python-PIVTOOLs\\src\\image_handling\\load_images.py", line 34, in read_image\n    return reader_func(file_path, **kwargs)\n  File "c:\\Users\\mtt1e23\\OneDrive - University of Southampton\\Documents\\python-PIVTOOLs\\src\\image_handling\\readers\\generic_readers.py", line 11, in read_tiff\n    raise FileNotFoundError(f"Image file not found: {file_path}")\n'

2025-11-04 16:58:51,075 [WARNING] PIVResult has no passes for frame 61. Skipping save.
2025-11-04 16:58:51,076 [ERROR] PIV processing failed: [Errno None] None
2025-11-04 16:58:51,077 [WARNING] PIVResult has no passes for frame 62. Skipping save.
2025-11-04 16:58:51,078 - distributed.worker - ERROR - Compute Failed
Key:       from-value-getitem-read_pair-stack-finalize-hlgfinalizecompute-02dc5e219f7d4a9cb3a7d883ff3a4412
State:     executing
Task:  <Task 'from-value-getitem-read_pair-stack-finalize-hlgfinalizecompute-02dc5e219f7d4a9cb3a7d883ff3a4412' _execute_subgraph(...)>
Exception: "FileNotFoundError('Image file not found: C:\\\\Users\\\\mtt1e23\\\\OneDrive - University of Southampton\\\\Documents\\\\#current_processing\\\\query_JHTDB\\\\Planar_Images_with_wall\\\\Cam2\\\\B00063_A.tif')"
Traceback: '  File "c:\\Users\\mtt1e23\\OneDrive - University of Southampton\\Documents\\python-PIVTOOLs\\src\\image_handling\\load_images.py", line 105, in read_pair\n    frame_a = read_image(str(file_paths[0]))\n  File "c:\\Users\\mtt1e23\\OneDrive - University of Southampton\\Documents\\python-PIVTOOLs\\src\\image_handling\\load_images.py", line 34, in read_image\n    return reader_func(file_path, **kwargs)\n  File "c:\\Users\\mtt1e23\\OneDrive - University of Southampton\\Documents\\python-PIVTOOLs\\src\\image_handling\\readers\\generic_readers.py", line 11, in read_tiff\n    raise FileNotFoundError(f"Image file not found: {file_path}")\n'

2025-11-04 16:58:51,088 [WARNING] PIVResult has no passes for frame 64. Skipping save.
2025-11-04 16:58:51,089 [ERROR] PIV processing failed: [Errno None] None
2025-11-04 16:58:51,107 - distributed.worker - ERROR - Compute Failed
Key:       from-value-getitem-read_pair-stack-finalize-hlgfinalizecompute-885f49f141c24d1dbfcb3832c4bf866a
State:     executing
Task:  <Task 'from-value-getitem-read_pair-stack-finalize-hlgfinalizecompute-885f49f141c24d1dbfcb3832c4bf866a' _execute_subgraph(...)>
Exception: "FileNotFoundError('Image file not found: C:\\\\Users\\\\mtt1e23\\\\OneDrive - University of Southampton\\\\Documents\\\\#current_processing\\\\query_JHTDB\\\\Planar_Images_with_wall\\\\Cam2\\\\B00065_A.tif')"
Traceback: '  File "c:\\Users\\mtt1e23\\OneDrive - University of Southampton\\Documents\\python-PIVTOOLs\\src\\image_handling\\load_images.py", line 105, in read_pair\n    frame_a = read_image(str(file_paths[0]))\n  File "c:\\Users\\mtt1e23\\OneDrive - University of Southampton\\Documents\\python-PIVTOOLs\\src\\image_handling\\load_images.py", line 34, in read_image\n    return reader_func(file_path, **kwargs)\n  File "c:\\Users\\mtt1e23\\OneDrive - University of Southampton\\Documents\\python-PIVTOOLs\\src\\image_handling\\readers\\generic_readers.py", line 11, in read_tiff\n    raise FileNotFoundError(f"Image file not found: {file_path}")\n'

2025-11-04 16:58:51,111 - distributed.worker - ERROR - Compute Failed
Key:       from-value-getitem-read_pair-stack-finalize-hlgfinalizecompute-1308c109bfac45b1860f9ac05d169f94
State:     executing
Task:  <Task 'from-value-getitem-read_pair-stack-finalize-hlgfinalizecompute-1308c109bfac45b1860f9ac05d169f94' _execute_subgraph(...)>
Exception: "FileNotFoundError('Image file not found: C:\\\\Users\\\\mtt1e23\\\\OneDrive - University of Southampton\\\\Documents\\\\#current_processing\\\\query_JHTDB\\\\Planar_Images_with_wall\\\\Cam2\\\\B00066_A.tif')"
Traceback: '  File "c:\\Users\\mtt1e23\\OneDrive - University of Southampton\\Documents\\python-PIVTOOLs\\src\\image_handling\\load_images.py", line 105, in read_pair\n    frame_a = read_image(str(file_paths[0]))\n  File "c:\\Users\\mtt1e23\\OneDrive - University of Southampton\\Documents\\python-PIVTOOLs\\src\\image_handling\\load_images.py", line 34, in read_image\n    return reader_func(file_path, **kwargs)\n  File "c:\\Users\\mtt1e23\\OneDrive - University of Southampton\\Documents\\python-PIVTOOLs\\src\\image_handling\\readers\\generic_readers.py", line 11, in read_tiff\n    raise FileNotFoundError(f"Image file not found: {file_path}")\n'

2025-11-04 16:58:51,111 [ERROR] PIV processing failed: [Errno None] None
2025-11-04 16:58:51,112 [WARNING] PIVResult has no passes for frame 63. Skipping save.
2025-11-04 16:58:51,122 - distributed.worker - ERROR - Compute Failed
Key:       from-value-getitem-read_pair-stack-finalize-hlgfinalizecompute-a54b33532569480a9f5ff8338cd1bc44
State:     executing
Task:  <Task 'from-value-getitem-read_pair-stack-finalize-hlgfinalizecompute-a54b33532569480a9f5ff8338cd1bc44' _execute_subgraph(...)>
Exception: "FileNotFoundError('Image file not found: C:\\\\Users\\\\mtt1e23\\\\OneDrive - University of Southampton\\\\Documents\\\\#current_processing\\\\query_JHTDB\\\\Planar_Images_with_wall\\\\Cam2\\\\B00067_A.tif')"
Traceback: '  File "c:\\Users\\mtt1e23\\OneDrive - University of Southampton\\Documents\\python-PIVTOOLs\\src\\image_handling\\load_images.py", line 105, in read_pair\n    frame_a = read_image(str(file_paths[0]))\n  File "c:\\Users\\mtt1e23\\OneDrive - University of Southampton\\Documents\\python-PIVTOOLs\\src\\image_handling\\load_images.py", line 34, in read_image\n    return reader_func(file_path, **kwargs)\n  File "c:\\Users\\mtt1e23\\OneDrive - University of Southampton\\Documents\\python-PIVTOOLs\\src\\image_handling\\readers\\generic_readers.py", line 11, in read_tiff\n    raise FileNotFoundError(f"Image file not found: {file_path}")\n'

2025-11-04 16:58:51,122 [ERROR] PIV processing failed: [Errno None] None
2025-11-04 16:58:51,123 [WARNING] PIVResult has no passes for frame 65. Skipping save.
2025-11-04 16:58:51,125 [ERROR] PIV processing failed: [Errno None] None
2025-11-04 16:58:51,127 - distributed.worker - ERROR - Compute Failed
Key:       from-value-getitem-read_pair-stack-finalize-hlgfinalizecompute-9925562ec38943a6b28358e7fb626381
State:     executing
Task:  <Task 'from-value-getitem-read_pair-stack-finalize-hlgfinalizecompute-9925562ec38943a6b28358e7fb626381' _execute_subgraph(...)>
Exception: "FileNotFoundError('Image file not found: C:\\\\Users\\\\mtt1e23\\\\OneDrive - University of Southampton\\\\Documents\\\\#current_processing\\\\query_JHTDB\\\\Planar_Images_with_wall\\\\Cam2\\\\B00068_A.tif')"
Traceback: '  File "c:\\Users\\mtt1e23\\OneDrive - University of Southampton\\Documents\\python-PIVTOOLs\\src\\image_handling\\load_images.py", line 105, in read_pair\n    frame_a = read_image(str(file_paths[0]))\n  File "c:\\Users\\mtt1e23\\OneDrive - University of Southampton\\Documents\\python-PIVTOOLs\\src\\image_handling\\load_images.py", line 34, in read_image\n    return reader_func(file_path, **kwargs)\n  File "c:\\Users\\mtt1e23\\OneDrive - University of Southampton\\Documents\\python-PIVTOOLs\\src\\image_handling\\readers\\generic_readers.py", line 11, in read_tiff\n    raise FileNotFoundError(f"Image file not found: {file_path}")\n'

2025-11-04 16:58:51,128 [WARNING] PIVResult has no passes for frame 67. Skipping save.
2025-11-04 16:58:51,128 [WARNING] PIVResult has no passes for frame 66. Skipping save.
2025-11-04 16:58:51,129 [ERROR] PIV processing failed: [Errno None] None
2025-11-04 16:58:51,158 - distributed.worker - ERROR - Compute Failed
Key:       from-value-getitem-read_pair-stack-finalize-hlgfinalizecompute-ba1edefe141c49edbce486f5fc444989
State:     executing
Task:  <Task 'from-value-getitem-read_pair-stack-finalize-hlgfinalizecompute-ba1edefe141c49edbce486f5fc444989' _execute_subgraph(...)>
Exception: "FileNotFoundError('Image file not found: C:\\\\Users\\\\mtt1e23\\\\OneDrive - University of Southampton\\\\Documents\\\\#current_processing\\\\query_JHTDB\\\\Planar_Images_with_wall\\\\Cam2\\\\B00069_A.tif')"
Traceback: '  File "c:\\Users\\mtt1e23\\OneDrive - University of Southampton\\Documents\\python-PIVTOOLs\\src\\image_handling\\load_images.py", line 105, in read_pair\n    frame_a = read_image(str(file_paths[0]))\n  File "c:\\Users\\mtt1e23\\OneDrive - University of Southampton\\Documents\\python-PIVTOOLs\\src\\image_handling\\load_images.py", line 34, in read_image\n    return reader_func(file_path, **kwargs)\n  File "c:\\Users\\mtt1e23\\OneDrive - University of Southampton\\Documents\\python-PIVTOOLs\\src\\image_handling\\readers\\generic_readers.py", line 11, in read_tiff\n    raise FileNotFoundError(f"Image file not found: {file_path}")\n'

2025-11-04 16:58:51,160 - distributed.worker - ERROR - Compute Failed
Key:       from-value-getitem-read_pair-stack-finalize-hlgfinalizecompute-66d029a9146e44ef89c8615b79f138c1
State:     executing
Task:  <Task 'from-value-getitem-read_pair-stack-finalize-hlgfinalizecompute-66d029a9146e44ef89c8615b79f138c1' _execute_subgraph(...)>
Exception: "FileNotFoundError('Image file not found: C:\\\\Users\\\\mtt1e23\\\\OneDrive - University of Southampton\\\\Documents\\\\#current_processing\\\\query_JHTDB\\\\Planar_Images_with_wall\\\\Cam2\\\\B00070_A.tif')"
Traceback: '  File "c:\\Users\\mtt1e23\\OneDrive - University of Southampton\\Documents\\python-PIVTOOLs\\src\\image_handling\\load_images.py", line 105, in read_pair\n    frame_a = read_image(str(file_paths[0]))\n  File "c:\\Users\\mtt1e23\\OneDrive - University of Southampton\\Documents\\python-PIVTOOLs\\src\\image_handling\\load_images.py", line 34, in read_image\n    return reader_func(file_path, **kwargs)\n  File "c:\\Users\\mtt1e23\\OneDrive - University of Southampton\\Documents\\python-PIVTOOLs\\src\\image_handling\\readers\\generic_readers.py", line 11, in read_tiff\n    raise FileNotFoundError(f"Image file not found: {file_path}")\n'

2025-11-04 16:58:51,160 [ERROR] PIV processing failed: [Errno None] None
2025-11-04 16:58:51,161 [WARNING] PIVResult has no passes for frame 68. Skipping save.
2025-11-04 16:58:51,162 [ERROR] PIV processing failed: [Errno None] None
2025-11-04 16:58:51,172 - distributed.worker - ERROR - Compute Failed
Key:       from-value-getitem-read_pair-stack-finalize-hlgfinalizecompute-04582461d2da45d8b9ce462425399535
State:     executing
Task:  <Task 'from-value-getitem-read_pair-stack-finalize-hlgfinalizecompute-04582461d2da45d8b9ce462425399535' _execute_subgraph(...)>
Exception: "FileNotFoundError('Image file not found: C:\\\\Users\\\\mtt1e23\\\\OneDrive - University of Southampton\\\\Documents\\\\#current_processing\\\\query_JHTDB\\\\Planar_Images_with_wall\\\\Cam2\\\\B00071_A.tif')"
Traceback: '  File "c:\\Users\\mtt1e23\\OneDrive - University of Southampton\\Documents\\python-PIVTOOLs\\src\\image_handling\\load_images.py", line 105, in read_pair\n    frame_a = read_image(str(file_paths[0]))\n  File "c:\\Users\\mtt1e23\\OneDrive - University of Southampton\\Documents\\python-PIVTOOLs\\src\\image_handling\\load_images.py", line 34, in read_image\n    return reader_func(file_path, **kwargs)\n  File "c:\\Users\\mtt1e23\\OneDrive - University of Southampton\\Documents\\python-PIVTOOLs\\src\\image_handling\\readers\\generic_readers.py", line 11, in read_tiff\n    raise FileNotFoundError(f"Image file not found: {file_path}")\n'

2025-11-04 16:58:51,173 [ERROR] PIV processing failed: [Errno None] None
2025-11-04 16:58:51,190 [WARNING] PIVResult has no passes for frame 69. Skipping save.
2025-11-04 16:58:51,192 [WARNING] PIVResult has no passes for frame 70. Skipping save.
2025-11-04 16:58:51,193 [WARNING] PIVResult has no passes for frame 71. Skipping save.
2025-11-04 16:58:51,204 - distributed.worker - ERROR - Compute Failed
Key:       from-value-getitem-read_pair-stack-finalize-hlgfinalizecompute-ea8c2bff278c43aab69717716bfb0319
State:     executing
Task:  <Task 'from-value-getitem-read_pair-stack-finalize-hlgfinalizecompute-ea8c2bff278c43aab69717716bfb0319' _execute_subgraph(...)>
Exception: "FileNotFoundError('Image file not found: C:\\\\Users\\\\mtt1e23\\\\OneDrive - University of Southampton\\\\Documents\\\\#current_processing\\\\query_JHTDB\\\\Planar_Images_with_wall\\\\Cam2\\\\B00072_A.tif')"
Traceback: '  File "c:\\Users\\mtt1e23\\OneDrive - University of Southampton\\Documents\\python-PIVTOOLs\\src\\image_handling\\load_images.py", line 105, in read_pair\n    frame_a = read_image(str(file_paths[0]))\n  File "c:\\Users\\mtt1e23\\OneDrive - University of Southampton\\Documents\\python-PIVTOOLs\\src\\image_handling\\load_images.py", line 34, in read_image\n    return reader_func(file_path, **kwargs)\n  File "c:\\Users\\mtt1e23\\OneDrive - University of Southampton\\Documents\\python-PIVTOOLs\\src\\image_handling\\readers\\generic_readers.py", line 11, in read_tiff\n    raise FileNotFoundError(f"Image file not found: {file_path}")\n'

2025-11-04 16:58:51,220 - distributed.worker - ERROR - Compute Failed
Key:       from-value-getitem-read_pair-stack-finalize-hlgfinalizecompute-4dfdb0516ba74f2c95ed31921679b878
State:     executing
Task:  <Task 'from-value-getitem-read_pair-stack-finalize-hlgfinalizecompute-4dfdb0516ba74f2c95ed31921679b878' _execute_subgraph(...)>
Exception: "FileNotFoundError('Image file not found: C:\\\\Users\\\\mtt1e23\\\\OneDrive - University of Southampton\\\\Documents\\\\#current_processing\\\\query_JHTDB\\\\Planar_Images_with_wall\\\\Cam2\\\\B00073_A.tif')"
Traceback: '  File "c:\\Users\\mtt1e23\\OneDrive - University of Southampton\\Documents\\python-PIVTOOLs\\src\\image_handling\\load_images.py", line 105, in read_pair\n    frame_a = read_image(str(file_paths[0]))\n  File "c:\\Users\\mtt1e23\\OneDrive - University of Southampton\\Documents\\python-PIVTOOLs\\src\\image_handling\\load_images.py", line 34, in read_image\n    return reader_func(file_path, **kwargs)\n  File "c:\\Users\\mtt1e23\\OneDrive - University of Southampton\\Documents\\python-PIVTOOLs\\src\\image_handling\\readers\\generic_readers.py", line 11, in read_tiff\n    raise FileNotFoundError(f"Image file not found: {file_path}")\n'

2025-11-04 16:58:51,219 [ERROR] PIV processing failed: [Errno None] None
2025-11-04 16:58:51,237 - distributed.worker - ERROR - Compute Failed
Key:       from-value-getitem-read_pair-stack-finalize-hlgfinalizecompute-ca7dc501ffdf463fbb8ea49eba0583db
State:     executing
Task:  <Task 'from-value-getitem-read_pair-stack-finalize-hlgfinalizecompute-ca7dc501ffdf463fbb8ea49eba0583db' _execute_subgraph(...)>
Exception: "FileNotFoundError('Image file not found: C:\\\\Users\\\\mtt1e23\\\\OneDrive - University of Southampton\\\\Documents\\\\#current_processing\\\\query_JHTDB\\\\Planar_Images_with_wall\\\\Cam2\\\\B00074_A.tif')"
Traceback: '  File "c:\\Users\\mtt1e23\\OneDrive - University of Southampton\\Documents\\python-PIVTOOLs\\src\\image_handling\\load_images.py", line 105, in read_pair\n    frame_a = read_image(str(file_paths[0]))\n  File "c:\\Users\\mtt1e23\\OneDrive - University of Southampton\\Documents\\python-PIVTOOLs\\src\\image_handling\\load_images.py", line 34, in read_image\n    return reader_func(file_path, **kwargs)\n  File "c:\\Users\\mtt1e23\\OneDrive - University of Southampton\\Documents\\python-PIVTOOLs\\src\\image_handling\\readers\\generic_readers.py", line 11, in read_tiff\n    raise FileNotFoundError(f"Image file not found: {file_path}")\n'

2025-11-04 16:58:51,237 [ERROR] PIV processing failed: [Errno None] None
2025-11-04 16:58:51,241 - distributed.worker - ERROR - Compute Failed
Key:       from-value-getitem-read_pair-stack-finalize-hlgfinalizecompute-aed15a90bb774bb7aa80ddcf4a072121
State:     executing
Task:  <Task 'from-value-getitem-read_pair-stack-finalize-hlgfinalizecompute-aed15a90bb774bb7aa80ddcf4a072121' _execute_subgraph(...)>
Exception: "FileNotFoundError('Image file not found: C:\\\\Users\\\\mtt1e23\\\\OneDrive - University of Southampton\\\\Documents\\\\#current_processing\\\\query_JHTDB\\\\Planar_Images_with_wall\\\\Cam2\\\\B00075_A.tif')"
Traceback: '  File "c:\\Users\\mtt1e23\\OneDrive - University of Southampton\\Documents\\python-PIVTOOLs\\src\\image_handling\\load_images.py", line 105, in read_pair\n    frame_a = read_image(str(file_paths[0]))\n  File "c:\\Users\\mtt1e23\\OneDrive - University of Southampton\\Documents\\python-PIVTOOLs\\src\\image_handling\\load_images.py", line 34, in read_image\n    return reader_func(file_path, **kwargs)\n  File "c:\\Users\\mtt1e23\\OneDrive - University of Southampton\\Documents\\python-PIVTOOLs\\src\\image_handling\\readers\\generic_readers.py", line 11, in read_tiff\n    raise FileNotFoundError(f"Image file not found: {file_path}")\n'

2025-11-04 16:58:51,241 [ERROR] PIV processing failed: [Errno None] None
2025-11-04 16:58:51,242 [WARNING] PIVResult has no passes for frame 72. Skipping save.
2025-11-04 16:58:51,243 [ERROR] PIV processing failed: [Errno None] None
2025-11-04 16:58:51,250 [WARNING] PIVResult has no passes for frame 73. Skipping save.
2025-11-04 16:58:51,266 [WARNING] PIVResult has no passes for frame 74. Skipping save.
2025-11-04 16:58:51,267 [WARNING] PIVResult has no passes for frame 75. Skipping save.
2025-11-04 16:58:51,284 - distributed.worker - ERROR - Compute Failed
Key:       from-value-getitem-read_pair-stack-finalize-hlgfinalizecompute-32bcc12ed9f046e3a87604607b76a228
State:     executing
Task:  <Task 'from-value-getitem-read_pair-stack-finalize-hlgfinalizecompute-32bcc12ed9f046e3a87604607b76a228' _execute_subgraph(...)>
Exception: "FileNotFoundError('Image file not found: C:\\\\Users\\\\mtt1e23\\\\OneDrive - University of Southampton\\\\Documents\\\\#current_processing\\\\query_JHTDB\\\\Planar_Images_with_wall\\\\Cam2\\\\B00076_A.tif')"
Traceback: '  File "c:\\Users\\mtt1e23\\OneDrive - University of Southampton\\Documents\\python-PIVTOOLs\\src\\image_handling\\load_images.py", line 105, in read_pair\n    frame_a = read_image(str(file_paths[0]))\n  File "c:\\Users\\mtt1e23\\OneDrive - University of Southampton\\Documents\\python-PIVTOOLs\\src\\image_handling\\load_images.py", line 34, in read_image\n    return reader_func(file_path, **kwargs)\n  File "c:\\Users\\mtt1e23\\OneDrive - University of Southampton\\Documents\\python-PIVTOOLs\\src\\image_handling\\readers\\generic_readers.py", line 11, in read_tiff\n    raise FileNotFoundError(f"Image file not found: {file_path}")\n'

2025-11-04 16:58:51,286 - distributed.worker - ERROR - Compute Failed
Key:       from-value-getitem-read_pair-stack-finalize-hlgfinalizecompute-42c3fdaa17054c40a168d5f793d76634
State:     executing
Task:  <Task 'from-value-getitem-read_pair-stack-finalize-hlgfinalizecompute-42c3fdaa17054c40a168d5f793d76634' _execute_subgraph(...)>
Exception: "FileNotFoundError('Image file not found: C:\\\\Users\\\\mtt1e23\\\\OneDrive - University of Southampton\\\\Documents\\\\#current_processing\\\\query_JHTDB\\\\Planar_Images_with_wall\\\\Cam2\\\\B00077_A.tif')"
Traceback: '  File "c:\\Users\\mtt1e23\\OneDrive - University of Southampton\\Documents\\python-PIVTOOLs\\src\\image_handling\\load_images.py", line 105, in read_pair\n    frame_a = read_image(str(file_paths[0]))\n  File "c:\\Users\\mtt1e23\\OneDrive - University of Southampton\\Documents\\python-PIVTOOLs\\src\\image_handling\\load_images.py", line 34, in read_image\n    return reader_func(file_path, **kwargs)\n  File "c:\\Users\\mtt1e23\\OneDrive - University of Southampton\\Documents\\python-PIVTOOLs\\src\\image_handling\\readers\\generic_readers.py", line 11, in read_tiff\n    raise FileNotFoundError(f"Image file not found: {file_path}")\n'

2025-11-04 16:58:51,286 [ERROR] PIV processing failed: [Errno None] None
2025-11-04 16:58:51,289 - distributed.worker - ERROR - Compute Failed
Key:       from-value-getitem-read_pair-stack-finalize-hlgfinalizecompute-aab035bee7ff47849fb433dbd0f1e76f
State:     executing
Task:  <Task 'from-value-getitem-read_pair-stack-finalize-hlgfinalizecompute-aab035bee7ff47849fb433dbd0f1e76f' _execute_subgraph(...)>
Exception: "FileNotFoundError('Image file not found: C:\\\\Users\\\\mtt1e23\\\\OneDrive - University of Southampton\\\\Documents\\\\#current_processing\\\\query_JHTDB\\\\Planar_Images_with_wall\\\\Cam2\\\\B00078_A.tif')"
Traceback: '  File "c:\\Users\\mtt1e23\\OneDrive - University of Southampton\\Documents\\python-PIVTOOLs\\src\\image_handling\\load_images.py", line 105, in read_pair\n    frame_a = read_image(str(file_paths[0]))\n  File "c:\\Users\\mtt1e23\\OneDrive - University of Southampton\\Documents\\python-PIVTOOLs\\src\\image_handling\\load_images.py", line 34, in read_image\n    return reader_func(file_path, **kwargs)\n  File "c:\\Users\\mtt1e23\\OneDrive - University of Southampton\\Documents\\python-PIVTOOLs\\src\\image_handling\\readers\\generic_readers.py", line 11, in read_tiff\n    raise FileNotFoundError(f"Image file not found: {file_path}")\n'

2025-11-04 16:58:51,289 [ERROR] PIV processing failed: [Errno None] None
2025-11-04 16:58:51,290 [ERROR] PIV processing failed: [Errno None] None
2025-11-04 16:58:51,299 - distributed.worker - ERROR - Compute Failed
Key:       from-value-getitem-read_pair-stack-finalize-hlgfinalizecompute-6635546949004718ae182a25f5a75da2
State:     executing
Task:  <Task 'from-value-getitem-read_pair-stack-finalize-hlgfinalizecompute-6635546949004718ae182a25f5a75da2' _execute_subgraph(...)>
Exception: "FileNotFoundError('Image file not found: C:\\\\Users\\\\mtt1e23\\\\OneDrive - University of Southampton\\\\Documents\\\\#current_processing\\\\query_JHTDB\\\\Planar_Images_with_wall\\\\Cam2\\\\B00080_A.tif')"
Traceback: '  File "c:\\Users\\mtt1e23\\OneDrive - University of Southampton\\Documents\\python-PIVTOOLs\\src\\image_handling\\load_images.py", line 105, in read_pair\n    frame_a = read_image(str(file_paths[0]))\n  File "c:\\Users\\mtt1e23\\OneDrive - University of Southampton\\Documents\\python-PIVTOOLs\\src\\image_handling\\load_images.py", line 34, in read_image\n    return reader_func(file_path, **kwargs)\n  File "c:\\Users\\mtt1e23\\OneDrive - University of Southampton\\Documents\\python-PIVTOOLs\\src\\image_handling\\readers\\generic_readers.py", line 11, in read_tiff\n    raise FileNotFoundError(f"Image file not found: {file_path}")\n'

2025-11-04 16:58:51,299 [WARNING] PIVResult has no passes for frame 76. Skipping save.
2025-11-04 16:58:51,300 [ERROR] PIV processing failed: [Errno None] None
2025-11-04 16:58:51,313 [WARNING] PIVResult has no passes for frame 77. Skipping save.
2025-11-04 16:58:51,315 [WARNING] PIVResult has no passes for frame 78. Skipping save.
2025-11-04 16:58:51,330 [WARNING] PIVResult has no passes for frame 80. Skipping save.
2025-11-04 16:58:51,346 - distributed.worker - ERROR - Compute Failed
Key:       from-value-getitem-read_pair-stack-finalize-hlgfinalizecompute-eed3b1506c434c9dbba3f2bd5db4f320
State:     executing
Task:  <Task 'from-value-getitem-read_pair-stack-finalize-hlgfinalizecompute-eed3b1506c434c9dbba3f2bd5db4f320' _execute_subgraph(...)>
Exception: "FileNotFoundError('Image file not found: C:\\\\Users\\\\mtt1e23\\\\OneDrive - University of Southampton\\\\Documents\\\\#current_processing\\\\query_JHTDB\\\\Planar_Images_with_wall\\\\Cam2\\\\B00079_A.tif')"
Traceback: '  File "c:\\Users\\mtt1e23\\OneDrive - University of Southampton\\Documents\\python-PIVTOOLs\\src\\image_handling\\load_images.py", line 105, in read_pair\n    frame_a = read_image(str(file_paths[0]))\n  File "c:\\Users\\mtt1e23\\OneDrive - University of Southampton\\Documents\\python-PIVTOOLs\\src\\image_handling\\load_images.py", line 34, in read_image\n    return reader_func(file_path, **kwargs)\n  File "c:\\Users\\mtt1e23\\OneDrive - University of Southampton\\Documents\\python-PIVTOOLs\\src\\image_handling\\readers\\generic_readers.py", line 11, in read_tiff\n    raise FileNotFoundError(f"Image file not found: {file_path}")\n'

2025-11-04 16:58:51,364 - distributed.worker - ERROR - Compute Failed
Key:       from-value-getitem-read_pair-stack-finalize-hlgfinalizecompute-0d030befc4e24db78a1dd183d65e8d9c
State:     executing
Task:  <Task 'from-value-getitem-read_pair-stack-finalize-hlgfinalizecompute-0d030befc4e24db78a1dd183d65e8d9c' _execute_subgraph(...)>
Exception: "FileNotFoundError('Image file not found: C:\\\\Users\\\\mtt1e23\\\\OneDrive - University of Southampton\\\\Documents\\\\#current_processing\\\\query_JHTDB\\\\Planar_Images_with_wall\\\\Cam2\\\\B00081_A.tif')"
Traceback: '  File "c:\\Users\\mtt1e23\\OneDrive - University of Southampton\\Documents\\python-PIVTOOLs\\src\\image_handling\\load_images.py", line 105, in read_pair\n    frame_a = read_image(str(file_paths[0]))\n  File "c:\\Users\\mtt1e23\\OneDrive - University of Southampton\\Documents\\python-PIVTOOLs\\src\\image_handling\\load_images.py", line 34, in read_image\n    return reader_func(file_path, **kwargs)\n  File "c:\\Users\\mtt1e23\\OneDrive - University of Southampton\\Documents\\python-PIVTOOLs\\src\\image_handling\\readers\\generic_readers.py", line 11, in read_tiff\n    raise FileNotFoundError(f"Image file not found: {file_path}")\n'

2025-11-04 16:58:51,364 [ERROR] PIV processing failed: [Errno None] None
2025-11-04 16:58:51,367 - distributed.worker - ERROR - Compute Failed
Key:       from-value-getitem-read_pair-stack-finalize-hlgfinalizecompute-c92ab036e334432f89c3770648c293b9
State:     executing
Task:  <Task 'from-value-getitem-read_pair-stack-finalize-hlgfinalizecompute-c92ab036e334432f89c3770648c293b9' _execute_subgraph(...)>
Exception: "FileNotFoundError('Image file not found: C:\\\\Users\\\\mtt1e23\\\\OneDrive - University of Southampton\\\\Documents\\\\#current_processing\\\\query_JHTDB\\\\Planar_Images_with_wall\\\\Cam2\\\\B00082_A.tif')"
Traceback: '  File "c:\\Users\\mtt1e23\\OneDrive - University of Southampton\\Documents\\python-PIVTOOLs\\src\\image_handling\\load_images.py", line 105, in read_pair\n    frame_a = read_image(str(file_paths[0]))\n  File "c:\\Users\\mtt1e23\\OneDrive - University of Southampton\\Documents\\python-PIVTOOLs\\src\\image_handling\\load_images.py", line 34, in read_image\n    return reader_func(file_path, **kwargs)\n  File "c:\\Users\\mtt1e23\\OneDrive - University of Southampton\\Documents\\python-PIVTOOLs\\src\\image_handling\\readers\\generic_readers.py", line 11, in read_tiff\n    raise FileNotFoundError(f"Image file not found: {file_path}")\n'

2025-11-04 16:58:51,367 [ERROR] PIV processing failed: [Errno None] None
2025-11-04 16:58:51,368 - distributed.worker - ERROR - Compute Failed
Key:       from-value-getitem-read_pair-stack-finalize-hlgfinalizecompute-e22619d17dc8476d84f5c4b5b06af34f
State:     executing
Task:  <Task 'from-value-getitem-read_pair-stack-finalize-hlgfinalizecompute-e22619d17dc8476d84f5c4b5b06af34f' _execute_subgraph(...)>
Exception: "FileNotFoundError('Image file not found: C:\\\\Users\\\\mtt1e23\\\\OneDrive - University of Southampton\\\\Documents\\\\#current_processing\\\\query_JHTDB\\\\Planar_Images_with_wall\\\\Cam2\\\\B00083_A.tif')"
Traceback: '  File "c:\\Users\\mtt1e23\\OneDrive - University of Southampton\\Documents\\python-PIVTOOLs\\src\\image_handling\\load_images.py", line 105, in read_pair\n    frame_a = read_image(str(file_paths[0]))\n  File "c:\\Users\\mtt1e23\\OneDrive - University of Southampton\\Documents\\python-PIVTOOLs\\src\\image_handling\\load_images.py", line 34, in read_image\n    return reader_func(file_path, **kwargs)\n  File "c:\\Users\\mtt1e23\\OneDrive - University of Southampton\\Documents\\python-PIVTOOLs\\src\\image_handling\\readers\\generic_readers.py", line 11, in read_tiff\n    raise FileNotFoundError(f"Image file not found: {file_path}")\n'

2025-11-04 16:58:51,377 [WARNING] PIVResult has no passes for frame 79. Skipping save.
2025-11-04 16:58:51,377 [ERROR] PIV processing failed: [Errno None] None
2025-11-04 16:58:51,378 [ERROR] PIV processing failed: [Errno None] None
2025-11-04 16:58:51,400 [WARNING] PIVResult has no passes for frame 81. Skipping save.
2025-11-04 16:58:51,402 - distributed.worker - ERROR - Compute Failed
Key:       from-value-getitem-read_pair-stack-finalize-hlgfinalizecompute-d91639a01e1c440b8c83db725ee04a89
State:     executing
Task:  <Task 'from-value-getitem-read_pair-stack-finalize-hlgfinalizecompute-d91639a01e1c440b8c83db725ee04a89' _execute_subgraph(...)>
Exception: "FileNotFoundError('Image file not found: C:\\\\Users\\\\mtt1e23\\\\OneDrive - University of Southampton\\\\Documents\\\\#current_processing\\\\query_JHTDB\\\\Planar_Images_with_wall\\\\Cam2\\\\B00084_A.tif')"
Traceback: '  File "c:\\Users\\mtt1e23\\OneDrive - University of Southampton\\Documents\\python-PIVTOOLs\\src\\image_handling\\load_images.py", line 105, in read_pair\n    frame_a = read_image(str(file_paths[0]))\n  File "c:\\Users\\mtt1e23\\OneDrive - University of Southampton\\Documents\\python-PIVTOOLs\\src\\image_handling\\load_images.py", line 34, in read_image\n    return reader_func(file_path, **kwargs)\n  File "c:\\Users\\mtt1e23\\OneDrive - University of Southampton\\Documents\\python-PIVTOOLs\\src\\image_handling\\readers\\generic_readers.py", line 11, in read_tiff\n    raise FileNotFoundError(f"Image file not found: {file_path}")\n'

2025-11-04 16:58:51,425 [WARNING] PIVResult has no passes for frame 83. Skipping save.
2025-11-04 16:58:51,426 [ERROR] PIV processing failed: [Errno None] None
2025-11-04 16:58:51,427 [WARNING] PIVResult has no passes for frame 82. Skipping save.
2025-11-04 16:58:51,439 - distributed.worker - ERROR - Compute Failed
Key:       from-value-getitem-read_pair-stack-finalize-hlgfinalizecompute-66ae8376263841228f8fe48d1f06db31
State:     executing
Task:  <Task 'from-value-getitem-read_pair-stack-finalize-hlgfinalizecompute-66ae8376263841228f8fe48d1f06db31' _execute_subgraph(...)>
Exception: "FileNotFoundError('Image file not found: C:\\\\Users\\\\mtt1e23\\\\OneDrive - University of Southampton\\\\Documents\\\\#current_processing\\\\query_JHTDB\\\\Planar_Images_with_wall\\\\Cam2\\\\B00085_A.tif')"
Traceback: '  File "c:\\Users\\mtt1e23\\OneDrive - University of Southampton\\Documents\\python-PIVTOOLs\\src\\image_handling\\load_images.py", line 105, in read_pair\n    frame_a = read_image(str(file_paths[0]))\n  File "c:\\Users\\mtt1e23\\OneDrive - University of Southampton\\Documents\\python-PIVTOOLs\\src\\image_handling\\load_images.py", line 34, in read_image\n    return reader_func(file_path, **kwargs)\n  File "c:\\Users\\mtt1e23\\OneDrive - University of Southampton\\Documents\\python-PIVTOOLs\\src\\image_handling\\readers\\generic_readers.py", line 11, in read_tiff\n    raise FileNotFoundError(f"Image file not found: {file_path}")\n'

2025-11-04 16:58:51,440 [WARNING] PIVResult has no passes for frame 84. Skipping save.
2025-11-04 16:58:51,456 [ERROR] PIV processing failed: [Errno None] None
2025-11-04 16:58:51,478 - distributed.worker - ERROR - Compute Failed
Key:       from-value-getitem-read_pair-stack-finalize-hlgfinalizecompute-871c0f6064e14ec281a8efcebfc9b7d0
State:     executing
Task:  <Task 'from-value-getitem-read_pair-stack-finalize-hlgfinalizecompute-871c0f6064e14ec281a8efcebfc9b7d0' _execute_subgraph(...)>
Exception: "FileNotFoundError('Image file not found: C:\\\\Users\\\\mtt1e23\\\\OneDrive - University of Southampton\\\\Documents\\\\#current_processing\\\\query_JHTDB\\\\Planar_Images_with_wall\\\\Cam2\\\\B00086_A.tif')"
Traceback: '  File "c:\\Users\\mtt1e23\\OneDrive - University of Southampton\\Documents\\python-PIVTOOLs\\src\\image_handling\\load_images.py", line 105, in read_pair\n    frame_a = read_image(str(file_paths[0]))\n  File "c:\\Users\\mtt1e23\\OneDrive - University of Southampton\\Documents\\python-PIVTOOLs\\src\\image_handling\\load_images.py", line 34, in read_image\n    return reader_func(file_path, **kwargs)\n  File "c:\\Users\\mtt1e23\\OneDrive - University of Southampton\\Documents\\python-PIVTOOLs\\src\\image_handling\\readers\\generic_readers.py", line 11, in read_tiff\n    raise FileNotFoundError(f"Image file not found: {file_path}")\n'

2025-11-04 16:58:51,481 - distributed.worker - ERROR - Compute Failed
Key:       from-value-getitem-read_pair-stack-finalize-hlgfinalizecompute-daa8fbe3b79a4d7591a030c3242b13f1
State:     executing
Task:  <Task 'from-value-getitem-read_pair-stack-finalize-hlgfinalizecompute-daa8fbe3b79a4d7591a030c3242b13f1' _execute_subgraph(...)>
Exception: "FileNotFoundError('Image file not found: C:\\\\Users\\\\mtt1e23\\\\OneDrive - University of Southampton\\\\Documents\\\\#current_processing\\\\query_JHTDB\\\\Planar_Images_with_wall\\\\Cam2\\\\B00088_A.tif')"
Traceback: '  File "c:\\Users\\mtt1e23\\OneDrive - University of Southampton\\Documents\\python-PIVTOOLs\\src\\image_handling\\load_images.py", line 105, in read_pair\n    frame_a = read_image(str(file_paths[0]))\n  File "c:\\Users\\mtt1e23\\OneDrive - University of Southampton\\Documents\\python-PIVTOOLs\\src\\image_handling\\load_images.py", line 34, in read_image\n    return reader_func(file_path, **kwargs)\n  File "c:\\Users\\mtt1e23\\OneDrive - University of Southampton\\Documents\\python-PIVTOOLs\\src\\image_handling\\readers\\generic_readers.py", line 11, in read_tiff\n    raise FileNotFoundError(f"Image file not found: {file_path}")\n'

2025-11-04 16:58:51,481 [ERROR] PIV processing failed: [Errno None] None
2025-11-04 16:58:51,483 [WARNING] PIVResult has no passes for frame 85. Skipping save.
2025-11-04 16:58:51,483 [ERROR] PIV processing failed: [Errno None] None
2025-11-04 16:58:51,503 - distributed.worker - ERROR - Compute Failed
Key:       from-value-getitem-read_pair-stack-finalize-hlgfinalizecompute-cc44a04629eb4f1693bbc972edbab00c
State:     executing
Task:  <Task 'from-value-getitem-read_pair-stack-finalize-hlgfinalizecompute-cc44a04629eb4f1693bbc972edbab00c' _execute_subgraph(...)>
Exception: "FileNotFoundError('Image file not found: C:\\\\Users\\\\mtt1e23\\\\OneDrive - University of Southampton\\\\Documents\\\\#current_processing\\\\query_JHTDB\\\\Planar_Images_with_wall\\\\Cam2\\\\B00087_A.tif')"
Traceback: '  File "c:\\Users\\mtt1e23\\OneDrive - University of Southampton\\Documents\\python-PIVTOOLs\\src\\image_handling\\load_images.py", line 105, in read_pair\n    frame_a = read_image(str(file_paths[0]))\n  File "c:\\Users\\mtt1e23\\OneDrive - University of Southampton\\Documents\\python-PIVTOOLs\\src\\image_handling\\load_images.py", line 34, in read_image\n    return reader_func(file_path, **kwargs)\n  File "c:\\Users\\mtt1e23\\OneDrive - University of Southampton\\Documents\\python-PIVTOOLs\\src\\image_handling\\readers\\generic_readers.py", line 11, in read_tiff\n    raise FileNotFoundError(f"Image file not found: {file_path}")\n'

2025-11-04 16:58:51,503 [WARNING] PIVResult has no passes for frame 86. Skipping save.
2025-11-04 16:58:51,507 [WARNING] PIVResult has no passes for frame 88. Skipping save.
2025-11-04 16:58:51,508 [ERROR] PIV processing failed: [Errno None] None
2025-11-04 16:58:51,518 - distributed.worker - ERROR - Compute Failed
Key:       from-value-getitem-read_pair-stack-finalize-hlgfinalizecompute-db182b382ea84213adb0460c075e5c2c
State:     executing
Task:  <Task 'from-value-getitem-read_pair-stack-finalize-hlgfinalizecompute-db182b382ea84213adb0460c075e5c2c' _execute_subgraph(...)>
Exception: "FileNotFoundError('Image file not found: C:\\\\Users\\\\mtt1e23\\\\OneDrive - University of Southampton\\\\Documents\\\\#current_processing\\\\query_JHTDB\\\\Planar_Images_with_wall\\\\Cam2\\\\B00089_A.tif')"
Traceback: '  File "c:\\Users\\mtt1e23\\OneDrive - University of Southampton\\Documents\\python-PIVTOOLs\\src\\image_handling\\load_images.py", line 105, in read_pair\n    frame_a = read_image(str(file_paths[0]))\n  File "c:\\Users\\mtt1e23\\OneDrive - University of Southampton\\Documents\\python-PIVTOOLs\\src\\image_handling\\load_images.py", line 34, in read_image\n    return reader_func(file_path, **kwargs)\n  File "c:\\Users\\mtt1e23\\OneDrive - University of Southampton\\Documents\\python-PIVTOOLs\\src\\image_handling\\readers\\generic_readers.py", line 11, in read_tiff\n    raise FileNotFoundError(f"Image file not found: {file_path}")\n'

2025-11-04 16:58:51,536 - distributed.worker - ERROR - Compute Failed
Key:       from-value-getitem-read_pair-stack-finalize-hlgfinalizecompute-571934767daa41b9bf3232c1b4e7d454
State:     executing
Task:  <Task 'from-value-getitem-read_pair-stack-finalize-hlgfinalizecompute-571934767daa41b9bf3232c1b4e7d454' _execute_subgraph(...)>
Exception: "FileNotFoundError('Image file not found: C:\\\\Users\\\\mtt1e23\\\\OneDrive - University of Southampton\\\\Documents\\\\#current_processing\\\\query_JHTDB\\\\Planar_Images_with_wall\\\\Cam2\\\\B00090_A.tif')"
Traceback: '  File "c:\\Users\\mtt1e23\\OneDrive - University of Southampton\\Documents\\python-PIVTOOLs\\src\\image_handling\\load_images.py", line 105, in read_pair\n    frame_a = read_image(str(file_paths[0]))\n  File "c:\\Users\\mtt1e23\\OneDrive - University of Southampton\\Documents\\python-PIVTOOLs\\src\\image_handling\\load_images.py", line 34, in read_image\n    return reader_func(file_path, **kwargs)\n  File "c:\\Users\\mtt1e23\\OneDrive - University of Southampton\\Documents\\python-PIVTOOLs\\src\\image_handling\\readers\\generic_readers.py", line 11, in read_tiff\n    raise FileNotFoundError(f"Image file not found: {file_path}")\n'

2025-11-04 16:58:51,536 [ERROR] PIV processing failed: [Errno None] None
2025-11-04 16:58:51,537 [WARNING] PIVResult has no passes for frame 87. Skipping save.
2025-11-04 16:58:51,540 - distributed.worker - ERROR - Compute Failed
Key:       from-value-getitem-read_pair-stack-finalize-hlgfinalizecompute-ae7e8c69f59e4fde962019c27b939f80
State:     executing
Task:  <Task 'from-value-getitem-read_pair-stack-finalize-hlgfinalizecompute-ae7e8c69f59e4fde962019c27b939f80' _execute_subgraph(...)>
Exception: "FileNotFoundError('Image file not found: C:\\\\Users\\\\mtt1e23\\\\OneDrive - University of Southampton\\\\Documents\\\\#current_processing\\\\query_JHTDB\\\\Planar_Images_with_wall\\\\Cam2\\\\B00091_A.tif')"
Traceback: '  File "c:\\Users\\mtt1e23\\OneDrive - University of Southampton\\Documents\\python-PIVTOOLs\\src\\image_handling\\load_images.py", line 105, in read_pair\n    frame_a = read_image(str(file_paths[0]))\n  File "c:\\Users\\mtt1e23\\OneDrive - University of Southampton\\Documents\\python-PIVTOOLs\\src\\image_handling\\load_images.py", line 34, in read_image\n    return reader_func(file_path, **kwargs)\n  File "c:\\Users\\mtt1e23\\OneDrive - University of Southampton\\Documents\\python-PIVTOOLs\\src\\image_handling\\readers\\generic_readers.py", line 11, in read_tiff\n    raise FileNotFoundError(f"Image file not found: {file_path}")\n'

2025-11-04 16:58:51,540 [ERROR] PIV processing failed: [Errno None] None
2025-11-04 16:58:51,541 [WARNING] PIVResult has no passes for frame 89. Skipping save.
2025-11-04 16:58:51,551 - distributed.worker - ERROR - Compute Failed
Key:       from-value-getitem-read_pair-stack-finalize-hlgfinalizecompute-092eff04e53942fdaffb426932ca3a04
State:     executing
Task:  <Task 'from-value-getitem-read_pair-stack-finalize-hlgfinalizecompute-092eff04e53942fdaffb426932ca3a04' _execute_subgraph(...)>
Exception: "FileNotFoundError('Image file not found: C:\\\\Users\\\\mtt1e23\\\\OneDrive - University of Southampton\\\\Documents\\\\#current_processing\\\\query_JHTDB\\\\Planar_Images_with_wall\\\\Cam2\\\\B00092_A.tif')"
Traceback: '  File "c:\\Users\\mtt1e23\\OneDrive - University of Southampton\\Documents\\python-PIVTOOLs\\src\\image_handling\\load_images.py", line 105, in read_pair\n    frame_a = read_image(str(file_paths[0]))\n  File "c:\\Users\\mtt1e23\\OneDrive - University of Southampton\\Documents\\python-PIVTOOLs\\src\\image_handling\\load_images.py", line 34, in read_image\n    return reader_func(file_path, **kwargs)\n  File "c:\\Users\\mtt1e23\\OneDrive - University of Southampton\\Documents\\python-PIVTOOLs\\src\\image_handling\\readers\\generic_readers.py", line 11, in read_tiff\n    raise FileNotFoundError(f"Image file not found: {file_path}")\n'

2025-11-04 16:58:51,551 [ERROR] PIV processing failed: [Errno None] None
2025-11-04 16:58:51,552 [WARNING] PIVResult has no passes for frame 90. Skipping save.
2025-11-04 16:58:51,553 [ERROR] PIV processing failed: [Errno None] None
2025-11-04 16:58:51,565 - distributed.worker - ERROR - Compute Failed
Key:       from-value-getitem-read_pair-stack-finalize-hlgfinalizecompute-df627de79dbc45c8a1b16ec89943e7ab
State:     executing
Task:  <Task 'from-value-getitem-read_pair-stack-finalize-hlgfinalizecompute-df627de79dbc45c8a1b16ec89943e7ab' _execute_subgraph(...)>
Exception: "FileNotFoundError('Image file not found: C:\\\\Users\\\\mtt1e23\\\\OneDrive - University of Southampton\\\\Documents\\\\#current_processing\\\\query_JHTDB\\\\Planar_Images_with_wall\\\\Cam2\\\\B00093_A.tif')"
Traceback: '  File "c:\\Users\\mtt1e23\\OneDrive - University of Southampton\\Documents\\python-PIVTOOLs\\src\\image_handling\\load_images.py", line 105, in read_pair\n    frame_a = read_image(str(file_paths[0]))\n  File "c:\\Users\\mtt1e23\\OneDrive - University of Southampton\\Documents\\python-PIVTOOLs\\src\\image_handling\\load_images.py", line 34, in read_image\n    return reader_func(file_path, **kwargs)\n  File "c:\\Users\\mtt1e23\\OneDrive - University of Southampton\\Documents\\python-PIVTOOLs\\src\\image_handling\\readers\\generic_readers.py", line 11, in read_tiff\n    raise FileNotFoundError(f"Image file not found: {file_path}")\n'

2025-11-04 16:58:51,566 [WARNING] PIVResult has no passes for frame 91. Skipping save.
2025-11-04 16:58:51,567 [ERROR] PIV processing failed: [Errno None] None
2025-11-04 16:58:51,580 [WARNING] PIVResult has no passes for frame 92. Skipping save.
2025-11-04 16:58:51,598 - distributed.worker - ERROR - Compute Failed
Key:       from-value-getitem-read_pair-stack-finalize-hlgfinalizecompute-b59ac14c33f04e78b7e55c413c736c7e
State:     executing
Task:  <Task 'from-value-getitem-read_pair-stack-finalize-hlgfinalizecompute-b59ac14c33f04e78b7e55c413c736c7e' _execute_subgraph(...)>
Exception: "FileNotFoundError('Image file not found: C:\\\\Users\\\\mtt1e23\\\\OneDrive - University of Southampton\\\\Documents\\\\#current_processing\\\\query_JHTDB\\\\Planar_Images_with_wall\\\\Cam2\\\\B00094_A.tif')"
Traceback: '  File "c:\\Users\\mtt1e23\\OneDrive - University of Southampton\\Documents\\python-PIVTOOLs\\src\\image_handling\\load_images.py", line 105, in read_pair\n    frame_a = read_image(str(file_paths[0]))\n  File "c:\\Users\\mtt1e23\\OneDrive - University of Southampton\\Documents\\python-PIVTOOLs\\src\\image_handling\\load_images.py", line 34, in read_image\n    return reader_func(file_path, **kwargs)\n  File "c:\\Users\\mtt1e23\\OneDrive - University of Southampton\\Documents\\python-PIVTOOLs\\src\\image_handling\\readers\\generic_readers.py", line 11, in read_tiff\n    raise FileNotFoundError(f"Image file not found: {file_path}")\n'

2025-11-04 16:58:51,599 [WARNING] PIVResult has no passes for frame 93. Skipping save.
2025-11-04 16:58:51,612 [ERROR] PIV processing failed: [Errno None] None
2025-11-04 16:58:51,629 - distributed.worker - ERROR - Compute Failed
Key:       from-value-getitem-read_pair-stack-finalize-hlgfinalizecompute-2d641103f1a1478ea7864b275626066d
State:     executing
Task:  <Task 'from-value-getitem-read_pair-stack-finalize-hlgfinalizecompute-2d641103f1a1478ea7864b275626066d' _execute_subgraph(...)>
Exception: "FileNotFoundError('Image file not found: C:\\\\Users\\\\mtt1e23\\\\OneDrive - University of Southampton\\\\Documents\\\\#current_processing\\\\query_JHTDB\\\\Planar_Images_with_wall\\\\Cam2\\\\B00095_A.tif')"
Traceback: '  File "c:\\Users\\mtt1e23\\OneDrive - University of Southampton\\Documents\\python-PIVTOOLs\\src\\image_handling\\load_images.py", line 105, in read_pair\n    frame_a = read_image(str(file_paths[0]))\n  File "c:\\Users\\mtt1e23\\OneDrive - University of Southampton\\Documents\\python-PIVTOOLs\\src\\image_handling\\load_images.py", line 34, in read_image\n    return reader_func(file_path, **kwargs)\n  File "c:\\Users\\mtt1e23\\OneDrive - University of Southampton\\Documents\\python-PIVTOOLs\\src\\image_handling\\readers\\generic_readers.py", line 11, in read_tiff\n    raise FileNotFoundError(f"Image file not found: {file_path}")\n'

2025-11-04 16:58:51,631 - distributed.worker - ERROR - Compute Failed
Key:       from-value-getitem-read_pair-stack-finalize-hlgfinalizecompute-0d9c78571aa54fd192bfda3e28c8e506
State:     executing
Task:  <Task 'from-value-getitem-read_pair-stack-finalize-hlgfinalizecompute-0d9c78571aa54fd192bfda3e28c8e506' _execute_subgraph(...)>
Exception: "FileNotFoundError('Image file not found: C:\\\\Users\\\\mtt1e23\\\\OneDrive - University of Southampton\\\\Documents\\\\#current_processing\\\\query_JHTDB\\\\Planar_Images_with_wall\\\\Cam2\\\\B00096_A.tif')"
Traceback: '  File "c:\\Users\\mtt1e23\\OneDrive - University of Southampton\\Documents\\python-PIVTOOLs\\src\\image_handling\\load_images.py", line 105, in read_pair\n    frame_a = read_image(str(file_paths[0]))\n  File "c:\\Users\\mtt1e23\\OneDrive - University of Southampton\\Documents\\python-PIVTOOLs\\src\\image_handling\\load_images.py", line 34, in read_image\n    return reader_func(file_path, **kwargs)\n  File "c:\\Users\\mtt1e23\\OneDrive - University of Southampton\\Documents\\python-PIVTOOLs\\src\\image_handling\\readers\\generic_readers.py", line 11, in read_tiff\n    raise FileNotFoundError(f"Image file not found: {file_path}")\n'

2025-11-04 16:58:51,634 [WARNING] PIVResult has no passes for frame 94. Skipping save.
2025-11-04 16:58:51,635 [ERROR] PIV processing failed: [Errno None] None
2025-11-04 16:58:51,635 [ERROR] PIV processing failed: [Errno None] None
2025-11-04 16:58:51,637 - distributed.worker - ERROR - Compute Failed
Key:       from-value-getitem-read_pair-stack-finalize-hlgfinalizecompute-8d87b5f0f98e486894bbd1a91fe5f16d
State:     executing
Task:  <Task 'from-value-getitem-read_pair-stack-finalize-hlgfinalizecompute-8d87b5f0f98e486894bbd1a91fe5f16d' _execute_subgraph(...)>
Exception: "FileNotFoundError('Image file not found: C:\\\\Users\\\\mtt1e23\\\\OneDrive - University of Southampton\\\\Documents\\\\#current_processing\\\\query_JHTDB\\\\Planar_Images_with_wall\\\\Cam2\\\\B00097_A.tif')"
Traceback: '  File "c:\\Users\\mtt1e23\\OneDrive - University of Southampton\\Documents\\python-PIVTOOLs\\src\\image_handling\\load_images.py", line 105, in read_pair\n    frame_a = read_image(str(file_paths[0]))\n  File "c:\\Users\\mtt1e23\\OneDrive - University of Southampton\\Documents\\python-PIVTOOLs\\src\\image_handling\\load_images.py", line 34, in read_image\n    return reader_func(file_path, **kwargs)\n  File "c:\\Users\\mtt1e23\\OneDrive - University of Southampton\\Documents\\python-PIVTOOLs\\src\\image_handling\\readers\\generic_readers.py", line 11, in read_tiff\n    raise FileNotFoundError(f"Image file not found: {file_path}")\n'

2025-11-04 16:58:51,639 - distributed.worker - ERROR - Compute Failed
Key:       from-value-getitem-read_pair-stack-finalize-hlgfinalizecompute-31a7e5c0c8fe413895d63ff986302bcc
State:     executing
Task:  <Task 'from-value-getitem-read_pair-stack-finalize-hlgfinalizecompute-31a7e5c0c8fe413895d63ff986302bcc' _execute_subgraph(...)>
Exception: "FileNotFoundError('Image file not found: C:\\\\Users\\\\mtt1e23\\\\OneDrive - University of Southampton\\\\Documents\\\\#current_processing\\\\query_JHTDB\\\\Planar_Images_with_wall\\\\Cam2\\\\B00098_A.tif')"
Traceback: '  File "c:\\Users\\mtt1e23\\OneDrive - University of Southampton\\Documents\\python-PIVTOOLs\\src\\image_handling\\load_images.py", line 105, in read_pair\n    frame_a = read_image(str(file_paths[0]))\n  File "c:\\Users\\mtt1e23\\OneDrive - University of Southampton\\Documents\\python-PIVTOOLs\\src\\image_handling\\load_images.py", line 34, in read_image\n    return reader_func(file_path, **kwargs)\n  File "c:\\Users\\mtt1e23\\OneDrive - University of Southampton\\Documents\\python-PIVTOOLs\\src\\image_handling\\readers\\generic_readers.py", line 11, in read_tiff\n    raise FileNotFoundError(f"Image file not found: {file_path}")\n'

2025-11-04 16:58:51,639 [WARNING] PIVResult has no passes for frame 95. Skipping save.
2025-11-04 16:58:51,641 [ERROR] PIV processing failed: [Errno None] None
2025-11-04 16:58:51,641 [ERROR] PIV processing failed: [Errno None] None
2025-11-04 16:58:51,643 [WARNING] PIVResult has no passes for frame 96. Skipping save.
2025-11-04 16:58:51,646 - distributed.worker - ERROR - Compute Failed
Key:       from-value-getitem-read_pair-stack-finalize-hlgfinalizecompute-2caa6e817ccc4cb3ae5dcb563453435c
State:     executing
Task:  <Task 'from-value-getitem-read_pair-stack-finalize-hlgfinalizecompute-2caa6e817ccc4cb3ae5dcb563453435c' _execute_subgraph(...)>
Exception: "FileNotFoundError('Image file not found: C:\\\\Users\\\\mtt1e23\\\\OneDrive - University of Southampton\\\\Documents\\\\#current_processing\\\\query_JHTDB\\\\Planar_Images_with_wall\\\\Cam2\\\\B00099_A.tif')"
Traceback: '  File "c:\\Users\\mtt1e23\\OneDrive - University of Southampton\\Documents\\python-PIVTOOLs\\src\\image_handling\\load_images.py", line 105, in read_pair\n    frame_a = read_image(str(file_paths[0]))\n  File "c:\\Users\\mtt1e23\\OneDrive - University of Southampton\\Documents\\python-PIVTOOLs\\src\\image_handling\\load_images.py", line 34, in read_image\n    return reader_func(file_path, **kwargs)\n  File "c:\\Users\\mtt1e23\\OneDrive - University of Southampton\\Documents\\python-PIVTOOLs\\src\\image_handling\\readers\\generic_readers.py", line 11, in read_tiff\n    raise FileNotFoundError(f"Image file not found: {file_path}")\n'

2025-11-04 16:58:51,646 [WARNING] PIVResult has no passes for frame 98. Skipping save.
2025-11-04 16:58:51,648 [ERROR] PIV processing failed: [Errno None] None
2025-11-04 16:58:51,649 [WARNING] PIVResult has no passes for frame 97. Skipping save.
2025-11-04 16:58:51,651 - distributed.worker - ERROR - Compute Failed
Key:       from-value-getitem-read_pair-stack-finalize-hlgfinalizecompute-629ea5f5894843cab7e557792f755b7e
State:     executing
Task:  <Task 'from-value-getitem-read_pair-stack-finalize-hlgfinalizecompute-629ea5f5894843cab7e557792f755b7e' _execute_subgraph(...)>
Exception: "FileNotFoundError('Image file not found: C:\\\\Users\\\\mtt1e23\\\\OneDrive - University of Southampton\\\\Documents\\\\#current_processing\\\\query_JHTDB\\\\Planar_Images_with_wall\\\\Cam2\\\\B00100_A.tif')"
Traceback: '  File "c:\\Users\\mtt1e23\\OneDrive - University of Southampton\\Documents\\python-PIVTOOLs\\src\\image_handling\\load_images.py", line 105, in read_pair\n    frame_a = read_image(str(file_paths[0]))\n  File "c:\\Users\\mtt1e23\\OneDrive - University of Southampton\\Documents\\python-PIVTOOLs\\src\\image_handling\\load_images.py", line 34, in read_image\n    return reader_func(file_path, **kwargs)\n  File "c:\\Users\\mtt1e23\\OneDrive - University of Southampton\\Documents\\python-PIVTOOLs\\src\\image_handling\\readers\\generic_readers.py", line 11, in read_tiff\n    raise FileNotFoundError(f"Image file not found: {file_path}")\n'

2025-11-04 16:58:51,660 [WARNING] PIVResult has no passes for frame 99. Skipping save.
2025-11-04 16:58:51,661 [ERROR] PIV processing failed: [Errno None] None
2025-11-04 16:58:51,680 [WARNING] PIVResult has no passes for frame 100. Skipping save.
2025-11-04 16:58:51,696 [INFO] PIV and save completed: 100 frames saved to C:\Users\mtt1e23\OneDrive - University of Southampton\Documents\#current_processing\query_JHTDB\Planar_Images_with_wall\uncalibrated_piv\100\Cam2\instantaneous
2025-11-04 16:58:51,697 [INFO] Coordinates saved to C:\Users\mtt1e23\OneDrive - University of Southampton\Documents\#current_processing\query_JHTDB\Planar_Images_with_wall\uncalibrated_piv\100\Cam2\instantaneous
Total elapsed time: 28.63 seconds

  Max threads: 5
  Max threads: 5
  Max threads: 5
  Max threads: 5
  Max threads: 5
  Max threads: 5
  Max threads: 5
  Max threads: 5
  Max threads: 5
  Max threads: 5
  Max threads: 5
  Max threads: 5
  Max threads: 5
  Max threads: 5
  Max threads: 5
  Max threads: 5
  Max threads: 5
  Max threads: 5
  Max threads: 5
  Max threads: 5
  Max threads: 5
  Max threads: 5
  Max threads: 5
  Max threads: 5
  Max threads: 5
  Max threads: 5
  Max threads: 5
  Max threads: 5
  Max threads: 5
  Max threads: 5
  Max threads: 5
  Max threads: 5
  Max threads: 5
  Max threads: 5
  Max threads: 5
  Max threads: 5
  Max threads: 5
  Max threads: 5
  Max threads: 5
  Max threads: 5
  Max threads: 5
  Max threads: 5
  Max threads: 5
  Max threads: 5
  Max threads: 5
  Max threads: 5
  Max threads: 5
  Max threads: 5
  Max threads: 5
  Max threads: 5
  Max threads: 5
  Max threads: 5
  Max threads: 5
  Max threads: 5
  Max threads: 5
  Max threads: 5
  Max threads: 5
  Max threads: 5
  Max threads: 5
