2025-11-04 17:01:50,976 [INFO] Logging initialized. Level: INFO, File: pypiv.log
2025-11-04 17:01:53,698 [INFO] Logging initialized. Level: INFO, File: pypiv.log
2025-11-04 17:01:53,955 [INFO] Worker logging configured successfully
2025-11-04 17:01:53,956 [INFO] Dask cluster started successfully
2025-11-04 17:01:53,956 [INFO] Dask Worker Info:
2025-11-04 17:01:53,956 [INFO] Worker tcp://127.0.0.1:63521
2025-11-04 17:01:53,956 [INFO]   pid: None
2025-11-04 17:01:53,957 [INFO]   host: 127.0.0.1
2025-11-04 17:01:53,957 [INFO]   local_dir: C:\Users\mtt1e23\AppData\Local\Temp\dask-scratch-space\worker-ugdpo8i6
2025-11-04 17:01:53,959 [INFO]   nanny: True
2025-11-04 17:01:53,959 [INFO] Processing camera: Cam1
2025-11-04 17:01:53,973 [INFO] Auto-detected image shape: (1152, 1024)
2025-11-04 17:01:53.978 | DEBUG    | image_handling.load_images:load_mask_for_camera:280 - Masking is disabled in config
2025-11-04 17:01:54,039 [INFO] Successfully cached window padding for 3 passes
2025-11-04 17:01:54,050 [INFO] Successfully cached interpolation grids for 3 passes
2025-11-04 17:01:54,086 [INFO] Pre-computed and broadcast correlator cache for distributed workers
2025-11-04 17:01:55,230 [INFO] Worker saved coordinates to C:\Users\mtt1e23\OneDrive - University of Southampton\Documents\#current_processing\query_JHTDB\Planar_Images_with_wall\windows\uncalibrated_piv\100\Cam1\instantaneous\coordinates.mat
  Max threads: 5
  Max threads: 5
  Max threads: 5
  Max threads: 5
  Max threads: 5
  Max threads: 5
  Max threads: 5
  Max threads: 5
  Max threads: 5
  Max threads: 5
  Max threads: 5
  Max threads: 5
  Max threads: 5
  Max threads: 5
  Max threads: 5
  Max threads: 5
  Max threads: 5
  Max threads: 5
  Max threads: 5
  Max threads: 5
  Max threads: 5
  Max threads: 5
  Max threads: 5
  Max threads: 5
  Max threads: 5
  Max threads: 5
  Max threads: 5
  Max threads: 5
  Max threads: 5
  Max threads: 5
  Max threads: 5
  Max threads: 5
  Max threads: 5
  Max threads: 5
  Max threads: 5
  Max threads: 5
  Max threads: 5
  Max threads: 5
  Max threads: 5
  Max threads: 5
  Max threads: 5
  Max threads: 5
  Max threads: 5
  Max threads: 5
  Max threads: 5
  Max threads: 5
  Max threads: 5
  Max threads: 5
  Max threads: 5
  Max threads: 5
  Max threads: 5
  Max threads: 5
  Max threads: 5
  Max threads: 5
  Max threads: 5
  Max threads: 5
  Max threads: 5
  Max threads: 5
  Max threads: 5
  Max threads: 5
  Max threads: 5
  Max threads: 5
  Max threads: 5
  Max threads: 5
  Max threads: 5
  Max threads: 5
  Max threads: 5
  Max threads: 5
  Max threads: 5
  Max threads: 5
  Max threads: 5
  Max threads: 5
  Max threads: 5
  Max threads: 5
  Max threads: 5
  Max threads: 5
  Max threads: 5
  Max threads: 5
  Max threads: 5
  Max threads: 5
  Max threads: 5
  Max threads: 5
  Max threads: 5
  Max threads: 5
  Max threads: 5
  Max threads: 5
  Max threads: 5
  Max threads: 5
  Max threads: 5
  Max threads: 5
  Max threads: 5
  Max threads: 5
  Max threads: 5
  Max threads: 5
  Max threads: 5
  Max threads: 5
  Max threads: 5
  Max threads: 5
  Max threads: 5
  Max threads: 5
  Max threads: 5
  Max threads: 5
  Max threads: 5
  Max threads: 5
  Max threads: 5
  Max threads: 5
  Max threads: 5
  Max threads: 5
  Max threads: 5
  Max threads: 5
  Max threads: 5
  Max threads: 5
  Max threads: 5
  Max threads: 5
  Max threads: 5
  Max threads: 5
  Max threads: 5
  Max threads: 5
  Max threads: 5
  Max threads: 5
  Max threads: 5
  Max threads: 5
  Max threads: 5
  Max threads: 5
  Max threads: 5
  Max threads: 5
  Max threads: 5
  Max threads: 5
  Max threads: 5
  Max threads: 5
  Max threads: 5
  Max threads: 5
  Max threads: 5
  Max threads: 5
  Max threads: 5
  Max threads: 5
  Max threads: 5
  Max threads: 5
  Max threads: 5
  Max threads: 5
  Max threads: 5
  Max threads: 5
  Max threads: 5
  Max threads: 5
  Max threads: 5
  Max threads: 5
  Max threads: 5
  Max threads: 5
  Max threads: 5
  Max threads: 5
  Max threads: 5
  Max threads: 5
  Max threads: 5
  Max threads: 5
  Max threads: 5
  Max threads: 5
  Max threads: 5
  Max threads: 5
  Max threads: 5
  Max threads: 5
  Max threads: 5
  Max threads: 5
  Max threads: 5
  Max threads: 5
  Max threads: 5
  Max threads: 5
  Max threads: 5
  Max threads: 5
  Max threads: 5
  Max threads: 5
  Max threads: 5
  Max threads: 5
  Max threads: 5
  Max threads: 5
  Max threads: 5
  Max threads: 5
  Max threads: 5
  Max threads: 5
  Max threads: 5
  Max threads: 5
  Max threads: 5
  Max threads: 5
  Max threads: 5
  Max threads: 5
  Max threads: 5
  Max threads: 5
  Max threads: 5
  Max threads: 5
  Max threads: 5
  Max threads: 5
  Max threads: 5
  Max threads: 5
  Max threads: 5
  Max threads: 5
  Max threads: 5
  Max threads: 5
  Max threads: 5
  Max threads: 5
  Max threads: 5
  Max threads: 5
  Max threads: 5
  Max threads: 5
  Max threads: 5
  Max threads: 5
  Max threads: 5
  Max threads: 5
  Max threads: 5
  Max threads: 5
  Max threads: 5
  Max threads: 5
  Max threads: 5
  Max threads: 5
  Max threads: 5
  Max threads: 5
  Max threads: 5
  Max threads: 5
  Max threads: 5
  Max threads: 5
  Max threads: 5
  Max threads: 5
  Max threads: 5
  Max threads: 5
  Max threads: 5
  Max threads: 5
  Max threads: 5
  Max threads: 5
  Max threads: 5
  Max threads: 5
  Max threads: 5
  Max threads: 5
  Max threads: 5
  Max threads: 5
  Max threads: 5
  Max threads: 5
  Max threads: 5
  Max threads: 5
  Max threads: 5
  Max threads: 5
  Max threads: 5
  Max threads: 5
  Max threads: 52025-11-04 17:02:19,361 [INFO] PIV and save completed: 100 frames saved to C:\Users\mtt1e23\OneDrive - University of Southampton\Documents\#current_processing\query_JHTDB\Planar_Images_with_wall\windows\uncalibrated_piv\100\Cam1\instantaneous
2025-11-04 17:02:19,364 [INFO] Coordinates saved to C:\Users\mtt1e23\OneDrive - University of Southampton\Documents\#current_processing\query_JHTDB\Planar_Images_with_wall\windows\uncalibrated_piv\100\Cam1\instantaneous
2025-11-04 17:02:19,364 [INFO] Processing camera: Cam2
2025-11-04 17:02:19.374 | DEBUG    | image_handling.load_images:load_mask_for_camera:280 - Masking is disabled in config
2025-11-04 17:02:19,376 [INFO] Successfully cached window padding for 3 passes
2025-11-04 17:02:19,382 [INFO] Successfully cached interpolation grids for 3 passes
2025-11-04 17:02:19,423 [INFO] Pre-computed and broadcast correlator cache for distributed workers
2025-11-04 17:02:20,177 - distributed.worker - ERROR - Compute Failed
Key:       from-value-getitem-read_pair-stack-finalize-hlgfinalizecompute-dfecf2e1afe54b4b8bc71038076b5a51
State:     executing
Task:  <Task 'from-value-getitem-read_pair-stack-finalize-hlgfinalizecompute-dfecf2e1afe54b4b8bc71038076b5a51' _execute_subgraph(...)>
Exception: "FileNotFoundError('Image file not found: C:\\\\Users\\\\mtt1e23\\\\OneDrive - University of Southampton\\\\Documents\\\\#current_processing\\\\query_JHTDB\\\\Planar_Images_with_wall\\\\Cam2\\\\B00001_A.tif')"
Traceback: '  File "c:\\Users\\mtt1e23\\OneDrive - University of Southampton\\Documents\\python-PIVTOOLs\\src\\image_handling\\load_images.py", line 105, in read_pair\n    frame_a = read_image(str(file_paths[0]))\n  File "c:\\Users\\mtt1e23\\OneDrive - University of Southampton\\Documents\\python-PIVTOOLs\\src\\image_handling\\load_images.py", line 34, in read_image\n    return reader_func(file_path, **kwargs)\n  File "c:\\Users\\mtt1e23\\OneDrive - University of Southampton\\Documents\\python-PIVTOOLs\\src\\image_handling\\readers\\generic_readers.py", line 11, in read_tiff\n    raise FileNotFoundError(f"Image file not found: {file_path}")\n'

2025-11-04 17:02:20,179 - distributed.worker - ERROR - Compute Failed
Key:       from-value-getitem-read_pair-stack-finalize-hlgfinalizecompute-c5c55e7cef2a4fde9b8eacc48230b2e9
State:     executing
Task:  <Task 'from-value-getitem-read_pair-stack-finalize-hlgfinalizecompute-c5c55e7cef2a4fde9b8eacc48230b2e9' _execute_subgraph(...)>
Exception: "FileNotFoundError('Image file not found: C:\\\\Users\\\\mtt1e23\\\\OneDrive - University of Southampton\\\\Documents\\\\#current_processing\\\\query_JHTDB\\\\Planar_Images_with_wall\\\\Cam2\\\\B00002_A.tif')"
Traceback: '  File "c:\\Users\\mtt1e23\\OneDrive - University of Southampton\\Documents\\python-PIVTOOLs\\src\\image_handling\\load_images.py", line 105, in read_pair\n    frame_a = read_image(str(file_paths[0]))\n  File "c:\\Users\\mtt1e23\\OneDrive - University of Southampton\\Documents\\python-PIVTOOLs\\src\\image_handling\\load_images.py", line 34, in read_image\n    return reader_func(file_path, **kwargs)\n  File "c:\\Users\\mtt1e23\\OneDrive - University of Southampton\\Documents\\python-PIVTOOLs\\src\\image_handling\\readers\\generic_readers.py", line 11, in read_tiff\n    raise FileNotFoundError(f"Image file not found: {file_path}")\n'

2025-11-04 17:02:20,182 [ERROR] PIV processing failed: [Errno None] None
2025-11-04 17:02:20,186 [ERROR] PIV processing failed: [Errno None] None
2025-11-04 17:02:20,188 [WARNING] PIVResult has no passes for frame 1. Skipping save.
2025-11-04 17:02:20,195 [WARNING] PIVResult has no passes for frame 2. Skipping save.
2025-11-04 17:02:20,396 [INFO] Worker saved coordinates to C:\Users\mtt1e23\OneDrive - University of Southampton\Documents\#current_processing\query_JHTDB\Planar_Images_with_wall\windows\uncalibrated_piv\100\Cam2\instantaneous\coordinates.mat
2025-11-04 17:02:20,423 - distributed.worker - ERROR - Compute Failed
Key:       from-value-getitem-read_pair-stack-finalize-hlgfinalizecompute-43c2c1ed95bc4d7fa5a1300d9cade9de
State:     executing
Task:  <Task 'from-value-getitem-read_pair-stack-finalize-hlgfinalizecompute-43c2c1ed95bc4d7fa5a1300d9cade9de' _execute_subgraph(...)>
Exception: "FileNotFoundError('Image file not found: C:\\\\Users\\\\mtt1e23\\\\OneDrive - University of Southampton\\\\Documents\\\\#current_processing\\\\query_JHTDB\\\\Planar_Images_with_wall\\\\Cam2\\\\B00003_A.tif')"
Traceback: '  File "c:\\Users\\mtt1e23\\OneDrive - University of Southampton\\Documents\\python-PIVTOOLs\\src\\image_handling\\load_images.py", line 105, in read_pair\n    frame_a = read_image(str(file_paths[0]))\n  File "c:\\Users\\mtt1e23\\OneDrive - University of Southampton\\Documents\\python-PIVTOOLs\\src\\image_handling\\load_images.py", line 34, in read_image\n    return reader_func(file_path, **kwargs)\n  File "c:\\Users\\mtt1e23\\OneDrive - University of Southampton\\Documents\\python-PIVTOOLs\\src\\image_handling\\readers\\generic_readers.py", line 11, in read_tiff\n    raise FileNotFoundError(f"Image file not found: {file_path}")\n'

2025-11-04 17:02:20,430 - distributed.worker - ERROR - Compute Failed
Key:       from-value-getitem-read_pair-stack-finalize-hlgfinalizecompute-7be23f7ed0ef437d8beb04fb79f3c84a
State:     executing
Task:  <Task 'from-value-getitem-read_pair-stack-finalize-hlgfinalizecompute-7be23f7ed0ef437d8beb04fb79f3c84a' _execute_subgraph(...)>
Exception: "FileNotFoundError('Image file not found: C:\\\\Users\\\\mtt1e23\\\\OneDrive - University of Southampton\\\\Documents\\\\#current_processing\\\\query_JHTDB\\\\Planar_Images_with_wall\\\\Cam2\\\\B00005_A.tif')"
Traceback: '  File "c:\\Users\\mtt1e23\\OneDrive - University of Southampton\\Documents\\python-PIVTOOLs\\src\\image_handling\\load_images.py", line 105, in read_pair\n    frame_a = read_image(str(file_paths[0]))\n  File "c:\\Users\\mtt1e23\\OneDrive - University of Southampton\\Documents\\python-PIVTOOLs\\src\\image_handling\\load_images.py", line 34, in read_image\n    return reader_func(file_path, **kwargs)\n  File "c:\\Users\\mtt1e23\\OneDrive - University of Southampton\\Documents\\python-PIVTOOLs\\src\\image_handling\\readers\\generic_readers.py", line 11, in read_tiff\n    raise FileNotFoundError(f"Image file not found: {file_path}")\n'

2025-11-04 17:02:20,430 [ERROR] PIV processing failed: [Errno None] None
2025-11-04 17:02:20,432 - distributed.worker - ERROR - Compute Failed
Key:       from-value-getitem-read_pair-stack-finalize-hlgfinalizecompute-58d2cf23276c449cb64be586ff540fab
State:     executing
Task:  <Task 'from-value-getitem-read_pair-stack-finalize-hlgfinalizecompute-58d2cf23276c449cb64be586ff540fab' _execute_subgraph(...)>
Exception: "FileNotFoundError('Image file not found: C:\\\\Users\\\\mtt1e23\\\\OneDrive - University of Southampton\\\\Documents\\\\#current_processing\\\\query_JHTDB\\\\Planar_Images_with_wall\\\\Cam2\\\\B00004_A.tif')"
Traceback: '  File "c:\\Users\\mtt1e23\\OneDrive - University of Southampton\\Documents\\python-PIVTOOLs\\src\\image_handling\\load_images.py", line 105, in read_pair\n    frame_a = read_image(str(file_paths[0]))\n  File "c:\\Users\\mtt1e23\\OneDrive - University of Southampton\\Documents\\python-PIVTOOLs\\src\\image_handling\\load_images.py", line 34, in read_image\n    return reader_func(file_path, **kwargs)\n  File "c:\\Users\\mtt1e23\\OneDrive - University of Southampton\\Documents\\python-PIVTOOLs\\src\\image_handling\\readers\\generic_readers.py", line 11, in read_tiff\n    raise FileNotFoundError(f"Image file not found: {file_path}")\n'

2025-11-04 17:02:20,437 - distributed.worker - ERROR - Compute Failed
Key:       from-value-getitem-read_pair-stack-finalize-hlgfinalizecompute-d094070c41254c88aea7b20d23fdd49a
State:     executing
Task:  <Task 'from-value-getitem-read_pair-stack-finalize-hlgfinalizecompute-d094070c41254c88aea7b20d23fdd49a' _execute_subgraph(...)>
Exception: "FileNotFoundError('Image file not found: C:\\\\Users\\\\mtt1e23\\\\OneDrive - University of Southampton\\\\Documents\\\\#current_processing\\\\query_JHTDB\\\\Planar_Images_with_wall\\\\Cam2\\\\B00017_A.tif')"
Traceback: '  File "c:\\Users\\mtt1e23\\OneDrive - University of Southampton\\Documents\\python-PIVTOOLs\\src\\image_handling\\load_images.py", line 105, in read_pair\n    frame_a = read_image(str(file_paths[0]))\n  File "c:\\Users\\mtt1e23\\OneDrive - University of Southampton\\Documents\\python-PIVTOOLs\\src\\image_handling\\load_images.py", line 34, in read_image\n    return reader_func(file_path, **kwargs)\n  File "c:\\Users\\mtt1e23\\OneDrive - University of Southampton\\Documents\\python-PIVTOOLs\\src\\image_handling\\readers\\generic_readers.py", line 11, in read_tiff\n    raise FileNotFoundError(f"Image file not found: {file_path}")\n'

2025-11-04 17:02:20,437 [ERROR] PIV processing failed: [Errno None] None
2025-11-04 17:02:20,440 [ERROR] PIV processing failed: [Errno None] None
2025-11-04 17:02:20,443 [WARNING] PIVResult has no passes for frame 3. Skipping save.
2025-11-04 17:02:20,444 [ERROR] PIV processing failed: [Errno None] None
2025-11-04 17:02:20,453 - distributed.worker - ERROR - Compute Failed
Key:       from-value-getitem-read_pair-stack-finalize-hlgfinalizecompute-3466aa326ed544a99a658e6fd6e2bffd
State:     executing
Task:  <Task 'from-value-getitem-read_pair-stack-finalize-hlgfinalizecompute-3466aa326ed544a99a658e6fd6e2bffd' _execute_subgraph(...)>
Exception: "FileNotFoundError('Image file not found: C:\\\\Users\\\\mtt1e23\\\\OneDrive - University of Southampton\\\\Documents\\\\#current_processing\\\\query_JHTDB\\\\Planar_Images_with_wall\\\\Cam2\\\\B00016_A.tif')"
Traceback: '  File "c:\\Users\\mtt1e23\\OneDrive - University of Southampton\\Documents\\python-PIVTOOLs\\src\\image_handling\\load_images.py", line 105, in read_pair\n    frame_a = read_image(str(file_paths[0]))\n  File "c:\\Users\\mtt1e23\\OneDrive - University of Southampton\\Documents\\python-PIVTOOLs\\src\\image_handling\\load_images.py", line 34, in read_image\n    return reader_func(file_path, **kwargs)\n  File "c:\\Users\\mtt1e23\\OneDrive - University of Southampton\\Documents\\python-PIVTOOLs\\src\\image_handling\\readers\\generic_readers.py", line 11, in read_tiff\n    raise FileNotFoundError(f"Image file not found: {file_path}")\n'

2025-11-04 17:02:20,454 [WARNING] PIVResult has no passes for frame 4. Skipping save.
2025-11-04 17:02:20,455 [WARNING] PIVResult has no passes for frame 5. Skipping save.
2025-11-04 17:02:20,468 [WARNING] PIVResult has no passes for frame 17. Skipping save.
2025-11-04 17:02:20,469 [ERROR] PIV processing failed: [Errno None] None
2025-11-04 17:02:20,472 - distributed.worker - ERROR - Compute Failed
Key:       from-value-getitem-read_pair-stack-finalize-hlgfinalizecompute-db2bbf4bbed74cbca96cb8ebb8c4b4e1
State:     executing
Task:  <Task 'from-value-getitem-read_pair-stack-finalize-hlgfinalizecompute-db2bbf4bbed74cbca96cb8ebb8c4b4e1' _execute_subgraph(...)>
Exception: "FileNotFoundError('Image file not found: C:\\\\Users\\\\mtt1e23\\\\OneDrive - University of Southampton\\\\Documents\\\\#current_processing\\\\query_JHTDB\\\\Planar_Images_with_wall\\\\Cam2\\\\B00015_A.tif')"
Traceback: '  File "c:\\Users\\mtt1e23\\OneDrive - University of Southampton\\Documents\\python-PIVTOOLs\\src\\image_handling\\load_images.py", line 105, in read_pair\n    frame_a = read_image(str(file_paths[0]))\n  File "c:\\Users\\mtt1e23\\OneDrive - University of Southampton\\Documents\\python-PIVTOOLs\\src\\image_handling\\load_images.py", line 34, in read_image\n    return reader_func(file_path, **kwargs)\n  File "c:\\Users\\mtt1e23\\OneDrive - University of Southampton\\Documents\\python-PIVTOOLs\\src\\image_handling\\readers\\generic_readers.py", line 11, in read_tiff\n    raise FileNotFoundError(f"Image file not found: {file_path}")\n'

2025-11-04 17:02:20,481 - distributed.worker - ERROR - Compute Failed
Key:       from-value-getitem-read_pair-stack-finalize-hlgfinalizecompute-0982e756ddb6480e8c6fc4de8f5ae235
State:     executing
Task:  <Task 'from-value-getitem-read_pair-stack-finalize-hlgfinalizecompute-0982e756ddb6480e8c6fc4de8f5ae235' _execute_subgraph(...)>
Exception: "FileNotFoundError('Image file not found: C:\\\\Users\\\\mtt1e23\\\\OneDrive - University of Southampton\\\\Documents\\\\#current_processing\\\\query_JHTDB\\\\Planar_Images_with_wall\\\\Cam2\\\\B00014_A.tif')"
Traceback: '  File "c:\\Users\\mtt1e23\\OneDrive - University of Southampton\\Documents\\python-PIVTOOLs\\src\\image_handling\\load_images.py", line 105, in read_pair\n    frame_a = read_image(str(file_paths[0]))\n  File "c:\\Users\\mtt1e23\\OneDrive - University of Southampton\\Documents\\python-PIVTOOLs\\src\\image_handling\\load_images.py", line 34, in read_image\n    return reader_func(file_path, **kwargs)\n  File "c:\\Users\\mtt1e23\\OneDrive - University of Southampton\\Documents\\python-PIVTOOLs\\src\\image_handling\\readers\\generic_readers.py", line 11, in read_tiff\n    raise FileNotFoundError(f"Image file not found: {file_path}")\n'

2025-11-04 17:02:20,482 [ERROR] PIV processing failed: [Errno None] None
2025-11-04 17:02:20,482 [WARNING] PIVResult has no passes for frame 16. Skipping save.
2025-11-04 17:02:20,492 - distributed.worker - ERROR - Compute Failed
Key:       from-value-getitem-read_pair-stack-finalize-hlgfinalizecompute-48f1dce17ada49f78a42cf1b483d4901
State:     executing
Task:  <Task 'from-value-getitem-read_pair-stack-finalize-hlgfinalizecompute-48f1dce17ada49f78a42cf1b483d4901' _execute_subgraph(...)>
Exception: "FileNotFoundError('Image file not found: C:\\\\Users\\\\mtt1e23\\\\OneDrive - University of Southampton\\\\Documents\\\\#current_processing\\\\query_JHTDB\\\\Planar_Images_with_wall\\\\Cam2\\\\B00013_A.tif')"
Traceback: '  File "c:\\Users\\mtt1e23\\OneDrive - University of Southampton\\Documents\\python-PIVTOOLs\\src\\image_handling\\load_images.py", line 105, in read_pair\n    frame_a = read_image(str(file_paths[0]))\n  File "c:\\Users\\mtt1e23\\OneDrive - University of Southampton\\Documents\\python-PIVTOOLs\\src\\image_handling\\load_images.py", line 34, in read_image\n    return reader_func(file_path, **kwargs)\n  File "c:\\Users\\mtt1e23\\OneDrive - University of Southampton\\Documents\\python-PIVTOOLs\\src\\image_handling\\readers\\generic_readers.py", line 11, in read_tiff\n    raise FileNotFoundError(f"Image file not found: {file_path}")\n'

2025-11-04 17:02:20,493 [ERROR] PIV processing failed: [Errno None] None
2025-11-04 17:02:20,495 [WARNING] PIVResult has no passes for frame 15. Skipping save.
2025-11-04 17:02:20,500 [ERROR] PIV processing failed: [Errno None] None
2025-11-04 17:02:20,504 - distributed.worker - ERROR - Compute Failed
Key:       from-value-getitem-read_pair-stack-finalize-hlgfinalizecompute-c51e277a2c9b43aba39e6cd37c2029dd
State:     executing
Task:  <Task 'from-value-getitem-read_pair-stack-finalize-hlgfinalizecompute-c51e277a2c9b43aba39e6cd37c2029dd' _execute_subgraph(...)>
Exception: "FileNotFoundError('Image file not found: C:\\\\Users\\\\mtt1e23\\\\OneDrive - University of Southampton\\\\Documents\\\\#current_processing\\\\query_JHTDB\\\\Planar_Images_with_wall\\\\Cam2\\\\B00012_A.tif')"
Traceback: '  File "c:\\Users\\mtt1e23\\OneDrive - University of Southampton\\Documents\\python-PIVTOOLs\\src\\image_handling\\load_images.py", line 105, in read_pair\n    frame_a = read_image(str(file_paths[0]))\n  File "c:\\Users\\mtt1e23\\OneDrive - University of Southampton\\Documents\\python-PIVTOOLs\\src\\image_handling\\load_images.py", line 34, in read_image\n    return reader_func(file_path, **kwargs)\n  File "c:\\Users\\mtt1e23\\OneDrive - University of Southampton\\Documents\\python-PIVTOOLs\\src\\image_handling\\readers\\generic_readers.py", line 11, in read_tiff\n    raise FileNotFoundError(f"Image file not found: {file_path}")\n'

2025-11-04 17:02:20,504 [WARNING] PIVResult has no passes for frame 14. Skipping save.
2025-11-04 17:02:20,506 [ERROR] PIV processing failed: [Errno None] None
2025-11-04 17:02:20,509 [WARNING] PIVResult has no passes for frame 13. Skipping save.
2025-11-04 17:02:20,536 - distributed.worker - ERROR - Compute Failed
Key:       from-value-getitem-read_pair-stack-finalize-hlgfinalizecompute-561c17ac518f4e7ca076fcdcaaeaf082
State:     executing
Task:  <Task 'from-value-getitem-read_pair-stack-finalize-hlgfinalizecompute-561c17ac518f4e7ca076fcdcaaeaf082' _execute_subgraph(...)>
Exception: "FileNotFoundError('Image file not found: C:\\\\Users\\\\mtt1e23\\\\OneDrive - University of Southampton\\\\Documents\\\\#current_processing\\\\query_JHTDB\\\\Planar_Images_with_wall\\\\Cam2\\\\B00011_A.tif')"
Traceback: '  File "c:\\Users\\mtt1e23\\OneDrive - University of Southampton\\Documents\\python-PIVTOOLs\\src\\image_handling\\load_images.py", line 105, in read_pair\n    frame_a = read_image(str(file_paths[0]))\n  File "c:\\Users\\mtt1e23\\OneDrive - University of Southampton\\Documents\\python-PIVTOOLs\\src\\image_handling\\load_images.py", line 34, in read_image\n    return reader_func(file_path, **kwargs)\n  File "c:\\Users\\mtt1e23\\OneDrive - University of Southampton\\Documents\\python-PIVTOOLs\\src\\image_handling\\readers\\generic_readers.py", line 11, in read_tiff\n    raise FileNotFoundError(f"Image file not found: {file_path}")\n'

2025-11-04 17:02:20,539 [WARNING] PIVResult has no passes for frame 12. Skipping save.
2025-11-04 17:02:20,547 - distributed.worker - ERROR - Compute Failed
Key:       from-value-getitem-read_pair-stack-finalize-hlgfinalizecompute-296163d2d7d040c0b19129de3ea23423
State:     executing
Task:  <Task 'from-value-getitem-read_pair-stack-finalize-hlgfinalizecompute-296163d2d7d040c0b19129de3ea23423' _execute_subgraph(...)>
Exception: "FileNotFoundError('Image file not found: C:\\\\Users\\\\mtt1e23\\\\OneDrive - University of Southampton\\\\Documents\\\\#current_processing\\\\query_JHTDB\\\\Planar_Images_with_wall\\\\Cam2\\\\B00010_A.tif')"
Traceback: '  File "c:\\Users\\mtt1e23\\OneDrive - University of Southampton\\Documents\\python-PIVTOOLs\\src\\image_handling\\load_images.py", line 105, in read_pair\n    frame_a = read_image(str(file_paths[0]))\n  File "c:\\Users\\mtt1e23\\OneDrive - University of Southampton\\Documents\\python-PIVTOOLs\\src\\image_handling\\load_images.py", line 34, in read_image\n    return reader_func(file_path, **kwargs)\n  File "c:\\Users\\mtt1e23\\OneDrive - University of Southampton\\Documents\\python-PIVTOOLs\\src\\image_handling\\readers\\generic_readers.py", line 11, in read_tiff\n    raise FileNotFoundError(f"Image file not found: {file_path}")\n'

2025-11-04 17:02:20,547 [ERROR] PIV processing failed: [Errno None] None
2025-11-04 17:02:20,553 - distributed.worker - ERROR - Compute Failed
Key:       from-value-getitem-read_pair-stack-finalize-hlgfinalizecompute-7cd5755a321148ab81efcbfdc82f5255
State:     executing
Task:  <Task 'from-value-getitem-read_pair-stack-finalize-hlgfinalizecompute-7cd5755a321148ab81efcbfdc82f5255' _execute_subgraph(...)>
Exception: "FileNotFoundError('Image file not found: C:\\\\Users\\\\mtt1e23\\\\OneDrive - University of Southampton\\\\Documents\\\\#current_processing\\\\query_JHTDB\\\\Planar_Images_with_wall\\\\Cam2\\\\B00009_A.tif')"
Traceback: '  File "c:\\Users\\mtt1e23\\OneDrive - University of Southampton\\Documents\\python-PIVTOOLs\\src\\image_handling\\load_images.py", line 105, in read_pair\n    frame_a = read_image(str(file_paths[0]))\n  File "c:\\Users\\mtt1e23\\OneDrive - University of Southampton\\Documents\\python-PIVTOOLs\\src\\image_handling\\load_images.py", line 34, in read_image\n    return reader_func(file_path, **kwargs)\n  File "c:\\Users\\mtt1e23\\OneDrive - University of Southampton\\Documents\\python-PIVTOOLs\\src\\image_handling\\readers\\generic_readers.py", line 11, in read_tiff\n    raise FileNotFoundError(f"Image file not found: {file_path}")\n'

2025-11-04 17:02:20,554 - distributed.worker - ERROR - Compute Failed
Key:       from-value-getitem-read_pair-stack-finalize-hlgfinalizecompute-eca2209c237f40adb661abfd05b8a87c
State:     executing
Task:  <Task 'from-value-getitem-read_pair-stack-finalize-hlgfinalizecompute-eca2209c237f40adb661abfd05b8a87c' _execute_subgraph(...)>
Exception: "FileNotFoundError('Image file not found: C:\\\\Users\\\\mtt1e23\\\\OneDrive - University of Southampton\\\\Documents\\\\#current_processing\\\\query_JHTDB\\\\Planar_Images_with_wall\\\\Cam2\\\\B00008_A.tif')"
Traceback: '  File "c:\\Users\\mtt1e23\\OneDrive - University of Southampton\\Documents\\python-PIVTOOLs\\src\\image_handling\\load_images.py", line 105, in read_pair\n    frame_a = read_image(str(file_paths[0]))\n  File "c:\\Users\\mtt1e23\\OneDrive - University of Southampton\\Documents\\python-PIVTOOLs\\src\\image_handling\\load_images.py", line 34, in read_image\n    return reader_func(file_path, **kwargs)\n  File "c:\\Users\\mtt1e23\\OneDrive - University of Southampton\\Documents\\python-PIVTOOLs\\src\\image_handling\\readers\\generic_readers.py", line 11, in read_tiff\n    raise FileNotFoundError(f"Image file not found: {file_path}")\n'

2025-11-04 17:02:20,554 [ERROR] PIV processing failed: [Errno None] None
2025-11-04 17:02:20,560 [WARNING] PIVResult has no passes for frame 11. Skipping save.
2025-11-04 17:02:20,561 [ERROR] PIV processing failed: [Errno None] None
2025-11-04 17:02:20,565 [ERROR] PIV processing failed: [Errno None] None
2025-11-04 17:02:20,570 - distributed.worker - ERROR - Compute Failed
Key:       from-value-getitem-read_pair-stack-finalize-hlgfinalizecompute-333e37e93cf842e1929296a17ce36318
State:     executing
Task:  <Task 'from-value-getitem-read_pair-stack-finalize-hlgfinalizecompute-333e37e93cf842e1929296a17ce36318' _execute_subgraph(...)>
Exception: "FileNotFoundError('Image file not found: C:\\\\Users\\\\mtt1e23\\\\OneDrive - University of Southampton\\\\Documents\\\\#current_processing\\\\query_JHTDB\\\\Planar_Images_with_wall\\\\Cam2\\\\B00007_A.tif')"
Traceback: '  File "c:\\Users\\mtt1e23\\OneDrive - University of Southampton\\Documents\\python-PIVTOOLs\\src\\image_handling\\load_images.py", line 105, in read_pair\n    frame_a = read_image(str(file_paths[0]))\n  File "c:\\Users\\mtt1e23\\OneDrive - University of Southampton\\Documents\\python-PIVTOOLs\\src\\image_handling\\load_images.py", line 34, in read_image\n    return reader_func(file_path, **kwargs)\n  File "c:\\Users\\mtt1e23\\OneDrive - University of Southampton\\Documents\\python-PIVTOOLs\\src\\image_handling\\readers\\generic_readers.py", line 11, in read_tiff\n    raise FileNotFoundError(f"Image file not found: {file_path}")\n'

2025-11-04 17:02:20,570 [WARNING] PIVResult has no passes for frame 10. Skipping save.
2025-11-04 17:02:20,573 [WARNING] PIVResult has no passes for frame 9. Skipping save.
2025-11-04 17:02:20,573 [WARNING] PIVResult has no passes for frame 8. Skipping save.
2025-11-04 17:02:20,576 [ERROR] PIV processing failed: [Errno None] None
2025-11-04 17:02:20,583 - distributed.worker - ERROR - Compute Failed
Key:       from-value-getitem-read_pair-stack-finalize-hlgfinalizecompute-81fcb4a16b574e3b91fe36a052c1c9c9
State:     executing
Task:  <Task 'from-value-getitem-read_pair-stack-finalize-hlgfinalizecompute-81fcb4a16b574e3b91fe36a052c1c9c9' _execute_subgraph(...)>
Exception: "FileNotFoundError('Image file not found: C:\\\\Users\\\\mtt1e23\\\\OneDrive - University of Southampton\\\\Documents\\\\#current_processing\\\\query_JHTDB\\\\Planar_Images_with_wall\\\\Cam2\\\\B00006_A.tif')"
Traceback: '  File "c:\\Users\\mtt1e23\\OneDrive - University of Southampton\\Documents\\python-PIVTOOLs\\src\\image_handling\\load_images.py", line 105, in read_pair\n    frame_a = read_image(str(file_paths[0]))\n  File "c:\\Users\\mtt1e23\\OneDrive - University of Southampton\\Documents\\python-PIVTOOLs\\src\\image_handling\\load_images.py", line 34, in read_image\n    return reader_func(file_path, **kwargs)\n  File "c:\\Users\\mtt1e23\\OneDrive - University of Southampton\\Documents\\python-PIVTOOLs\\src\\image_handling\\readers\\generic_readers.py", line 11, in read_tiff\n    raise FileNotFoundError(f"Image file not found: {file_path}")\n'

2025-11-04 17:02:20,585 - distributed.worker - ERROR - Compute Failed
Key:       from-value-getitem-read_pair-stack-finalize-hlgfinalizecompute-15cf14321c484d7fb2f5d11b1bd9a269
State:     executing
Task:  <Task 'from-value-getitem-read_pair-stack-finalize-hlgfinalizecompute-15cf14321c484d7fb2f5d11b1bd9a269' _execute_subgraph(...)>
Exception: "FileNotFoundError('Image file not found: C:\\\\Users\\\\mtt1e23\\\\OneDrive - University of Southampton\\\\Documents\\\\#current_processing\\\\query_JHTDB\\\\Planar_Images_with_wall\\\\Cam2\\\\B00053_A.tif')"
Traceback: '  File "c:\\Users\\mtt1e23\\OneDrive - University of Southampton\\Documents\\python-PIVTOOLs\\src\\image_handling\\load_images.py", line 105, in read_pair\n    frame_a = read_image(str(file_paths[0]))\n  File "c:\\Users\\mtt1e23\\OneDrive - University of Southampton\\Documents\\python-PIVTOOLs\\src\\image_handling\\load_images.py", line 34, in read_image\n    return reader_func(file_path, **kwargs)\n  File "c:\\Users\\mtt1e23\\OneDrive - University of Southampton\\Documents\\python-PIVTOOLs\\src\\image_handling\\readers\\generic_readers.py", line 11, in read_tiff\n    raise FileNotFoundError(f"Image file not found: {file_path}")\n'

2025-11-04 17:02:20,585 [WARNING] PIVResult has no passes for frame 7. Skipping save.
2025-11-04 17:02:20,590 [ERROR] PIV processing failed: [Errno None] None
2025-11-04 17:02:20,596 - distributed.worker - ERROR - Compute Failed
Key:       from-value-getitem-read_pair-stack-finalize-hlgfinalizecompute-527ffe4c951d40a48db71e221cc0e6c0
State:     executing
Task:  <Task 'from-value-getitem-read_pair-stack-finalize-hlgfinalizecompute-527ffe4c951d40a48db71e221cc0e6c0' _execute_subgraph(...)>
Exception: "FileNotFoundError('Image file not found: C:\\\\Users\\\\mtt1e23\\\\OneDrive - University of Southampton\\\\Documents\\\\#current_processing\\\\query_JHTDB\\\\Planar_Images_with_wall\\\\Cam2\\\\B00052_A.tif')"
Traceback: '  File "c:\\Users\\mtt1e23\\OneDrive - University of Southampton\\Documents\\python-PIVTOOLs\\src\\image_handling\\load_images.py", line 105, in read_pair\n    frame_a = read_image(str(file_paths[0]))\n  File "c:\\Users\\mtt1e23\\OneDrive - University of Southampton\\Documents\\python-PIVTOOLs\\src\\image_handling\\load_images.py", line 34, in read_image\n    return reader_func(file_path, **kwargs)\n  File "c:\\Users\\mtt1e23\\OneDrive - University of Southampton\\Documents\\python-PIVTOOLs\\src\\image_handling\\readers\\generic_readers.py", line 11, in read_tiff\n    raise FileNotFoundError(f"Image file not found: {file_path}")\n'

2025-11-04 17:02:20,596 [ERROR] PIV processing failed: [Errno None] None
2025-11-04 17:02:20,600 - distributed.worker - ERROR - Compute Failed
Key:       from-value-getitem-read_pair-stack-finalize-hlgfinalizecompute-a89dee89019c456e970e87dbf6aa11ae
State:     executing
Task:  <Task 'from-value-getitem-read_pair-stack-finalize-hlgfinalizecompute-a89dee89019c456e970e87dbf6aa11ae' _execute_subgraph(...)>
Exception: "FileNotFoundError('Image file not found: C:\\\\Users\\\\mtt1e23\\\\OneDrive - University of Southampton\\\\Documents\\\\#current_processing\\\\query_JHTDB\\\\Planar_Images_with_wall\\\\Cam2\\\\B00051_A.tif')"
Traceback: '  File "c:\\Users\\mtt1e23\\OneDrive - University of Southampton\\Documents\\python-PIVTOOLs\\src\\image_handling\\load_images.py", line 105, in read_pair\n    frame_a = read_image(str(file_paths[0]))\n  File "c:\\Users\\mtt1e23\\OneDrive - University of Southampton\\Documents\\python-PIVTOOLs\\src\\image_handling\\load_images.py", line 34, in read_image\n    return reader_func(file_path, **kwargs)\n  File "c:\\Users\\mtt1e23\\OneDrive - University of Southampton\\Documents\\python-PIVTOOLs\\src\\image_handling\\readers\\generic_readers.py", line 11, in read_tiff\n    raise FileNotFoundError(f"Image file not found: {file_path}")\n'

2025-11-04 17:02:20,600 [ERROR] PIV processing failed: [Errno None] None
2025-11-04 17:02:20,601 [WARNING] PIVResult has no passes for frame 6. Skipping save.
2025-11-04 17:02:20,610 [WARNING] PIVResult has no passes for frame 53. Skipping save.
2025-11-04 17:02:20,610 [ERROR] PIV processing failed: [Errno None] None
2025-11-04 17:02:20,612 [WARNING] PIVResult has no passes for frame 52. Skipping save.
2025-11-04 17:02:20,614 - distributed.worker - ERROR - Compute Failed
Key:       from-value-getitem-read_pair-stack-finalize-hlgfinalizecompute-9c32df0f93ff4be2923f09b4abc66212
State:     executing
Task:  <Task 'from-value-getitem-read_pair-stack-finalize-hlgfinalizecompute-9c32df0f93ff4be2923f09b4abc66212' _execute_subgraph(...)>
Exception: "FileNotFoundError('Image file not found: C:\\\\Users\\\\mtt1e23\\\\OneDrive - University of Southampton\\\\Documents\\\\#current_processing\\\\query_JHTDB\\\\Planar_Images_with_wall\\\\Cam2\\\\B00050_A.tif')"
Traceback: '  File "c:\\Users\\mtt1e23\\OneDrive - University of Southampton\\Documents\\python-PIVTOOLs\\src\\image_handling\\load_images.py", line 105, in read_pair\n    frame_a = read_image(str(file_paths[0]))\n  File "c:\\Users\\mtt1e23\\OneDrive - University of Southampton\\Documents\\python-PIVTOOLs\\src\\image_handling\\load_images.py", line 34, in read_image\n    return reader_func(file_path, **kwargs)\n  File "c:\\Users\\mtt1e23\\OneDrive - University of Southampton\\Documents\\python-PIVTOOLs\\src\\image_handling\\readers\\generic_readers.py", line 11, in read_tiff\n    raise FileNotFoundError(f"Image file not found: {file_path}")\n'

2025-11-04 17:02:20,624 [WARNING] PIVResult has no passes for frame 51. Skipping save.
2025-11-04 17:02:20,625 [ERROR] PIV processing failed: [Errno None] None
2025-11-04 17:02:20,641 - distributed.worker - ERROR - Compute Failed
Key:       from-value-getitem-read_pair-stack-finalize-hlgfinalizecompute-2590d28a8e4140f490d3c5f5d278ff0d
State:     executing
Task:  <Task 'from-value-getitem-read_pair-stack-finalize-hlgfinalizecompute-2590d28a8e4140f490d3c5f5d278ff0d' _execute_subgraph(...)>
Exception: "FileNotFoundError('Image file not found: C:\\\\Users\\\\mtt1e23\\\\OneDrive - University of Southampton\\\\Documents\\\\#current_processing\\\\query_JHTDB\\\\Planar_Images_with_wall\\\\Cam2\\\\B00049_A.tif')"
Traceback: '  File "c:\\Users\\mtt1e23\\OneDrive - University of Southampton\\Documents\\python-PIVTOOLs\\src\\image_handling\\load_images.py", line 105, in read_pair\n    frame_a = read_image(str(file_paths[0]))\n  File "c:\\Users\\mtt1e23\\OneDrive - University of Southampton\\Documents\\python-PIVTOOLs\\src\\image_handling\\load_images.py", line 34, in read_image\n    return reader_func(file_path, **kwargs)\n  File "c:\\Users\\mtt1e23\\OneDrive - University of Southampton\\Documents\\python-PIVTOOLs\\src\\image_handling\\readers\\generic_readers.py", line 11, in read_tiff\n    raise FileNotFoundError(f"Image file not found: {file_path}")\n'

2025-11-04 17:02:20,643 - distributed.worker - ERROR - Compute Failed
Key:       from-value-getitem-read_pair-stack-finalize-hlgfinalizecompute-5944f0abd45b4852bfcb2a0d40b4a456
State:     executing
Task:  <Task 'from-value-getitem-read_pair-stack-finalize-hlgfinalizecompute-5944f0abd45b4852bfcb2a0d40b4a456' _execute_subgraph(...)>
Exception: "FileNotFoundError('Image file not found: C:\\\\Users\\\\mtt1e23\\\\OneDrive - University of Southampton\\\\Documents\\\\#current_processing\\\\query_JHTDB\\\\Planar_Images_with_wall\\\\Cam2\\\\B00048_A.tif')"
Traceback: '  File "c:\\Users\\mtt1e23\\OneDrive - University of Southampton\\Documents\\python-PIVTOOLs\\src\\image_handling\\load_images.py", line 105, in read_pair\n    frame_a = read_image(str(file_paths[0]))\n  File "c:\\Users\\mtt1e23\\OneDrive - University of Southampton\\Documents\\python-PIVTOOLs\\src\\image_handling\\load_images.py", line 34, in read_image\n    return reader_func(file_path, **kwargs)\n  File "c:\\Users\\mtt1e23\\OneDrive - University of Southampton\\Documents\\python-PIVTOOLs\\src\\image_handling\\readers\\generic_readers.py", line 11, in read_tiff\n    raise FileNotFoundError(f"Image file not found: {file_path}")\n'

2025-11-04 17:02:20,643 [WARNING] PIVResult has no passes for frame 50. Skipping save.
2025-11-04 17:02:20,645 [ERROR] PIV processing failed: [Errno None] None
2025-11-04 17:02:20,645 [ERROR] PIV processing failed: [Errno None] None
2025-11-04 17:02:20,661 - distributed.worker - ERROR - Compute Failed
Key:       from-value-getitem-read_pair-stack-finalize-hlgfinalizecompute-4368bcda5e7e4c85a601746500f118fb
State:     executing
Task:  <Task 'from-value-getitem-read_pair-stack-finalize-hlgfinalizecompute-4368bcda5e7e4c85a601746500f118fb' _execute_subgraph(...)>
Exception: "FileNotFoundError('Image file not found: C:\\\\Users\\\\mtt1e23\\\\OneDrive - University of Southampton\\\\Documents\\\\#current_processing\\\\query_JHTDB\\\\Planar_Images_with_wall\\\\Cam2\\\\B00047_A.tif')"
Traceback: '  File "c:\\Users\\mtt1e23\\OneDrive - University of Southampton\\Documents\\python-PIVTOOLs\\src\\image_handling\\load_images.py", line 105, in read_pair\n    frame_a = read_image(str(file_paths[0]))\n  File "c:\\Users\\mtt1e23\\OneDrive - University of Southampton\\Documents\\python-PIVTOOLs\\src\\image_handling\\load_images.py", line 34, in read_image\n    return reader_func(file_path, **kwargs)\n  File "c:\\Users\\mtt1e23\\OneDrive - University of Southampton\\Documents\\python-PIVTOOLs\\src\\image_handling\\readers\\generic_readers.py", line 11, in read_tiff\n    raise FileNotFoundError(f"Image file not found: {file_path}")\n'

2025-11-04 17:02:20,662 - distributed.worker - ERROR - Compute Failed
Key:       from-value-getitem-read_pair-stack-finalize-hlgfinalizecompute-41a801d5ddfe45c298c7d8d5001dbca0
State:     executing
Task:  <Task 'from-value-getitem-read_pair-stack-finalize-hlgfinalizecompute-41a801d5ddfe45c298c7d8d5001dbca0' _execute_subgraph(...)>
Exception: "FileNotFoundError('Image file not found: C:\\\\Users\\\\mtt1e23\\\\OneDrive - University of Southampton\\\\Documents\\\\#current_processing\\\\query_JHTDB\\\\Planar_Images_with_wall\\\\Cam2\\\\B00046_A.tif')"
Traceback: '  File "c:\\Users\\mtt1e23\\OneDrive - University of Southampton\\Documents\\python-PIVTOOLs\\src\\image_handling\\load_images.py", line 105, in read_pair\n    frame_a = read_image(str(file_paths[0]))\n  File "c:\\Users\\mtt1e23\\OneDrive - University of Southampton\\Documents\\python-PIVTOOLs\\src\\image_handling\\load_images.py", line 34, in read_image\n    return reader_func(file_path, **kwargs)\n  File "c:\\Users\\mtt1e23\\OneDrive - University of Southampton\\Documents\\python-PIVTOOLs\\src\\image_handling\\readers\\generic_readers.py", line 11, in read_tiff\n    raise FileNotFoundError(f"Image file not found: {file_path}")\n'

2025-11-04 17:02:20,663 [WARNING] PIVResult has no passes for frame 49. Skipping save.
2025-11-04 17:02:20,663 [ERROR] PIV processing failed: [Errno None] None
2025-11-04 17:02:20,664 [WARNING] PIVResult has no passes for frame 48. Skipping save.
2025-11-04 17:02:20,665 [ERROR] PIV processing failed: [Errno None] None
2025-11-04 17:02:20,674 - distributed.worker - ERROR - Compute Failed
Key:       from-value-getitem-read_pair-stack-finalize-hlgfinalizecompute-560d50274d174f78b24f7b4e022d8670
State:     executing
Task:  <Task 'from-value-getitem-read_pair-stack-finalize-hlgfinalizecompute-560d50274d174f78b24f7b4e022d8670' _execute_subgraph(...)>
Exception: "FileNotFoundError('Image file not found: C:\\\\Users\\\\mtt1e23\\\\OneDrive - University of Southampton\\\\Documents\\\\#current_processing\\\\query_JHTDB\\\\Planar_Images_with_wall\\\\Cam2\\\\B00045_A.tif')"
Traceback: '  File "c:\\Users\\mtt1e23\\OneDrive - University of Southampton\\Documents\\python-PIVTOOLs\\src\\image_handling\\load_images.py", line 105, in read_pair\n    frame_a = read_image(str(file_paths[0]))\n  File "c:\\Users\\mtt1e23\\OneDrive - University of Southampton\\Documents\\python-PIVTOOLs\\src\\image_handling\\load_images.py", line 34, in read_image\n    return reader_func(file_path, **kwargs)\n  File "c:\\Users\\mtt1e23\\OneDrive - University of Southampton\\Documents\\python-PIVTOOLs\\src\\image_handling\\readers\\generic_readers.py", line 11, in read_tiff\n    raise FileNotFoundError(f"Image file not found: {file_path}")\n'

2025-11-04 17:02:20,675 [WARNING] PIVResult has no passes for frame 46. Skipping save.
2025-11-04 17:02:20,676 [WARNING] PIVResult has no passes for frame 47. Skipping save.
2025-11-04 17:02:20,678 [ERROR] PIV processing failed: [Errno None] None
2025-11-04 17:02:20,681 - distributed.worker - ERROR - Compute Failed
Key:       from-value-getitem-read_pair-stack-finalize-hlgfinalizecompute-cfb2cdc440ed4c98a6b41582631b26fb
State:     executing
Task:  <Task 'from-value-getitem-read_pair-stack-finalize-hlgfinalizecompute-cfb2cdc440ed4c98a6b41582631b26fb' _execute_subgraph(...)>
Exception: "FileNotFoundError('Image file not found: C:\\\\Users\\\\mtt1e23\\\\OneDrive - University of Southampton\\\\Documents\\\\#current_processing\\\\query_JHTDB\\\\Planar_Images_with_wall\\\\Cam2\\\\B00044_A.tif')"
Traceback: '  File "c:\\Users\\mtt1e23\\OneDrive - University of Southampton\\Documents\\python-PIVTOOLs\\src\\image_handling\\load_images.py", line 105, in read_pair\n    frame_a = read_image(str(file_paths[0]))\n  File "c:\\Users\\mtt1e23\\OneDrive - University of Southampton\\Documents\\python-PIVTOOLs\\src\\image_handling\\load_images.py", line 34, in read_image\n    return reader_func(file_path, **kwargs)\n  File "c:\\Users\\mtt1e23\\OneDrive - University of Southampton\\Documents\\python-PIVTOOLs\\src\\image_handling\\readers\\generic_readers.py", line 11, in read_tiff\n    raise FileNotFoundError(f"Image file not found: {file_path}")\n'

2025-11-04 17:02:20,682 - distributed.worker - ERROR - Compute Failed
Key:       from-value-getitem-read_pair-stack-finalize-hlgfinalizecompute-950d7be23f104577ac4120293e6f99c0
State:     executing
Task:  <Task 'from-value-getitem-read_pair-stack-finalize-hlgfinalizecompute-950d7be23f104577ac4120293e6f99c0' _execute_subgraph(...)>
Exception: "FileNotFoundError('Image file not found: C:\\\\Users\\\\mtt1e23\\\\OneDrive - University of Southampton\\\\Documents\\\\#current_processing\\\\query_JHTDB\\\\Planar_Images_with_wall\\\\Cam2\\\\B00043_A.tif')"
Traceback: '  File "c:\\Users\\mtt1e23\\OneDrive - University of Southampton\\Documents\\python-PIVTOOLs\\src\\image_handling\\load_images.py", line 105, in read_pair\n    frame_a = read_image(str(file_paths[0]))\n  File "c:\\Users\\mtt1e23\\OneDrive - University of Southampton\\Documents\\python-PIVTOOLs\\src\\image_handling\\load_images.py", line 34, in read_image\n    return reader_func(file_path, **kwargs)\n  File "c:\\Users\\mtt1e23\\OneDrive - University of Southampton\\Documents\\python-PIVTOOLs\\src\\image_handling\\readers\\generic_readers.py", line 11, in read_tiff\n    raise FileNotFoundError(f"Image file not found: {file_path}")\n'

2025-11-04 17:02:20,688 [WARNING] PIVResult has no passes for frame 45. Skipping save.
2025-11-04 17:02:20,689 [ERROR] PIV processing failed: [Errno None] None
2025-11-04 17:02:20,690 [ERROR] PIV processing failed: [Errno None] None
2025-11-04 17:02:20,691 - distributed.worker - ERROR - Compute Failed
Key:       from-value-getitem-read_pair-stack-finalize-hlgfinalizecompute-033311fb9ba64cf2b806f3543867a8cd
State:     executing
Task:  <Task 'from-value-getitem-read_pair-stack-finalize-hlgfinalizecompute-033311fb9ba64cf2b806f3543867a8cd' _execute_subgraph(...)>
Exception: "FileNotFoundError('Image file not found: C:\\\\Users\\\\mtt1e23\\\\OneDrive - University of Southampton\\\\Documents\\\\#current_processing\\\\query_JHTDB\\\\Planar_Images_with_wall\\\\Cam2\\\\B00042_A.tif')"
Traceback: '  File "c:\\Users\\mtt1e23\\OneDrive - University of Southampton\\Documents\\python-PIVTOOLs\\src\\image_handling\\load_images.py", line 105, in read_pair\n    frame_a = read_image(str(file_paths[0]))\n  File "c:\\Users\\mtt1e23\\OneDrive - University of Southampton\\Documents\\python-PIVTOOLs\\src\\image_handling\\load_images.py", line 34, in read_image\n    return reader_func(file_path, **kwargs)\n  File "c:\\Users\\mtt1e23\\OneDrive - University of Southampton\\Documents\\python-PIVTOOLs\\src\\image_handling\\readers\\generic_readers.py", line 11, in read_tiff\n    raise FileNotFoundError(f"Image file not found: {file_path}")\n'

2025-11-04 17:02:20,693 - distributed.worker - ERROR - Compute Failed
Key:       from-value-getitem-read_pair-stack-finalize-hlgfinalizecompute-54b4bfe7769942a3bb04aafcf0d38aa5
State:     executing
Task:  <Task 'from-value-getitem-read_pair-stack-finalize-hlgfinalizecompute-54b4bfe7769942a3bb04aafcf0d38aa5' _execute_subgraph(...)>
Exception: "FileNotFoundError('Image file not found: C:\\\\Users\\\\mtt1e23\\\\OneDrive - University of Southampton\\\\Documents\\\\#current_processing\\\\query_JHTDB\\\\Planar_Images_with_wall\\\\Cam2\\\\B00041_A.tif')"
Traceback: '  File "c:\\Users\\mtt1e23\\OneDrive - University of Southampton\\Documents\\python-PIVTOOLs\\src\\image_handling\\load_images.py", line 105, in read_pair\n    frame_a = read_image(str(file_paths[0]))\n  File "c:\\Users\\mtt1e23\\OneDrive - University of Southampton\\Documents\\python-PIVTOOLs\\src\\image_handling\\load_images.py", line 34, in read_image\n    return reader_func(file_path, **kwargs)\n  File "c:\\Users\\mtt1e23\\OneDrive - University of Southampton\\Documents\\python-PIVTOOLs\\src\\image_handling\\readers\\generic_readers.py", line 11, in read_tiff\n    raise FileNotFoundError(f"Image file not found: {file_path}")\n'

2025-11-04 17:02:20,702 [WARNING] PIVResult has no passes for frame 44. Skipping save.
2025-11-04 17:02:20,704 [WARNING] PIVResult has no passes for frame 43. Skipping save.
2025-11-04 17:02:20,704 [ERROR] PIV processing failed: [Errno None] None
2025-11-04 17:02:20,705 [ERROR] PIV processing failed: [Errno None] None
2025-11-04 17:02:20,707 - distributed.worker - ERROR - Compute Failed
Key:       from-value-getitem-read_pair-stack-finalize-hlgfinalizecompute-7784610ec3854708a8a6be550762ac02
State:     executing
Task:  <Task 'from-value-getitem-read_pair-stack-finalize-hlgfinalizecompute-7784610ec3854708a8a6be550762ac02' _execute_subgraph(...)>
Exception: "FileNotFoundError('Image file not found: C:\\\\Users\\\\mtt1e23\\\\OneDrive - University of Southampton\\\\Documents\\\\#current_processing\\\\query_JHTDB\\\\Planar_Images_with_wall\\\\Cam2\\\\B00040_A.tif')"
Traceback: '  File "c:\\Users\\mtt1e23\\OneDrive - University of Southampton\\Documents\\python-PIVTOOLs\\src\\image_handling\\load_images.py", line 105, in read_pair\n    frame_a = read_image(str(file_paths[0]))\n  File "c:\\Users\\mtt1e23\\OneDrive - University of Southampton\\Documents\\python-PIVTOOLs\\src\\image_handling\\load_images.py", line 34, in read_image\n    return reader_func(file_path, **kwargs)\n  File "c:\\Users\\mtt1e23\\OneDrive - University of Southampton\\Documents\\python-PIVTOOLs\\src\\image_handling\\readers\\generic_readers.py", line 11, in read_tiff\n    raise FileNotFoundError(f"Image file not found: {file_path}")\n'

2025-11-04 17:02:20,711 [ERROR] PIV processing failed: [Errno None] None
2025-11-04 17:02:20,711 - distributed.worker - ERROR - Compute Failed
Key:       from-value-getitem-read_pair-stack-finalize-hlgfinalizecompute-47c773eada6d45e7b21d40754eb1202b
State:     executing
Task:  <Task 'from-value-getitem-read_pair-stack-finalize-hlgfinalizecompute-47c773eada6d45e7b21d40754eb1202b' _execute_subgraph(...)>
Exception: "FileNotFoundError('Image file not found: C:\\\\Users\\\\mtt1e23\\\\OneDrive - University of Southampton\\\\Documents\\\\#current_processing\\\\query_JHTDB\\\\Planar_Images_with_wall\\\\Cam2\\\\B00039_A.tif')"
Traceback: '  File "c:\\Users\\mtt1e23\\OneDrive - University of Southampton\\Documents\\python-PIVTOOLs\\src\\image_handling\\load_images.py", line 105, in read_pair\n    frame_a = read_image(str(file_paths[0]))\n  File "c:\\Users\\mtt1e23\\OneDrive - University of Southampton\\Documents\\python-PIVTOOLs\\src\\image_handling\\load_images.py", line 34, in read_image\n    return reader_func(file_path, **kwargs)\n  File "c:\\Users\\mtt1e23\\OneDrive - University of Southampton\\Documents\\python-PIVTOOLs\\src\\image_handling\\readers\\generic_readers.py", line 11, in read_tiff\n    raise FileNotFoundError(f"Image file not found: {file_path}")\n'

2025-11-04 17:02:20,712 [WARNING] PIVResult has no passes for frame 42. Skipping save.
2025-11-04 17:02:20,712 [WARNING] PIVResult has no passes for frame 41. Skipping save.
2025-11-04 17:02:20,719 [WARNING] PIVResult has no passes for frame 40. Skipping save.
2025-11-04 17:02:20,720 [ERROR] PIV processing failed: [Errno None] None
2025-11-04 17:02:20,721 - distributed.worker - ERROR - Compute Failed
Key:       from-value-getitem-read_pair-stack-finalize-hlgfinalizecompute-838ec13abdc74ec4b29f9bacc2dcd2a0
State:     executing
Task:  <Task 'from-value-getitem-read_pair-stack-finalize-hlgfinalizecompute-838ec13abdc74ec4b29f9bacc2dcd2a0' _execute_subgraph(...)>
Exception: "FileNotFoundError('Image file not found: C:\\\\Users\\\\mtt1e23\\\\OneDrive - University of Southampton\\\\Documents\\\\#current_processing\\\\query_JHTDB\\\\Planar_Images_with_wall\\\\Cam2\\\\B00038_A.tif')"
Traceback: '  File "c:\\Users\\mtt1e23\\OneDrive - University of Southampton\\Documents\\python-PIVTOOLs\\src\\image_handling\\load_images.py", line 105, in read_pair\n    frame_a = read_image(str(file_paths[0]))\n  File "c:\\Users\\mtt1e23\\OneDrive - University of Southampton\\Documents\\python-PIVTOOLs\\src\\image_handling\\load_images.py", line 34, in read_image\n    return reader_func(file_path, **kwargs)\n  File "c:\\Users\\mtt1e23\\OneDrive - University of Southampton\\Documents\\python-PIVTOOLs\\src\\image_handling\\readers\\generic_readers.py", line 11, in read_tiff\n    raise FileNotFoundError(f"Image file not found: {file_path}")\n'

2025-11-04 17:02:20,723 - distributed.worker - ERROR - Compute Failed
Key:       from-value-getitem-read_pair-stack-finalize-hlgfinalizecompute-7c78f7285ef1443c973a02abb2a9708a
State:     executing
Task:  <Task 'from-value-getitem-read_pair-stack-finalize-hlgfinalizecompute-7c78f7285ef1443c973a02abb2a9708a' _execute_subgraph(...)>
Exception: "FileNotFoundError('Image file not found: C:\\\\Users\\\\mtt1e23\\\\OneDrive - University of Southampton\\\\Documents\\\\#current_processing\\\\query_JHTDB\\\\Planar_Images_with_wall\\\\Cam2\\\\B00037_A.tif')"
Traceback: '  File "c:\\Users\\mtt1e23\\OneDrive - University of Southampton\\Documents\\python-PIVTOOLs\\src\\image_handling\\load_images.py", line 105, in read_pair\n    frame_a = read_image(str(file_paths[0]))\n  File "c:\\Users\\mtt1e23\\OneDrive - University of Southampton\\Documents\\python-PIVTOOLs\\src\\image_handling\\load_images.py", line 34, in read_image\n    return reader_func(file_path, **kwargs)\n  File "c:\\Users\\mtt1e23\\OneDrive - University of Southampton\\Documents\\python-PIVTOOLs\\src\\image_handling\\readers\\generic_readers.py", line 11, in read_tiff\n    raise FileNotFoundError(f"Image file not found: {file_path}")\n'

2025-11-04 17:02:20,724 [WARNING] PIVResult has no passes for frame 39. Skipping save.
2025-11-04 17:02:20,725 [ERROR] PIV processing failed: [Errno None] None
2025-11-04 17:02:20,725 [ERROR] PIV processing failed: [Errno None] None
2025-11-04 17:02:20,735 - distributed.worker - ERROR - Compute Failed
Key:       from-value-getitem-read_pair-stack-finalize-hlgfinalizecompute-49b385af517348f0b34b9642ae05287f
State:     executing
Task:  <Task 'from-value-getitem-read_pair-stack-finalize-hlgfinalizecompute-49b385af517348f0b34b9642ae05287f' _execute_subgraph(...)>
Exception: "FileNotFoundError('Image file not found: C:\\\\Users\\\\mtt1e23\\\\OneDrive - University of Southampton\\\\Documents\\\\#current_processing\\\\query_JHTDB\\\\Planar_Images_with_wall\\\\Cam2\\\\B00036_A.tif')"
Traceback: '  File "c:\\Users\\mtt1e23\\OneDrive - University of Southampton\\Documents\\python-PIVTOOLs\\src\\image_handling\\load_images.py", line 105, in read_pair\n    frame_a = read_image(str(file_paths[0]))\n  File "c:\\Users\\mtt1e23\\OneDrive - University of Southampton\\Documents\\python-PIVTOOLs\\src\\image_handling\\load_images.py", line 34, in read_image\n    return reader_func(file_path, **kwargs)\n  File "c:\\Users\\mtt1e23\\OneDrive - University of Southampton\\Documents\\python-PIVTOOLs\\src\\image_handling\\readers\\generic_readers.py", line 11, in read_tiff\n    raise FileNotFoundError(f"Image file not found: {file_path}")\n'

2025-11-04 17:02:20,736 - distributed.worker - ERROR - Compute Failed
Key:       from-value-getitem-read_pair-stack-finalize-hlgfinalizecompute-4c60c5d4105d404a9acc74a31088b6d1
State:     executing
Task:  <Task 'from-value-getitem-read_pair-stack-finalize-hlgfinalizecompute-4c60c5d4105d404a9acc74a31088b6d1' _execute_subgraph(...)>
Exception: "FileNotFoundError('Image file not found: C:\\\\Users\\\\mtt1e23\\\\OneDrive - University of Southampton\\\\Documents\\\\#current_processing\\\\query_JHTDB\\\\Planar_Images_with_wall\\\\Cam2\\\\B00035_A.tif')"
Traceback: '  File "c:\\Users\\mtt1e23\\OneDrive - University of Southampton\\Documents\\python-PIVTOOLs\\src\\image_handling\\load_images.py", line 105, in read_pair\n    frame_a = read_image(str(file_paths[0]))\n  File "c:\\Users\\mtt1e23\\OneDrive - University of Southampton\\Documents\\python-PIVTOOLs\\src\\image_handling\\load_images.py", line 34, in read_image\n    return reader_func(file_path, **kwargs)\n  File "c:\\Users\\mtt1e23\\OneDrive - University of Southampton\\Documents\\python-PIVTOOLs\\src\\image_handling\\readers\\generic_readers.py", line 11, in read_tiff\n    raise FileNotFoundError(f"Image file not found: {file_path}")\n'

2025-11-04 17:02:20,737 [WARNING] PIVResult has no passes for frame 38. Skipping save.
2025-11-04 17:02:20,739 [WARNING] PIVResult has no passes for frame 37. Skipping save.
2025-11-04 17:02:20,741 [ERROR] PIV processing failed: [Errno None] None
2025-11-04 17:02:20,741 [ERROR] PIV processing failed: [Errno None] None
2025-11-04 17:02:20,743 - distributed.worker - ERROR - Compute Failed
Key:       from-value-getitem-read_pair-stack-finalize-hlgfinalizecompute-e68d5a7fc23042e2894df89cacbcac4f
State:     executing
Task:  <Task 'from-value-getitem-read_pair-stack-finalize-hlgfinalizecompute-e68d5a7fc23042e2894df89cacbcac4f' _execute_subgraph(...)>
Exception: "FileNotFoundError('Image file not found: C:\\\\Users\\\\mtt1e23\\\\OneDrive - University of Southampton\\\\Documents\\\\#current_processing\\\\query_JHTDB\\\\Planar_Images_with_wall\\\\Cam2\\\\B00034_A.tif')"
Traceback: '  File "c:\\Users\\mtt1e23\\OneDrive - University of Southampton\\Documents\\python-PIVTOOLs\\src\\image_handling\\load_images.py", line 105, in read_pair\n    frame_a = read_image(str(file_paths[0]))\n  File "c:\\Users\\mtt1e23\\OneDrive - University of Southampton\\Documents\\python-PIVTOOLs\\src\\image_handling\\load_images.py", line 34, in read_image\n    return reader_func(file_path, **kwargs)\n  File "c:\\Users\\mtt1e23\\OneDrive - University of Southampton\\Documents\\python-PIVTOOLs\\src\\image_handling\\readers\\generic_readers.py", line 11, in read_tiff\n    raise FileNotFoundError(f"Image file not found: {file_path}")\n'

2025-11-04 17:02:20,750 - distributed.worker - ERROR - Compute Failed
Key:       from-value-getitem-read_pair-stack-finalize-hlgfinalizecompute-86601881b5e74a63918cc0cfa22d2a0d
State:     executing
Task:  <Task 'from-value-getitem-read_pair-stack-finalize-hlgfinalizecompute-86601881b5e74a63918cc0cfa22d2a0d' _execute_subgraph(...)>
Exception: "FileNotFoundError('Image file not found: C:\\\\Users\\\\mtt1e23\\\\OneDrive - University of Southampton\\\\Documents\\\\#current_processing\\\\query_JHTDB\\\\Planar_Images_with_wall\\\\Cam2\\\\B00033_A.tif')"
Traceback: '  File "c:\\Users\\mtt1e23\\OneDrive - University of Southampton\\Documents\\python-PIVTOOLs\\src\\image_handling\\load_images.py", line 105, in read_pair\n    frame_a = read_image(str(file_paths[0]))\n  File "c:\\Users\\mtt1e23\\OneDrive - University of Southampton\\Documents\\python-PIVTOOLs\\src\\image_handling\\load_images.py", line 34, in read_image\n    return reader_func(file_path, **kwargs)\n  File "c:\\Users\\mtt1e23\\OneDrive - University of Southampton\\Documents\\python-PIVTOOLs\\src\\image_handling\\readers\\generic_readers.py", line 11, in read_tiff\n    raise FileNotFoundError(f"Image file not found: {file_path}")\n'

2025-11-04 17:02:20,750 [ERROR] PIV processing failed: [Errno None] None
2025-11-04 17:02:20,750 [WARNING] PIVResult has no passes for frame 36. Skipping save.
2025-11-04 17:02:20,751 [WARNING] PIVResult has no passes for frame 35. Skipping save.
2025-11-04 17:02:20,753 [WARNING] PIVResult has no passes for frame 34. Skipping save.
2025-11-04 17:02:20,753 [ERROR] PIV processing failed: [Errno None] None
2025-11-04 17:02:20,765 - distributed.worker - ERROR - Compute Failed
Key:       from-value-getitem-read_pair-stack-finalize-hlgfinalizecompute-009259d19106412cae1a2f55eff879e9
State:     executing
Task:  <Task 'from-value-getitem-read_pair-stack-finalize-hlgfinalizecompute-009259d19106412cae1a2f55eff879e9' _execute_subgraph(...)>
Exception: "FileNotFoundError('Image file not found: C:\\\\Users\\\\mtt1e23\\\\OneDrive - University of Southampton\\\\Documents\\\\#current_processing\\\\query_JHTDB\\\\Planar_Images_with_wall\\\\Cam2\\\\B00032_A.tif')"
Traceback: '  File "c:\\Users\\mtt1e23\\OneDrive - University of Southampton\\Documents\\python-PIVTOOLs\\src\\image_handling\\load_images.py", line 105, in read_pair\n    frame_a = read_image(str(file_paths[0]))\n  File "c:\\Users\\mtt1e23\\OneDrive - University of Southampton\\Documents\\python-PIVTOOLs\\src\\image_handling\\load_images.py", line 34, in read_image\n    return reader_func(file_path, **kwargs)\n  File "c:\\Users\\mtt1e23\\OneDrive - University of Southampton\\Documents\\python-PIVTOOLs\\src\\image_handling\\readers\\generic_readers.py", line 11, in read_tiff\n    raise FileNotFoundError(f"Image file not found: {file_path}")\n'

2025-11-04 17:02:20,771 - distributed.worker - ERROR - Compute Failed
Key:       from-value-getitem-read_pair-stack-finalize-hlgfinalizecompute-897fa4a79cd94d87a65f303bd3a98f4a
State:     executing
Task:  <Task 'from-value-getitem-read_pair-stack-finalize-hlgfinalizecompute-897fa4a79cd94d87a65f303bd3a98f4a' _execute_subgraph(...)>
Exception: "FileNotFoundError('Image file not found: C:\\\\Users\\\\mtt1e23\\\\OneDrive - University of Southampton\\\\Documents\\\\#current_processing\\\\query_JHTDB\\\\Planar_Images_with_wall\\\\Cam2\\\\B00031_A.tif')"
Traceback: '  File "c:\\Users\\mtt1e23\\OneDrive - University of Southampton\\Documents\\python-PIVTOOLs\\src\\image_handling\\load_images.py", line 105, in read_pair\n    frame_a = read_image(str(file_paths[0]))\n  File "c:\\Users\\mtt1e23\\OneDrive - University of Southampton\\Documents\\python-PIVTOOLs\\src\\image_handling\\load_images.py", line 34, in read_image\n    return reader_func(file_path, **kwargs)\n  File "c:\\Users\\mtt1e23\\OneDrive - University of Southampton\\Documents\\python-PIVTOOLs\\src\\image_handling\\readers\\generic_readers.py", line 11, in read_tiff\n    raise FileNotFoundError(f"Image file not found: {file_path}")\n'

2025-11-04 17:02:20,775 [WARNING] PIVResult has no passes for frame 33. Skipping save.
2025-11-04 17:02:20,776 [ERROR] PIV processing failed: [Errno None] None
2025-11-04 17:02:20,779 [ERROR] PIV processing failed: [Errno None] None
2025-11-04 17:02:20,782 - distributed.worker - ERROR - Compute Failed
Key:       from-value-getitem-read_pair-stack-finalize-hlgfinalizecompute-4c27b4ee54e345998c6ba1e10704bd6f
State:     executing
Task:  <Task 'from-value-getitem-read_pair-stack-finalize-hlgfinalizecompute-4c27b4ee54e345998c6ba1e10704bd6f' _execute_subgraph(...)>
Exception: "FileNotFoundError('Image file not found: C:\\\\Users\\\\mtt1e23\\\\OneDrive - University of Southampton\\\\Documents\\\\#current_processing\\\\query_JHTDB\\\\Planar_Images_with_wall\\\\Cam2\\\\B00030_A.tif')"
Traceback: '  File "c:\\Users\\mtt1e23\\OneDrive - University of Southampton\\Documents\\python-PIVTOOLs\\src\\image_handling\\load_images.py", line 105, in read_pair\n    frame_a = read_image(str(file_paths[0]))\n  File "c:\\Users\\mtt1e23\\OneDrive - University of Southampton\\Documents\\python-PIVTOOLs\\src\\image_handling\\load_images.py", line 34, in read_image\n    return reader_func(file_path, **kwargs)\n  File "c:\\Users\\mtt1e23\\OneDrive - University of Southampton\\Documents\\python-PIVTOOLs\\src\\image_handling\\readers\\generic_readers.py", line 11, in read_tiff\n    raise FileNotFoundError(f"Image file not found: {file_path}")\n'

2025-11-04 17:02:20,783 - distributed.worker - ERROR - Compute Failed
Key:       from-value-getitem-read_pair-stack-finalize-hlgfinalizecompute-6148cc1a6f964ecc8928d5d34bf30a20
State:     executing
Task:  <Task 'from-value-getitem-read_pair-stack-finalize-hlgfinalizecompute-6148cc1a6f964ecc8928d5d34bf30a20' _execute_subgraph(...)>
Exception: "FileNotFoundError('Image file not found: C:\\\\Users\\\\mtt1e23\\\\OneDrive - University of Southampton\\\\Documents\\\\#current_processing\\\\query_JHTDB\\\\Planar_Images_with_wall\\\\Cam2\\\\B00029_A.tif')"
Traceback: '  File "c:\\Users\\mtt1e23\\OneDrive - University of Southampton\\Documents\\python-PIVTOOLs\\src\\image_handling\\load_images.py", line 105, in read_pair\n    frame_a = read_image(str(file_paths[0]))\n  File "c:\\Users\\mtt1e23\\OneDrive - University of Southampton\\Documents\\python-PIVTOOLs\\src\\image_handling\\load_images.py", line 34, in read_image\n    return reader_func(file_path, **kwargs)\n  File "c:\\Users\\mtt1e23\\OneDrive - University of Southampton\\Documents\\python-PIVTOOLs\\src\\image_handling\\readers\\generic_readers.py", line 11, in read_tiff\n    raise FileNotFoundError(f"Image file not found: {file_path}")\n'

2025-11-04 17:02:20,784 [WARNING] PIVResult has no passes for frame 32. Skipping save.
2025-11-04 17:02:20,798 [WARNING] PIVResult has no passes for frame 31. Skipping save.
2025-11-04 17:02:20,799 [ERROR] PIV processing failed: [Errno None] None
2025-11-04 17:02:20,799 [ERROR] PIV processing failed: [Errno None] None
2025-11-04 17:02:20,801 - distributed.worker - ERROR - Compute Failed
Key:       from-value-getitem-read_pair-stack-finalize-hlgfinalizecompute-51987fd9a6e641f591dd1b684f24c871
State:     executing
Task:  <Task 'from-value-getitem-read_pair-stack-finalize-hlgfinalizecompute-51987fd9a6e641f591dd1b684f24c871' _execute_subgraph(...)>
Exception: "FileNotFoundError('Image file not found: C:\\\\Users\\\\mtt1e23\\\\OneDrive - University of Southampton\\\\Documents\\\\#current_processing\\\\query_JHTDB\\\\Planar_Images_with_wall\\\\Cam2\\\\B00028_A.tif')"
Traceback: '  File "c:\\Users\\mtt1e23\\OneDrive - University of Southampton\\Documents\\python-PIVTOOLs\\src\\image_handling\\load_images.py", line 105, in read_pair\n    frame_a = read_image(str(file_paths[0]))\n  File "c:\\Users\\mtt1e23\\OneDrive - University of Southampton\\Documents\\python-PIVTOOLs\\src\\image_handling\\load_images.py", line 34, in read_image\n    return reader_func(file_path, **kwargs)\n  File "c:\\Users\\mtt1e23\\OneDrive - University of Southampton\\Documents\\python-PIVTOOLs\\src\\image_handling\\readers\\generic_readers.py", line 11, in read_tiff\n    raise FileNotFoundError(f"Image file not found: {file_path}")\n'

2025-11-04 17:02:20,803 - distributed.worker - ERROR - Compute Failed
Key:       from-value-getitem-read_pair-stack-finalize-hlgfinalizecompute-c453fb006b444466aeadfd4b9a20ae12
State:     executing
Task:  <Task 'from-value-getitem-read_pair-stack-finalize-hlgfinalizecompute-c453fb006b444466aeadfd4b9a20ae12' _execute_subgraph(...)>
Exception: "FileNotFoundError('Image file not found: C:\\\\Users\\\\mtt1e23\\\\OneDrive - University of Southampton\\\\Documents\\\\#current_processing\\\\query_JHTDB\\\\Planar_Images_with_wall\\\\Cam2\\\\B00027_A.tif')"
Traceback: '  File "c:\\Users\\mtt1e23\\OneDrive - University of Southampton\\Documents\\python-PIVTOOLs\\src\\image_handling\\load_images.py", line 105, in read_pair\n    frame_a = read_image(str(file_paths[0]))\n  File "c:\\Users\\mtt1e23\\OneDrive - University of Southampton\\Documents\\python-PIVTOOLs\\src\\image_handling\\load_images.py", line 34, in read_image\n    return reader_func(file_path, **kwargs)\n  File "c:\\Users\\mtt1e23\\OneDrive - University of Southampton\\Documents\\python-PIVTOOLs\\src\\image_handling\\readers\\generic_readers.py", line 11, in read_tiff\n    raise FileNotFoundError(f"Image file not found: {file_path}")\n'

2025-11-04 17:02:20,811 [WARNING] PIVResult has no passes for frame 30. Skipping save.
2025-11-04 17:02:20,811 [ERROR] PIV processing failed: [Errno None] None
2025-11-04 17:02:20,812 [ERROR] PIV processing failed: [Errno None] None
2025-11-04 17:02:20,812 [WARNING] PIVResult has no passes for frame 29. Skipping save.
2025-11-04 17:02:20,833 - distributed.worker - ERROR - Compute Failed
Key:       from-value-getitem-read_pair-stack-finalize-hlgfinalizecompute-2b7f551af50b41739dae43a99739c9c4
State:     executing
Task:  <Task 'from-value-getitem-read_pair-stack-finalize-hlgfinalizecompute-2b7f551af50b41739dae43a99739c9c4' _execute_subgraph(...)>
Exception: "FileNotFoundError('Image file not found: C:\\\\Users\\\\mtt1e23\\\\OneDrive - University of Southampton\\\\Documents\\\\#current_processing\\\\query_JHTDB\\\\Planar_Images_with_wall\\\\Cam2\\\\B00026_A.tif')"
Traceback: '  File "c:\\Users\\mtt1e23\\OneDrive - University of Southampton\\Documents\\python-PIVTOOLs\\src\\image_handling\\load_images.py", line 105, in read_pair\n    frame_a = read_image(str(file_paths[0]))\n  File "c:\\Users\\mtt1e23\\OneDrive - University of Southampton\\Documents\\python-PIVTOOLs\\src\\image_handling\\load_images.py", line 34, in read_image\n    return reader_func(file_path, **kwargs)\n  File "c:\\Users\\mtt1e23\\OneDrive - University of Southampton\\Documents\\python-PIVTOOLs\\src\\image_handling\\readers\\generic_readers.py", line 11, in read_tiff\n    raise FileNotFoundError(f"Image file not found: {file_path}")\n'

2025-11-04 17:02:20,834 [WARNING] PIVResult has no passes for frame 27. Skipping save.
2025-11-04 17:02:20,835 [WARNING] PIVResult has no passes for frame 28. Skipping save.
2025-11-04 17:02:20,836 [ERROR] PIV processing failed: [Errno None] None
2025-11-04 17:02:20,845 - distributed.worker - ERROR - Compute Failed
Key:       from-value-getitem-read_pair-stack-finalize-hlgfinalizecompute-8b153b4771964b5181282ff56454a070
State:     executing
Task:  <Task 'from-value-getitem-read_pair-stack-finalize-hlgfinalizecompute-8b153b4771964b5181282ff56454a070' _execute_subgraph(...)>
Exception: "FileNotFoundError('Image file not found: C:\\\\Users\\\\mtt1e23\\\\OneDrive - University of Southampton\\\\Documents\\\\#current_processing\\\\query_JHTDB\\\\Planar_Images_with_wall\\\\Cam2\\\\B00025_A.tif')"
Traceback: '  File "c:\\Users\\mtt1e23\\OneDrive - University of Southampton\\Documents\\python-PIVTOOLs\\src\\image_handling\\load_images.py", line 105, in read_pair\n    frame_a = read_image(str(file_paths[0]))\n  File "c:\\Users\\mtt1e23\\OneDrive - University of Southampton\\Documents\\python-PIVTOOLs\\src\\image_handling\\load_images.py", line 34, in read_image\n    return reader_func(file_path, **kwargs)\n  File "c:\\Users\\mtt1e23\\OneDrive - University of Southampton\\Documents\\python-PIVTOOLs\\src\\image_handling\\readers\\generic_readers.py", line 11, in read_tiff\n    raise FileNotFoundError(f"Image file not found: {file_path}")\n'

2025-11-04 17:02:20,846 - distributed.worker - ERROR - Compute Failed
Key:       from-value-getitem-read_pair-stack-finalize-hlgfinalizecompute-76d3cd05346f4241a53bf143bf46ec8a
State:     executing
Task:  <Task 'from-value-getitem-read_pair-stack-finalize-hlgfinalizecompute-76d3cd05346f4241a53bf143bf46ec8a' _execute_subgraph(...)>
Exception: "FileNotFoundError('Image file not found: C:\\\\Users\\\\mtt1e23\\\\OneDrive - University of Southampton\\\\Documents\\\\#current_processing\\\\query_JHTDB\\\\Planar_Images_with_wall\\\\Cam2\\\\B00024_A.tif')"
Traceback: '  File "c:\\Users\\mtt1e23\\OneDrive - University of Southampton\\Documents\\python-PIVTOOLs\\src\\image_handling\\load_images.py", line 105, in read_pair\n    frame_a = read_image(str(file_paths[0]))\n  File "c:\\Users\\mtt1e23\\OneDrive - University of Southampton\\Documents\\python-PIVTOOLs\\src\\image_handling\\load_images.py", line 34, in read_image\n    return reader_func(file_path, **kwargs)\n  File "c:\\Users\\mtt1e23\\OneDrive - University of Southampton\\Documents\\python-PIVTOOLs\\src\\image_handling\\readers\\generic_readers.py", line 11, in read_tiff\n    raise FileNotFoundError(f"Image file not found: {file_path}")\n'

2025-11-04 17:02:20,849 [WARNING] PIVResult has no passes for frame 26. Skipping save.
2025-11-04 17:02:20,849 [ERROR] PIV processing failed: [Errno None] None
2025-11-04 17:02:20,851 - distributed.worker - ERROR - Compute Failed
Key:       from-value-getitem-read_pair-stack-finalize-hlgfinalizecompute-167e5ce1e6904337a8f3364d1f09a176
State:     executing
Task:  <Task 'from-value-getitem-read_pair-stack-finalize-hlgfinalizecompute-167e5ce1e6904337a8f3364d1f09a176' _execute_subgraph(...)>
Exception: "FileNotFoundError('Image file not found: C:\\\\Users\\\\mtt1e23\\\\OneDrive - University of Southampton\\\\Documents\\\\#current_processing\\\\query_JHTDB\\\\Planar_Images_with_wall\\\\Cam2\\\\B00023_A.tif')"
Traceback: '  File "c:\\Users\\mtt1e23\\OneDrive - University of Southampton\\Documents\\python-PIVTOOLs\\src\\image_handling\\load_images.py", line 105, in read_pair\n    frame_a = read_image(str(file_paths[0]))\n  File "c:\\Users\\mtt1e23\\OneDrive - University of Southampton\\Documents\\python-PIVTOOLs\\src\\image_handling\\load_images.py", line 34, in read_image\n    return reader_func(file_path, **kwargs)\n  File "c:\\Users\\mtt1e23\\OneDrive - University of Southampton\\Documents\\python-PIVTOOLs\\src\\image_handling\\readers\\generic_readers.py", line 11, in read_tiff\n    raise FileNotFoundError(f"Image file not found: {file_path}")\n'

2025-11-04 17:02:20,851 [ERROR] PIV processing failed: [Errno None] None
2025-11-04 17:02:20,861 - distributed.worker - ERROR - Compute Failed
Key:       from-value-getitem-read_pair-stack-finalize-hlgfinalizecompute-1c2d3ae2431c4738a665610722b3ca21
State:     executing
Task:  <Task 'from-value-getitem-read_pair-stack-finalize-hlgfinalizecompute-1c2d3ae2431c4738a665610722b3ca21' _execute_subgraph(...)>
Exception: "FileNotFoundError('Image file not found: C:\\\\Users\\\\mtt1e23\\\\OneDrive - University of Southampton\\\\Documents\\\\#current_processing\\\\query_JHTDB\\\\Planar_Images_with_wall\\\\Cam2\\\\B00022_A.tif')"
Traceback: '  File "c:\\Users\\mtt1e23\\OneDrive - University of Southampton\\Documents\\python-PIVTOOLs\\src\\image_handling\\load_images.py", line 105, in read_pair\n    frame_a = read_image(str(file_paths[0]))\n  File "c:\\Users\\mtt1e23\\OneDrive - University of Southampton\\Documents\\python-PIVTOOLs\\src\\image_handling\\load_images.py", line 34, in read_image\n    return reader_func(file_path, **kwargs)\n  File "c:\\Users\\mtt1e23\\OneDrive - University of Southampton\\Documents\\python-PIVTOOLs\\src\\image_handling\\readers\\generic_readers.py", line 11, in read_tiff\n    raise FileNotFoundError(f"Image file not found: {file_path}")\n'

2025-11-04 17:02:20,861 [ERROR] PIV processing failed: [Errno None] None
2025-11-04 17:02:20,864 [WARNING] PIVResult has no passes for frame 25. Skipping save.
2025-11-04 17:02:20,864 [ERROR] PIV processing failed: [Errno None] None
2025-11-04 17:02:20,865 [WARNING] PIVResult has no passes for frame 24. Skipping save.
2025-11-04 17:02:20,874 [WARNING] PIVResult has no passes for frame 23. Skipping save.
2025-11-04 17:02:20,890 [WARNING] PIVResult has no passes for frame 22. Skipping save.
2025-11-04 17:02:20,892 - distributed.worker - ERROR - Compute Failed
Key:       from-value-getitem-read_pair-stack-finalize-hlgfinalizecompute-8b42d20a71e8427e94ccdfecb313dff9
State:     executing
Task:  <Task 'from-value-getitem-read_pair-stack-finalize-hlgfinalizecompute-8b42d20a71e8427e94ccdfecb313dff9' _execute_subgraph(...)>
Exception: "FileNotFoundError('Image file not found: C:\\\\Users\\\\mtt1e23\\\\OneDrive - University of Southampton\\\\Documents\\\\#current_processing\\\\query_JHTDB\\\\Planar_Images_with_wall\\\\Cam2\\\\B00021_A.tif')"
Traceback: '  File "c:\\Users\\mtt1e23\\OneDrive - University of Southampton\\Documents\\python-PIVTOOLs\\src\\image_handling\\load_images.py", line 105, in read_pair\n    frame_a = read_image(str(file_paths[0]))\n  File "c:\\Users\\mtt1e23\\OneDrive - University of Southampton\\Documents\\python-PIVTOOLs\\src\\image_handling\\load_images.py", line 34, in read_image\n    return reader_func(file_path, **kwargs)\n  File "c:\\Users\\mtt1e23\\OneDrive - University of Southampton\\Documents\\python-PIVTOOLs\\src\\image_handling\\readers\\generic_readers.py", line 11, in read_tiff\n    raise FileNotFoundError(f"Image file not found: {file_path}")\n'

2025-11-04 17:02:20,894 - distributed.worker - ERROR - Compute Failed
Key:       from-value-getitem-read_pair-stack-finalize-hlgfinalizecompute-53d8b7c1146c41189204ac79516fbbde
State:     executing
Task:  <Task 'from-value-getitem-read_pair-stack-finalize-hlgfinalizecompute-53d8b7c1146c41189204ac79516fbbde' _execute_subgraph(...)>
Exception: "FileNotFoundError('Image file not found: C:\\\\Users\\\\mtt1e23\\\\OneDrive - University of Southampton\\\\Documents\\\\#current_processing\\\\query_JHTDB\\\\Planar_Images_with_wall\\\\Cam2\\\\B00020_A.tif')"
Traceback: '  File "c:\\Users\\mtt1e23\\OneDrive - University of Southampton\\Documents\\python-PIVTOOLs\\src\\image_handling\\load_images.py", line 105, in read_pair\n    frame_a = read_image(str(file_paths[0]))\n  File "c:\\Users\\mtt1e23\\OneDrive - University of Southampton\\Documents\\python-PIVTOOLs\\src\\image_handling\\load_images.py", line 34, in read_image\n    return reader_func(file_path, **kwargs)\n  File "c:\\Users\\mtt1e23\\OneDrive - University of Southampton\\Documents\\python-PIVTOOLs\\src\\image_handling\\readers\\generic_readers.py", line 11, in read_tiff\n    raise FileNotFoundError(f"Image file not found: {file_path}")\n'

2025-11-04 17:02:20,896 [ERROR] PIV processing failed: [Errno None] None
2025-11-04 17:02:20,896 [ERROR] PIV processing failed: [Errno None] None
2025-11-04 17:02:20,909 - distributed.worker - ERROR - Compute Failed
Key:       from-value-getitem-read_pair-stack-finalize-hlgfinalizecompute-bb3bb61c159b430a94e50cccb0c43f60
State:     executing
Task:  <Task 'from-value-getitem-read_pair-stack-finalize-hlgfinalizecompute-bb3bb61c159b430a94e50cccb0c43f60' _execute_subgraph(...)>
Exception: "FileNotFoundError('Image file not found: C:\\\\Users\\\\mtt1e23\\\\OneDrive - University of Southampton\\\\Documents\\\\#current_processing\\\\query_JHTDB\\\\Planar_Images_with_wall\\\\Cam2\\\\B00019_A.tif')"
Traceback: '  File "c:\\Users\\mtt1e23\\OneDrive - University of Southampton\\Documents\\python-PIVTOOLs\\src\\image_handling\\load_images.py", line 105, in read_pair\n    frame_a = read_image(str(file_paths[0]))\n  File "c:\\Users\\mtt1e23\\OneDrive - University of Southampton\\Documents\\python-PIVTOOLs\\src\\image_handling\\load_images.py", line 34, in read_image\n    return reader_func(file_path, **kwargs)\n  File "c:\\Users\\mtt1e23\\OneDrive - University of Southampton\\Documents\\python-PIVTOOLs\\src\\image_handling\\readers\\generic_readers.py", line 11, in read_tiff\n    raise FileNotFoundError(f"Image file not found: {file_path}")\n'

2025-11-04 17:02:20,911 - distributed.worker - ERROR - Compute Failed
Key:       from-value-getitem-read_pair-stack-finalize-hlgfinalizecompute-c6a28499186840e3a490f31e363dd38e
State:     executing
Task:  <Task 'from-value-getitem-read_pair-stack-finalize-hlgfinalizecompute-c6a28499186840e3a490f31e363dd38e' _execute_subgraph(...)>
Exception: "FileNotFoundError('Image file not found: C:\\\\Users\\\\mtt1e23\\\\OneDrive - University of Southampton\\\\Documents\\\\#current_processing\\\\query_JHTDB\\\\Planar_Images_with_wall\\\\Cam2\\\\B00018_A.tif')"
Traceback: '  File "c:\\Users\\mtt1e23\\OneDrive - University of Southampton\\Documents\\python-PIVTOOLs\\src\\image_handling\\load_images.py", line 105, in read_pair\n    frame_a = read_image(str(file_paths[0]))\n  File "c:\\Users\\mtt1e23\\OneDrive - University of Southampton\\Documents\\python-PIVTOOLs\\src\\image_handling\\load_images.py", line 34, in read_image\n    return reader_func(file_path, **kwargs)\n  File "c:\\Users\\mtt1e23\\OneDrive - University of Southampton\\Documents\\python-PIVTOOLs\\src\\image_handling\\readers\\generic_readers.py", line 11, in read_tiff\n    raise FileNotFoundError(f"Image file not found: {file_path}")\n'

2025-11-04 17:02:20,913 [WARNING] PIVResult has no passes for frame 20. Skipping save.
2025-11-04 17:02:20,914 [ERROR] PIV processing failed: [Errno None] None
2025-11-04 17:02:20,915 [WARNING] PIVResult has no passes for frame 21. Skipping save.
2025-11-04 17:02:20,915 [ERROR] PIV processing failed: [Errno None] None
2025-11-04 17:02:20,923 - distributed.worker - ERROR - Compute Failed
Key:       from-value-getitem-read_pair-stack-finalize-hlgfinalizecompute-cd8a797d04404a5d93052ef879d27575
State:     executing
Task:  <Task 'from-value-getitem-read_pair-stack-finalize-hlgfinalizecompute-cd8a797d04404a5d93052ef879d27575' _execute_subgraph(...)>
Exception: "FileNotFoundError('Image file not found: C:\\\\Users\\\\mtt1e23\\\\OneDrive - University of Southampton\\\\Documents\\\\#current_processing\\\\query_JHTDB\\\\Planar_Images_with_wall\\\\Cam2\\\\B00095_A.tif')"
Traceback: '  File "c:\\Users\\mtt1e23\\OneDrive - University of Southampton\\Documents\\python-PIVTOOLs\\src\\image_handling\\load_images.py", line 105, in read_pair\n    frame_a = read_image(str(file_paths[0]))\n  File "c:\\Users\\mtt1e23\\OneDrive - University of Southampton\\Documents\\python-PIVTOOLs\\src\\image_handling\\load_images.py", line 34, in read_image\n    return reader_func(file_path, **kwargs)\n  File "c:\\Users\\mtt1e23\\OneDrive - University of Southampton\\Documents\\python-PIVTOOLs\\src\\image_handling\\readers\\generic_readers.py", line 11, in read_tiff\n    raise FileNotFoundError(f"Image file not found: {file_path}")\n'

2025-11-04 17:02:20,938 [WARNING] PIVResult has no passes for frame 19. Skipping save.
2025-11-04 17:02:20,939 [ERROR] PIV processing failed: [Errno None] None
2025-11-04 17:02:20,940 [WARNING] PIVResult has no passes for frame 18. Skipping save.
2025-11-04 17:02:20,942 - distributed.worker - ERROR - Compute Failed
Key:       from-value-getitem-read_pair-stack-finalize-hlgfinalizecompute-bd98fb7e68824c168a40686f404546bb
State:     executing
Task:  <Task 'from-value-getitem-read_pair-stack-finalize-hlgfinalizecompute-bd98fb7e68824c168a40686f404546bb' _execute_subgraph(...)>
Exception: "FileNotFoundError('Image file not found: C:\\\\Users\\\\mtt1e23\\\\OneDrive - University of Southampton\\\\Documents\\\\#current_processing\\\\query_JHTDB\\\\Planar_Images_with_wall\\\\Cam2\\\\B00094_A.tif')"
Traceback: '  File "c:\\Users\\mtt1e23\\OneDrive - University of Southampton\\Documents\\python-PIVTOOLs\\src\\image_handling\\load_images.py", line 105, in read_pair\n    frame_a = read_image(str(file_paths[0]))\n  File "c:\\Users\\mtt1e23\\OneDrive - University of Southampton\\Documents\\python-PIVTOOLs\\src\\image_handling\\load_images.py", line 34, in read_image\n    return reader_func(file_path, **kwargs)\n  File "c:\\Users\\mtt1e23\\OneDrive - University of Southampton\\Documents\\python-PIVTOOLs\\src\\image_handling\\readers\\generic_readers.py", line 11, in read_tiff\n    raise FileNotFoundError(f"Image file not found: {file_path}")\n'

2025-11-04 17:02:20,957 [WARNING] PIVResult has no passes for frame 95. Skipping save.
2025-11-04 17:02:20,958 [ERROR] PIV processing failed: [Errno None] None
2025-11-04 17:02:20,960 - distributed.worker - ERROR - Compute Failed
Key:       from-value-getitem-read_pair-stack-finalize-hlgfinalizecompute-6e7badcf5b224792b2042bed1255685b
State:     executing
Task:  <Task 'from-value-getitem-read_pair-stack-finalize-hlgfinalizecompute-6e7badcf5b224792b2042bed1255685b' _execute_subgraph(...)>
Exception: "FileNotFoundError('Image file not found: C:\\\\Users\\\\mtt1e23\\\\OneDrive - University of Southampton\\\\Documents\\\\#current_processing\\\\query_JHTDB\\\\Planar_Images_with_wall\\\\Cam2\\\\B00093_A.tif')"
Traceback: '  File "c:\\Users\\mtt1e23\\OneDrive - University of Southampton\\Documents\\python-PIVTOOLs\\src\\image_handling\\load_images.py", line 105, in read_pair\n    frame_a = read_image(str(file_paths[0]))\n  File "c:\\Users\\mtt1e23\\OneDrive - University of Southampton\\Documents\\python-PIVTOOLs\\src\\image_handling\\load_images.py", line 34, in read_image\n    return reader_func(file_path, **kwargs)\n  File "c:\\Users\\mtt1e23\\OneDrive - University of Southampton\\Documents\\python-PIVTOOLs\\src\\image_handling\\readers\\generic_readers.py", line 11, in read_tiff\n    raise FileNotFoundError(f"Image file not found: {file_path}")\n'

2025-11-04 17:02:20,973 - distributed.worker - ERROR - Compute Failed
Key:       from-value-getitem-read_pair-stack-finalize-hlgfinalizecompute-8c653898942a4cc487841233ffad2edd
State:     executing
Task:  <Task 'from-value-getitem-read_pair-stack-finalize-hlgfinalizecompute-8c653898942a4cc487841233ffad2edd' _execute_subgraph(...)>
Exception: "FileNotFoundError('Image file not found: C:\\\\Users\\\\mtt1e23\\\\OneDrive - University of Southampton\\\\Documents\\\\#current_processing\\\\query_JHTDB\\\\Planar_Images_with_wall\\\\Cam2\\\\B00092_A.tif')"
Traceback: '  File "c:\\Users\\mtt1e23\\OneDrive - University of Southampton\\Documents\\python-PIVTOOLs\\src\\image_handling\\load_images.py", line 105, in read_pair\n    frame_a = read_image(str(file_paths[0]))\n  File "c:\\Users\\mtt1e23\\OneDrive - University of Southampton\\Documents\\python-PIVTOOLs\\src\\image_handling\\load_images.py", line 34, in read_image\n    return reader_func(file_path, **kwargs)\n  File "c:\\Users\\mtt1e23\\OneDrive - University of Southampton\\Documents\\python-PIVTOOLs\\src\\image_handling\\readers\\generic_readers.py", line 11, in read_tiff\n    raise FileNotFoundError(f"Image file not found: {file_path}")\n'

2025-11-04 17:02:20,973 [ERROR] PIV processing failed: [Errno None] None
2025-11-04 17:02:20,975 [WARNING] PIVResult has no passes for frame 94. Skipping save.
2025-11-04 17:02:20,976 [ERROR] PIV processing failed: [Errno None] None
2025-11-04 17:02:20,981 - distributed.worker - ERROR - Compute Failed
Key:       from-value-getitem-read_pair-stack-finalize-hlgfinalizecompute-b2881e52a9f2455dbc8ec82760281843
State:     executing
Task:  <Task 'from-value-getitem-read_pair-stack-finalize-hlgfinalizecompute-b2881e52a9f2455dbc8ec82760281843' _execute_subgraph(...)>
Exception: "FileNotFoundError('Image file not found: C:\\\\Users\\\\mtt1e23\\\\OneDrive - University of Southampton\\\\Documents\\\\#current_processing\\\\query_JHTDB\\\\Planar_Images_with_wall\\\\Cam2\\\\B00091_A.tif')"
Traceback: '  File "c:\\Users\\mtt1e23\\OneDrive - University of Southampton\\Documents\\python-PIVTOOLs\\src\\image_handling\\load_images.py", line 105, in read_pair\n    frame_a = read_image(str(file_paths[0]))\n  File "c:\\Users\\mtt1e23\\OneDrive - University of Southampton\\Documents\\python-PIVTOOLs\\src\\image_handling\\load_images.py", line 34, in read_image\n    return reader_func(file_path, **kwargs)\n  File "c:\\Users\\mtt1e23\\OneDrive - University of Southampton\\Documents\\python-PIVTOOLs\\src\\image_handling\\readers\\generic_readers.py", line 11, in read_tiff\n    raise FileNotFoundError(f"Image file not found: {file_path}")\n'

2025-11-04 17:02:20,982 [WARNING] PIVResult has no passes for frame 93. Skipping save.
2025-11-04 17:02:20,983 [WARNING] PIVResult has no passes for frame 92. Skipping save.
2025-11-04 17:02:20,984 [ERROR] PIV processing failed: [Errno None] None
2025-11-04 17:02:21,002 - distributed.worker - ERROR - Compute Failed
Key:       from-value-getitem-read_pair-stack-finalize-hlgfinalizecompute-d86d36456b3141f7b38aeb66b4805ac6
State:     executing
Task:  <Task 'from-value-getitem-read_pair-stack-finalize-hlgfinalizecompute-d86d36456b3141f7b38aeb66b4805ac6' _execute_subgraph(...)>
Exception: "FileNotFoundError('Image file not found: C:\\\\Users\\\\mtt1e23\\\\OneDrive - University of Southampton\\\\Documents\\\\#current_processing\\\\query_JHTDB\\\\Planar_Images_with_wall\\\\Cam2\\\\B00090_A.tif')"
Traceback: '  File "c:\\Users\\mtt1e23\\OneDrive - University of Southampton\\Documents\\python-PIVTOOLs\\src\\image_handling\\load_images.py", line 105, in read_pair\n    frame_a = read_image(str(file_paths[0]))\n  File "c:\\Users\\mtt1e23\\OneDrive - University of Southampton\\Documents\\python-PIVTOOLs\\src\\image_handling\\load_images.py", line 34, in read_image\n    return reader_func(file_path, **kwargs)\n  File "c:\\Users\\mtt1e23\\OneDrive - University of Southampton\\Documents\\python-PIVTOOLs\\src\\image_handling\\readers\\generic_readers.py", line 11, in read_tiff\n    raise FileNotFoundError(f"Image file not found: {file_path}")\n'

2025-11-04 17:02:21,008 - distributed.worker - ERROR - Compute Failed
Key:       from-value-getitem-read_pair-stack-finalize-hlgfinalizecompute-0f95aa1b16994b8a861688edef153b8d
State:     executing
Task:  <Task 'from-value-getitem-read_pair-stack-finalize-hlgfinalizecompute-0f95aa1b16994b8a861688edef153b8d' _execute_subgraph(...)>
Exception: "FileNotFoundError('Image file not found: C:\\\\Users\\\\mtt1e23\\\\OneDrive - University of Southampton\\\\Documents\\\\#current_processing\\\\query_JHTDB\\\\Planar_Images_with_wall\\\\Cam2\\\\B00089_A.tif')"
Traceback: '  File "c:\\Users\\mtt1e23\\OneDrive - University of Southampton\\Documents\\python-PIVTOOLs\\src\\image_handling\\load_images.py", line 105, in read_pair\n    frame_a = read_image(str(file_paths[0]))\n  File "c:\\Users\\mtt1e23\\OneDrive - University of Southampton\\Documents\\python-PIVTOOLs\\src\\image_handling\\load_images.py", line 34, in read_image\n    return reader_func(file_path, **kwargs)\n  File "c:\\Users\\mtt1e23\\OneDrive - University of Southampton\\Documents\\python-PIVTOOLs\\src\\image_handling\\readers\\generic_readers.py", line 11, in read_tiff\n    raise FileNotFoundError(f"Image file not found: {file_path}")\n'

2025-11-04 17:02:21,011 [ERROR] PIV processing failed: [Errno None] None
2025-11-04 17:02:21,013 [WARNING] PIVResult has no passes for frame 91. Skipping save.
2025-11-04 17:02:21,013 [ERROR] PIV processing failed: [Errno None] None
2025-11-04 17:02:21,017 - distributed.worker - ERROR - Compute Failed
Key:       from-value-getitem-read_pair-stack-finalize-hlgfinalizecompute-938a830fa2ba499cbf5b536311599861
State:     executing
Task:  <Task 'from-value-getitem-read_pair-stack-finalize-hlgfinalizecompute-938a830fa2ba499cbf5b536311599861' _execute_subgraph(...)>
Exception: "FileNotFoundError('Image file not found: C:\\\\Users\\\\mtt1e23\\\\OneDrive - University of Southampton\\\\Documents\\\\#current_processing\\\\query_JHTDB\\\\Planar_Images_with_wall\\\\Cam2\\\\B00088_A.tif')"
Traceback: '  File "c:\\Users\\mtt1e23\\OneDrive - University of Southampton\\Documents\\python-PIVTOOLs\\src\\image_handling\\load_images.py", line 105, in read_pair\n    frame_a = read_image(str(file_paths[0]))\n  File "c:\\Users\\mtt1e23\\OneDrive - University of Southampton\\Documents\\python-PIVTOOLs\\src\\image_handling\\load_images.py", line 34, in read_image\n    return reader_func(file_path, **kwargs)\n  File "c:\\Users\\mtt1e23\\OneDrive - University of Southampton\\Documents\\python-PIVTOOLs\\src\\image_handling\\readers\\generic_readers.py", line 11, in read_tiff\n    raise FileNotFoundError(f"Image file not found: {file_path}")\n'

2025-11-04 17:02:21,020 [WARNING] PIVResult has no passes for frame 90. Skipping save.
2025-11-04 17:02:21,021 [ERROR] PIV processing failed: [Errno None] None
2025-11-04 17:02:21,022 [WARNING] PIVResult has no passes for frame 89. Skipping save.
2025-11-04 17:02:21,026 - distributed.worker - ERROR - Compute Failed
Key:       from-value-getitem-read_pair-stack-finalize-hlgfinalizecompute-fc1c9a113499478f8f7a9c5f2bc57664
State:     executing
Task:  <Task 'from-value-getitem-read_pair-stack-finalize-hlgfinalizecompute-fc1c9a113499478f8f7a9c5f2bc57664' _execute_subgraph(...)>
Exception: "FileNotFoundError('Image file not found: C:\\\\Users\\\\mtt1e23\\\\OneDrive - University of Southampton\\\\Documents\\\\#current_processing\\\\query_JHTDB\\\\Planar_Images_with_wall\\\\Cam2\\\\B00087_A.tif')"
Traceback: '  File "c:\\Users\\mtt1e23\\OneDrive - University of Southampton\\Documents\\python-PIVTOOLs\\src\\image_handling\\load_images.py", line 105, in read_pair\n    frame_a = read_image(str(file_paths[0]))\n  File "c:\\Users\\mtt1e23\\OneDrive - University of Southampton\\Documents\\python-PIVTOOLs\\src\\image_handling\\load_images.py", line 34, in read_image\n    return reader_func(file_path, **kwargs)\n  File "c:\\Users\\mtt1e23\\OneDrive - University of Southampton\\Documents\\python-PIVTOOLs\\src\\image_handling\\readers\\generic_readers.py", line 11, in read_tiff\n    raise FileNotFoundError(f"Image file not found: {file_path}")\n'

2025-11-04 17:02:21,027 [WARNING] PIVResult has no passes for frame 88. Skipping save.
2025-11-04 17:02:21,031 [ERROR] PIV processing failed: [Errno None] None
2025-11-04 17:02:21,047 - distributed.worker - ERROR - Compute Failed
Key:       from-value-getitem-read_pair-stack-finalize-hlgfinalizecompute-4a316108ecd84bf78197ae9eaa10842d
State:     executing
Task:  <Task 'from-value-getitem-read_pair-stack-finalize-hlgfinalizecompute-4a316108ecd84bf78197ae9eaa10842d' _execute_subgraph(...)>
Exception: "FileNotFoundError('Image file not found: C:\\\\Users\\\\mtt1e23\\\\OneDrive - University of Southampton\\\\Documents\\\\#current_processing\\\\query_JHTDB\\\\Planar_Images_with_wall\\\\Cam2\\\\B00086_A.tif')"
Traceback: '  File "c:\\Users\\mtt1e23\\OneDrive - University of Southampton\\Documents\\python-PIVTOOLs\\src\\image_handling\\load_images.py", line 105, in read_pair\n    frame_a = read_image(str(file_paths[0]))\n  File "c:\\Users\\mtt1e23\\OneDrive - University of Southampton\\Documents\\python-PIVTOOLs\\src\\image_handling\\load_images.py", line 34, in read_image\n    return reader_func(file_path, **kwargs)\n  File "c:\\Users\\mtt1e23\\OneDrive - University of Southampton\\Documents\\python-PIVTOOLs\\src\\image_handling\\readers\\generic_readers.py", line 11, in read_tiff\n    raise FileNotFoundError(f"Image file not found: {file_path}")\n'

2025-11-04 17:02:21,053 - distributed.worker - ERROR - Compute Failed
Key:       from-value-getitem-read_pair-stack-finalize-hlgfinalizecompute-6cc3eb50c2a346099aace5c3bc3fec23
State:     executing
Task:  <Task 'from-value-getitem-read_pair-stack-finalize-hlgfinalizecompute-6cc3eb50c2a346099aace5c3bc3fec23' _execute_subgraph(...)>
Exception: "FileNotFoundError('Image file not found: C:\\\\Users\\\\mtt1e23\\\\OneDrive - University of Southampton\\\\Documents\\\\#current_processing\\\\query_JHTDB\\\\Planar_Images_with_wall\\\\Cam2\\\\B00085_A.tif')"
Traceback: '  File "c:\\Users\\mtt1e23\\OneDrive - University of Southampton\\Documents\\python-PIVTOOLs\\src\\image_handling\\load_images.py", line 105, in read_pair\n    frame_a = read_image(str(file_paths[0]))\n  File "c:\\Users\\mtt1e23\\OneDrive - University of Southampton\\Documents\\python-PIVTOOLs\\src\\image_handling\\load_images.py", line 34, in read_image\n    return reader_func(file_path, **kwargs)\n  File "c:\\Users\\mtt1e23\\OneDrive - University of Southampton\\Documents\\python-PIVTOOLs\\src\\image_handling\\readers\\generic_readers.py", line 11, in read_tiff\n    raise FileNotFoundError(f"Image file not found: {file_path}")\n'

2025-11-04 17:02:21,053 [ERROR] PIV processing failed: [Errno None] None
2025-11-04 17:02:21,054 [WARNING] PIVResult has no passes for frame 87. Skipping save.
2025-11-04 17:02:21,055 [ERROR] PIV processing failed: [Errno None] None
2025-11-04 17:02:21,062 - distributed.worker - ERROR - Compute Failed
Key:       from-value-getitem-read_pair-stack-finalize-hlgfinalizecompute-9829314ff2314464bd464efac17855ec
State:     executing
Task:  <Task 'from-value-getitem-read_pair-stack-finalize-hlgfinalizecompute-9829314ff2314464bd464efac17855ec' _execute_subgraph(...)>
Exception: "FileNotFoundError('Image file not found: C:\\\\Users\\\\mtt1e23\\\\OneDrive - University of Southampton\\\\Documents\\\\#current_processing\\\\query_JHTDB\\\\Planar_Images_with_wall\\\\Cam2\\\\B00084_A.tif')"
Traceback: '  File "c:\\Users\\mtt1e23\\OneDrive - University of Southampton\\Documents\\python-PIVTOOLs\\src\\image_handling\\load_images.py", line 105, in read_pair\n    frame_a = read_image(str(file_paths[0]))\n  File "c:\\Users\\mtt1e23\\OneDrive - University of Southampton\\Documents\\python-PIVTOOLs\\src\\image_handling\\load_images.py", line 34, in read_image\n    return reader_func(file_path, **kwargs)\n  File "c:\\Users\\mtt1e23\\OneDrive - University of Southampton\\Documents\\python-PIVTOOLs\\src\\image_handling\\readers\\generic_readers.py", line 11, in read_tiff\n    raise FileNotFoundError(f"Image file not found: {file_path}")\n'

2025-11-04 17:02:21,062 [WARNING] PIVResult has no passes for frame 86. Skipping save.
2025-11-04 17:02:21,066 [WARNING] PIVResult has no passes for frame 85. Skipping save.
2025-11-04 17:02:21,067 [ERROR] PIV processing failed: [Errno None] None
2025-11-04 17:02:21,074 - distributed.worker - ERROR - Compute Failed
Key:       from-value-getitem-read_pair-stack-finalize-hlgfinalizecompute-1678063425a045bd9aedd371059a95f8
State:     executing
Task:  <Task 'from-value-getitem-read_pair-stack-finalize-hlgfinalizecompute-1678063425a045bd9aedd371059a95f8' _execute_subgraph(...)>
Exception: "FileNotFoundError('Image file not found: C:\\\\Users\\\\mtt1e23\\\\OneDrive - University of Southampton\\\\Documents\\\\#current_processing\\\\query_JHTDB\\\\Planar_Images_with_wall\\\\Cam2\\\\B00083_A.tif')"
Traceback: '  File "c:\\Users\\mtt1e23\\OneDrive - University of Southampton\\Documents\\python-PIVTOOLs\\src\\image_handling\\load_images.py", line 105, in read_pair\n    frame_a = read_image(str(file_paths[0]))\n  File "c:\\Users\\mtt1e23\\OneDrive - University of Southampton\\Documents\\python-PIVTOOLs\\src\\image_handling\\load_images.py", line 34, in read_image\n    return reader_func(file_path, **kwargs)\n  File "c:\\Users\\mtt1e23\\OneDrive - University of Southampton\\Documents\\python-PIVTOOLs\\src\\image_handling\\readers\\generic_readers.py", line 11, in read_tiff\n    raise FileNotFoundError(f"Image file not found: {file_path}")\n'

2025-11-04 17:02:21,075 - distributed.worker - ERROR - Compute Failed
Key:       from-value-getitem-read_pair-stack-finalize-hlgfinalizecompute-eaea0da0a6eb4453b7558cff7f8d0724
State:     executing
Task:  <Task 'from-value-getitem-read_pair-stack-finalize-hlgfinalizecompute-eaea0da0a6eb4453b7558cff7f8d0724' _execute_subgraph(...)>
Exception: "FileNotFoundError('Image file not found: C:\\\\Users\\\\mtt1e23\\\\OneDrive - University of Southampton\\\\Documents\\\\#current_processing\\\\query_JHTDB\\\\Planar_Images_with_wall\\\\Cam2\\\\B00082_A.tif')"
Traceback: '  File "c:\\Users\\mtt1e23\\OneDrive - University of Southampton\\Documents\\python-PIVTOOLs\\src\\image_handling\\load_images.py", line 105, in read_pair\n    frame_a = read_image(str(file_paths[0]))\n  File "c:\\Users\\mtt1e23\\OneDrive - University of Southampton\\Documents\\python-PIVTOOLs\\src\\image_handling\\load_images.py", line 34, in read_image\n    return reader_func(file_path, **kwargs)\n  File "c:\\Users\\mtt1e23\\OneDrive - University of Southampton\\Documents\\python-PIVTOOLs\\src\\image_handling\\readers\\generic_readers.py", line 11, in read_tiff\n    raise FileNotFoundError(f"Image file not found: {file_path}")\n'

2025-11-04 17:02:21,077 [WARNING] PIVResult has no passes for frame 84. Skipping save.
2025-11-04 17:02:21,078 [ERROR] PIV processing failed: [Errno None] None
2025-11-04 17:02:21,080 [ERROR] PIV processing failed: [Errno None] None
2025-11-04 17:02:21,094 - distributed.worker - ERROR - Compute Failed
Key:       from-value-getitem-read_pair-stack-finalize-hlgfinalizecompute-b107329d20ec42b5832ed047e3c66971
State:     executing
Task:  <Task 'from-value-getitem-read_pair-stack-finalize-hlgfinalizecompute-b107329d20ec42b5832ed047e3c66971' _execute_subgraph(...)>
Exception: "FileNotFoundError('Image file not found: C:\\\\Users\\\\mtt1e23\\\\OneDrive - University of Southampton\\\\Documents\\\\#current_processing\\\\query_JHTDB\\\\Planar_Images_with_wall\\\\Cam2\\\\B00081_A.tif')"
Traceback: '  File "c:\\Users\\mtt1e23\\OneDrive - University of Southampton\\Documents\\python-PIVTOOLs\\src\\image_handling\\load_images.py", line 105, in read_pair\n    frame_a = read_image(str(file_paths[0]))\n  File "c:\\Users\\mtt1e23\\OneDrive - University of Southampton\\Documents\\python-PIVTOOLs\\src\\image_handling\\load_images.py", line 34, in read_image\n    return reader_func(file_path, **kwargs)\n  File "c:\\Users\\mtt1e23\\OneDrive - University of Southampton\\Documents\\python-PIVTOOLs\\src\\image_handling\\readers\\generic_readers.py", line 11, in read_tiff\n    raise FileNotFoundError(f"Image file not found: {file_path}")\n'

2025-11-04 17:02:21,095 - distributed.worker - ERROR - Compute Failed
Key:       from-value-getitem-read_pair-stack-finalize-hlgfinalizecompute-22ff58a5ef05474b841bacdb2f798acd
State:     executing
Task:  <Task 'from-value-getitem-read_pair-stack-finalize-hlgfinalizecompute-22ff58a5ef05474b841bacdb2f798acd' _execute_subgraph(...)>
Exception: "FileNotFoundError('Image file not found: C:\\\\Users\\\\mtt1e23\\\\OneDrive - University of Southampton\\\\Documents\\\\#current_processing\\\\query_JHTDB\\\\Planar_Images_with_wall\\\\Cam2\\\\B00080_A.tif')"
Traceback: '  File "c:\\Users\\mtt1e23\\OneDrive - University of Southampton\\Documents\\python-PIVTOOLs\\src\\image_handling\\load_images.py", line 105, in read_pair\n    frame_a = read_image(str(file_paths[0]))\n  File "c:\\Users\\mtt1e23\\OneDrive - University of Southampton\\Documents\\python-PIVTOOLs\\src\\image_handling\\load_images.py", line 34, in read_image\n    return reader_func(file_path, **kwargs)\n  File "c:\\Users\\mtt1e23\\OneDrive - University of Southampton\\Documents\\python-PIVTOOLs\\src\\image_handling\\readers\\generic_readers.py", line 11, in read_tiff\n    raise FileNotFoundError(f"Image file not found: {file_path}")\n'

2025-11-04 17:02:21,109 [WARNING] PIVResult has no passes for frame 83. Skipping save.
2025-11-04 17:02:21,110 [ERROR] PIV processing failed: [Errno None] None
2025-11-04 17:02:21,110 [ERROR] PIV processing failed: [Errno None] None
2025-11-04 17:02:21,111 [WARNING] PIVResult has no passes for frame 82. Skipping save.
2025-11-04 17:02:21,125 - distributed.worker - ERROR - Compute Failed
Key:       from-value-getitem-read_pair-stack-finalize-hlgfinalizecompute-fd5f9e15a0e2471c98cf8ca543640855
State:     executing
Task:  <Task 'from-value-getitem-read_pair-stack-finalize-hlgfinalizecompute-fd5f9e15a0e2471c98cf8ca543640855' _execute_subgraph(...)>
Exception: "FileNotFoundError('Image file not found: C:\\\\Users\\\\mtt1e23\\\\OneDrive - University of Southampton\\\\Documents\\\\#current_processing\\\\query_JHTDB\\\\Planar_Images_with_wall\\\\Cam2\\\\B00079_A.tif')"
Traceback: '  File "c:\\Users\\mtt1e23\\OneDrive - University of Southampton\\Documents\\python-PIVTOOLs\\src\\image_handling\\load_images.py", line 105, in read_pair\n    frame_a = read_image(str(file_paths[0]))\n  File "c:\\Users\\mtt1e23\\OneDrive - University of Southampton\\Documents\\python-PIVTOOLs\\src\\image_handling\\load_images.py", line 34, in read_image\n    return reader_func(file_path, **kwargs)\n  File "c:\\Users\\mtt1e23\\OneDrive - University of Southampton\\Documents\\python-PIVTOOLs\\src\\image_handling\\readers\\generic_readers.py", line 11, in read_tiff\n    raise FileNotFoundError(f"Image file not found: {file_path}")\n'

2025-11-04 17:02:21,140 [WARNING] PIVResult has no passes for frame 81. Skipping save.
2025-11-04 17:02:21,140 [ERROR] PIV processing failed: [Errno None] None
2025-11-04 17:02:21,141 [WARNING] PIVResult has no passes for frame 80. Skipping save.
2025-11-04 17:02:21,161 - distributed.worker - ERROR - Compute Failed
Key:       from-value-getitem-read_pair-stack-finalize-hlgfinalizecompute-9b9f7701f10f4bc7ba7f0c6a0601e62f
State:     executing
Task:  <Task 'from-value-getitem-read_pair-stack-finalize-hlgfinalizecompute-9b9f7701f10f4bc7ba7f0c6a0601e62f' _execute_subgraph(...)>
Exception: "FileNotFoundError('Image file not found: C:\\\\Users\\\\mtt1e23\\\\OneDrive - University of Southampton\\\\Documents\\\\#current_processing\\\\query_JHTDB\\\\Planar_Images_with_wall\\\\Cam2\\\\B00078_A.tif')"
Traceback: '  File "c:\\Users\\mtt1e23\\OneDrive - University of Southampton\\Documents\\python-PIVTOOLs\\src\\image_handling\\load_images.py", line 105, in read_pair\n    frame_a = read_image(str(file_paths[0]))\n  File "c:\\Users\\mtt1e23\\OneDrive - University of Southampton\\Documents\\python-PIVTOOLs\\src\\image_handling\\load_images.py", line 34, in read_image\n    return reader_func(file_path, **kwargs)\n  File "c:\\Users\\mtt1e23\\OneDrive - University of Southampton\\Documents\\python-PIVTOOLs\\src\\image_handling\\readers\\generic_readers.py", line 11, in read_tiff\n    raise FileNotFoundError(f"Image file not found: {file_path}")\n'

2025-11-04 17:02:21,166 [WARNING] PIVResult has no passes for frame 79. Skipping save.
2025-11-04 17:02:21,166 [ERROR] PIV processing failed: [Errno None] None
2025-11-04 17:02:21,173 - distributed.worker - ERROR - Compute Failed
Key:       from-value-getitem-read_pair-stack-finalize-hlgfinalizecompute-9fd2157db532419ba5ed98eb9adb50c7
State:     executing
Task:  <Task 'from-value-getitem-read_pair-stack-finalize-hlgfinalizecompute-9fd2157db532419ba5ed98eb9adb50c7' _execute_subgraph(...)>
Exception: "FileNotFoundError('Image file not found: C:\\\\Users\\\\mtt1e23\\\\OneDrive - University of Southampton\\\\Documents\\\\#current_processing\\\\query_JHTDB\\\\Planar_Images_with_wall\\\\Cam2\\\\B00077_A.tif')"
Traceback: '  File "c:\\Users\\mtt1e23\\OneDrive - University of Southampton\\Documents\\python-PIVTOOLs\\src\\image_handling\\load_images.py", line 105, in read_pair\n    frame_a = read_image(str(file_paths[0]))\n  File "c:\\Users\\mtt1e23\\OneDrive - University of Southampton\\Documents\\python-PIVTOOLs\\src\\image_handling\\load_images.py", line 34, in read_image\n    return reader_func(file_path, **kwargs)\n  File "c:\\Users\\mtt1e23\\OneDrive - University of Southampton\\Documents\\python-PIVTOOLs\\src\\image_handling\\readers\\generic_readers.py", line 11, in read_tiff\n    raise FileNotFoundError(f"Image file not found: {file_path}")\n'

2025-11-04 17:02:21,177 - distributed.worker - ERROR - Compute Failed
Key:       from-value-getitem-read_pair-stack-finalize-hlgfinalizecompute-b0d047d549354433b091d99843dddb10
State:     executing
Task:  <Task 'from-value-getitem-read_pair-stack-finalize-hlgfinalizecompute-b0d047d549354433b091d99843dddb10' _execute_subgraph(...)>
Exception: "FileNotFoundError('Image file not found: C:\\\\Users\\\\mtt1e23\\\\OneDrive - University of Southampton\\\\Documents\\\\#current_processing\\\\query_JHTDB\\\\Planar_Images_with_wall\\\\Cam2\\\\B00076_A.tif')"
Traceback: '  File "c:\\Users\\mtt1e23\\OneDrive - University of Southampton\\Documents\\python-PIVTOOLs\\src\\image_handling\\load_images.py", line 105, in read_pair\n    frame_a = read_image(str(file_paths[0]))\n  File "c:\\Users\\mtt1e23\\OneDrive - University of Southampton\\Documents\\python-PIVTOOLs\\src\\image_handling\\load_images.py", line 34, in read_image\n    return reader_func(file_path, **kwargs)\n  File "c:\\Users\\mtt1e23\\OneDrive - University of Southampton\\Documents\\python-PIVTOOLs\\src\\image_handling\\readers\\generic_readers.py", line 11, in read_tiff\n    raise FileNotFoundError(f"Image file not found: {file_path}")\n'

2025-11-04 17:02:21,179 [WARNING] PIVResult has no passes for frame 78. Skipping save.
2025-11-04 17:02:21,182 [ERROR] PIV processing failed: [Errno None] None
2025-11-04 17:02:21,183 [ERROR] PIV processing failed: [Errno None] None
2025-11-04 17:02:21,185 - distributed.worker - ERROR - Compute Failed
Key:       from-value-getitem-read_pair-stack-finalize-hlgfinalizecompute-e10947de403c4c00ba4a80c4f7b2f892
State:     executing
Task:  <Task 'from-value-getitem-read_pair-stack-finalize-hlgfinalizecompute-e10947de403c4c00ba4a80c4f7b2f892' _execute_subgraph(...)>
Exception: "FileNotFoundError('Image file not found: C:\\\\Users\\\\mtt1e23\\\\OneDrive - University of Southampton\\\\Documents\\\\#current_processing\\\\query_JHTDB\\\\Planar_Images_with_wall\\\\Cam2\\\\B00075_A.tif')"
Traceback: '  File "c:\\Users\\mtt1e23\\OneDrive - University of Southampton\\Documents\\python-PIVTOOLs\\src\\image_handling\\load_images.py", line 105, in read_pair\n    frame_a = read_image(str(file_paths[0]))\n  File "c:\\Users\\mtt1e23\\OneDrive - University of Southampton\\Documents\\python-PIVTOOLs\\src\\image_handling\\load_images.py", line 34, in read_image\n    return reader_func(file_path, **kwargs)\n  File "c:\\Users\\mtt1e23\\OneDrive - University of Southampton\\Documents\\python-PIVTOOLs\\src\\image_handling\\readers\\generic_readers.py", line 11, in read_tiff\n    raise FileNotFoundError(f"Image file not found: {file_path}")\n'

2025-11-04 17:02:21,187 - distributed.worker - ERROR - Compute Failed
Key:       from-value-getitem-read_pair-stack-finalize-hlgfinalizecompute-084f6e782da14d6c86f61e7b6b5356a3
State:     executing
Task:  <Task 'from-value-getitem-read_pair-stack-finalize-hlgfinalizecompute-084f6e782da14d6c86f61e7b6b5356a3' _execute_subgraph(...)>
Exception: "FileNotFoundError('Image file not found: C:\\\\Users\\\\mtt1e23\\\\OneDrive - University of Southampton\\\\Documents\\\\#current_processing\\\\query_JHTDB\\\\Planar_Images_with_wall\\\\Cam2\\\\B00074_A.tif')"
Traceback: '  File "c:\\Users\\mtt1e23\\OneDrive - University of Southampton\\Documents\\python-PIVTOOLs\\src\\image_handling\\load_images.py", line 105, in read_pair\n    frame_a = read_image(str(file_paths[0]))\n  File "c:\\Users\\mtt1e23\\OneDrive - University of Southampton\\Documents\\python-PIVTOOLs\\src\\image_handling\\load_images.py", line 34, in read_image\n    return reader_func(file_path, **kwargs)\n  File "c:\\Users\\mtt1e23\\OneDrive - University of Southampton\\Documents\\python-PIVTOOLs\\src\\image_handling\\readers\\generic_readers.py", line 11, in read_tiff\n    raise FileNotFoundError(f"Image file not found: {file_path}")\n'

2025-11-04 17:02:21,190 [WARNING] PIVResult has no passes for frame 76. Skipping save.
2025-11-04 17:02:21,190 [ERROR] PIV processing failed: [Errno None] None
2025-11-04 17:02:21,191 [WARNING] PIVResult has no passes for frame 77. Skipping save.
2025-11-04 17:02:21,202 [ERROR] PIV processing failed: [Errno None] None
2025-11-04 17:02:21,220 - distributed.worker - ERROR - Compute Failed
Key:       from-value-getitem-read_pair-stack-finalize-hlgfinalizecompute-0fd988e8fa12464abadcf5d97db81ca4
State:     executing
Task:  <Task 'from-value-getitem-read_pair-stack-finalize-hlgfinalizecompute-0fd988e8fa12464abadcf5d97db81ca4' _execute_subgraph(...)>
Exception: "FileNotFoundError('Image file not found: C:\\\\Users\\\\mtt1e23\\\\OneDrive - University of Southampton\\\\Documents\\\\#current_processing\\\\query_JHTDB\\\\Planar_Images_with_wall\\\\Cam2\\\\B00073_A.tif')"
Traceback: '  File "c:\\Users\\mtt1e23\\OneDrive - University of Southampton\\Documents\\python-PIVTOOLs\\src\\image_handling\\load_images.py", line 105, in read_pair\n    frame_a = read_image(str(file_paths[0]))\n  File "c:\\Users\\mtt1e23\\OneDrive - University of Southampton\\Documents\\python-PIVTOOLs\\src\\image_handling\\load_images.py", line 34, in read_image\n    return reader_func(file_path, **kwargs)\n  File "c:\\Users\\mtt1e23\\OneDrive - University of Southampton\\Documents\\python-PIVTOOLs\\src\\image_handling\\readers\\generic_readers.py", line 11, in read_tiff\n    raise FileNotFoundError(f"Image file not found: {file_path}")\n'

2025-11-04 17:02:21,220 [WARNING] PIVResult has no passes for frame 74. Skipping save.
2025-11-04 17:02:21,221 [WARNING] PIVResult has no passes for frame 75. Skipping save.
2025-11-04 17:02:21,222 [ERROR] PIV processing failed: [Errno None] None
2025-11-04 17:02:21,234 - distributed.worker - ERROR - Compute Failed
Key:       from-value-getitem-read_pair-stack-finalize-hlgfinalizecompute-287963fa9eff48468f793867ede4ea89
State:     executing
Task:  <Task 'from-value-getitem-read_pair-stack-finalize-hlgfinalizecompute-287963fa9eff48468f793867ede4ea89' _execute_subgraph(...)>
Exception: "FileNotFoundError('Image file not found: C:\\\\Users\\\\mtt1e23\\\\OneDrive - University of Southampton\\\\Documents\\\\#current_processing\\\\query_JHTDB\\\\Planar_Images_with_wall\\\\Cam2\\\\B00072_A.tif')"
Traceback: '  File "c:\\Users\\mtt1e23\\OneDrive - University of Southampton\\Documents\\python-PIVTOOLs\\src\\image_handling\\load_images.py", line 105, in read_pair\n    frame_a = read_image(str(file_paths[0]))\n  File "c:\\Users\\mtt1e23\\OneDrive - University of Southampton\\Documents\\python-PIVTOOLs\\src\\image_handling\\load_images.py", line 34, in read_image\n    return reader_func(file_path, **kwargs)\n  File "c:\\Users\\mtt1e23\\OneDrive - University of Southampton\\Documents\\python-PIVTOOLs\\src\\image_handling\\readers\\generic_readers.py", line 11, in read_tiff\n    raise FileNotFoundError(f"Image file not found: {file_path}")\n'

2025-11-04 17:02:21,235 - distributed.worker - ERROR - Compute Failed
Key:       from-value-getitem-read_pair-stack-finalize-hlgfinalizecompute-89dc9461f56c427495224e0b1c0abdf0
State:     executing
Task:  <Task 'from-value-getitem-read_pair-stack-finalize-hlgfinalizecompute-89dc9461f56c427495224e0b1c0abdf0' _execute_subgraph(...)>
Exception: "FileNotFoundError('Image file not found: C:\\\\Users\\\\mtt1e23\\\\OneDrive - University of Southampton\\\\Documents\\\\#current_processing\\\\query_JHTDB\\\\Planar_Images_with_wall\\\\Cam2\\\\B00071_A.tif')"
Traceback: '  File "c:\\Users\\mtt1e23\\OneDrive - University of Southampton\\Documents\\python-PIVTOOLs\\src\\image_handling\\load_images.py", line 105, in read_pair\n    frame_a = read_image(str(file_paths[0]))\n  File "c:\\Users\\mtt1e23\\OneDrive - University of Southampton\\Documents\\python-PIVTOOLs\\src\\image_handling\\load_images.py", line 34, in read_image\n    return reader_func(file_path, **kwargs)\n  File "c:\\Users\\mtt1e23\\OneDrive - University of Southampton\\Documents\\python-PIVTOOLs\\src\\image_handling\\readers\\generic_readers.py", line 11, in read_tiff\n    raise FileNotFoundError(f"Image file not found: {file_path}")\n'

2025-11-04 17:02:21,251 [WARNING] PIVResult has no passes for frame 73. Skipping save.
2025-11-04 17:02:21,252 [ERROR] PIV processing failed: [Errno None] None
2025-11-04 17:02:21,252 [ERROR] PIV processing failed: [Errno None] None
2025-11-04 17:02:21,256 - distributed.worker - ERROR - Compute Failed
Key:       from-value-getitem-read_pair-stack-finalize-hlgfinalizecompute-b8dd3d23df194e44be8ec6acd3e9c813
State:     executing
Task:  <Task 'from-value-getitem-read_pair-stack-finalize-hlgfinalizecompute-b8dd3d23df194e44be8ec6acd3e9c813' _execute_subgraph(...)>
Exception: "FileNotFoundError('Image file not found: C:\\\\Users\\\\mtt1e23\\\\OneDrive - University of Southampton\\\\Documents\\\\#current_processing\\\\query_JHTDB\\\\Planar_Images_with_wall\\\\Cam2\\\\B00070_A.tif')"
Traceback: '  File "c:\\Users\\mtt1e23\\OneDrive - University of Southampton\\Documents\\python-PIVTOOLs\\src\\image_handling\\load_images.py", line 105, in read_pair\n    frame_a = read_image(str(file_paths[0]))\n  File "c:\\Users\\mtt1e23\\OneDrive - University of Southampton\\Documents\\python-PIVTOOLs\\src\\image_handling\\load_images.py", line 34, in read_image\n    return reader_func(file_path, **kwargs)\n  File "c:\\Users\\mtt1e23\\OneDrive - University of Southampton\\Documents\\python-PIVTOOLs\\src\\image_handling\\readers\\generic_readers.py", line 11, in read_tiff\n    raise FileNotFoundError(f"Image file not found: {file_path}")\n'

2025-11-04 17:02:21,266 - distributed.worker - ERROR - Compute Failed
Key:       from-value-getitem-read_pair-stack-finalize-hlgfinalizecompute-cc3a6be6f9cb4b41aefadb61cef669d9
State:     executing
Task:  <Task 'from-value-getitem-read_pair-stack-finalize-hlgfinalizecompute-cc3a6be6f9cb4b41aefadb61cef669d9' _execute_subgraph(...)>
Exception: "FileNotFoundError('Image file not found: C:\\\\Users\\\\mtt1e23\\\\OneDrive - University of Southampton\\\\Documents\\\\#current_processing\\\\query_JHTDB\\\\Planar_Images_with_wall\\\\Cam2\\\\B00069_A.tif')"
Traceback: '  File "c:\\Users\\mtt1e23\\OneDrive - University of Southampton\\Documents\\python-PIVTOOLs\\src\\image_handling\\load_images.py", line 105, in read_pair\n    frame_a = read_image(str(file_paths[0]))\n  File "c:\\Users\\mtt1e23\\OneDrive - University of Southampton\\Documents\\python-PIVTOOLs\\src\\image_handling\\load_images.py", line 34, in read_image\n    return reader_func(file_path, **kwargs)\n  File "c:\\Users\\mtt1e23\\OneDrive - University of Southampton\\Documents\\python-PIVTOOLs\\src\\image_handling\\readers\\generic_readers.py", line 11, in read_tiff\n    raise FileNotFoundError(f"Image file not found: {file_path}")\n'

2025-11-04 17:02:21,266 [ERROR] PIV processing failed: [Errno None] None
2025-11-04 17:02:21,267 [WARNING] PIVResult has no passes for frame 71. Skipping save.
2025-11-04 17:02:21,271 [WARNING] PIVResult has no passes for frame 72. Skipping save.
2025-11-04 17:02:21,271 [ERROR] PIV processing failed: [Errno None] None
2025-11-04 17:02:21,275 [WARNING] PIVResult has no passes for frame 70. Skipping save.
2025-11-04 17:02:21,277 - distributed.worker - ERROR - Compute Failed
Key:       from-value-getitem-read_pair-stack-finalize-hlgfinalizecompute-06a3ee8b5a1a4aa097b344438a3f91ef
State:     executing
Task:  <Task 'from-value-getitem-read_pair-stack-finalize-hlgfinalizecompute-06a3ee8b5a1a4aa097b344438a3f91ef' _execute_subgraph(...)>
Exception: "FileNotFoundError('Image file not found: C:\\\\Users\\\\mtt1e23\\\\OneDrive - University of Southampton\\\\Documents\\\\#current_processing\\\\query_JHTDB\\\\Planar_Images_with_wall\\\\Cam2\\\\B00068_A.tif')"
Traceback: '  File "c:\\Users\\mtt1e23\\OneDrive - University of Southampton\\Documents\\python-PIVTOOLs\\src\\image_handling\\load_images.py", line 105, in read_pair\n    frame_a = read_image(str(file_paths[0]))\n  File "c:\\Users\\mtt1e23\\OneDrive - University of Southampton\\Documents\\python-PIVTOOLs\\src\\image_handling\\load_images.py", line 34, in read_image\n    return reader_func(file_path, **kwargs)\n  File "c:\\Users\\mtt1e23\\OneDrive - University of Southampton\\Documents\\python-PIVTOOLs\\src\\image_handling\\readers\\generic_readers.py", line 11, in read_tiff\n    raise FileNotFoundError(f"Image file not found: {file_path}")\n'

2025-11-04 17:02:21,281 [WARNING] PIVResult has no passes for frame 69. Skipping save.
2025-11-04 17:02:21,282 [ERROR] PIV processing failed: [Errno None] None
2025-11-04 17:02:21,300 - distributed.worker - ERROR - Compute Failed
Key:       from-value-getitem-read_pair-stack-finalize-hlgfinalizecompute-cc0f9b533db94effa6d17518a050c258
State:     executing
Task:  <Task 'from-value-getitem-read_pair-stack-finalize-hlgfinalizecompute-cc0f9b533db94effa6d17518a050c258' _execute_subgraph(...)>
Exception: "FileNotFoundError('Image file not found: C:\\\\Users\\\\mtt1e23\\\\OneDrive - University of Southampton\\\\Documents\\\\#current_processing\\\\query_JHTDB\\\\Planar_Images_with_wall\\\\Cam2\\\\B00067_A.tif')"
Traceback: '  File "c:\\Users\\mtt1e23\\OneDrive - University of Southampton\\Documents\\python-PIVTOOLs\\src\\image_handling\\load_images.py", line 105, in read_pair\n    frame_a = read_image(str(file_paths[0]))\n  File "c:\\Users\\mtt1e23\\OneDrive - University of Southampton\\Documents\\python-PIVTOOLs\\src\\image_handling\\load_images.py", line 34, in read_image\n    return reader_func(file_path, **kwargs)\n  File "c:\\Users\\mtt1e23\\OneDrive - University of Southampton\\Documents\\python-PIVTOOLs\\src\\image_handling\\readers\\generic_readers.py", line 11, in read_tiff\n    raise FileNotFoundError(f"Image file not found: {file_path}")\n'

2025-11-04 17:02:21,302 - distributed.worker - ERROR - Compute Failed
Key:       from-value-getitem-read_pair-stack-finalize-hlgfinalizecompute-24214dec222b4b48addb0f3bfdb43170
State:     executing
Task:  <Task 'from-value-getitem-read_pair-stack-finalize-hlgfinalizecompute-24214dec222b4b48addb0f3bfdb43170' _execute_subgraph(...)>
Exception: "FileNotFoundError('Image file not found: C:\\\\Users\\\\mtt1e23\\\\OneDrive - University of Southampton\\\\Documents\\\\#current_processing\\\\query_JHTDB\\\\Planar_Images_with_wall\\\\Cam2\\\\B00066_A.tif')"
Traceback: '  File "c:\\Users\\mtt1e23\\OneDrive - University of Southampton\\Documents\\python-PIVTOOLs\\src\\image_handling\\load_images.py", line 105, in read_pair\n    frame_a = read_image(str(file_paths[0]))\n  File "c:\\Users\\mtt1e23\\OneDrive - University of Southampton\\Documents\\python-PIVTOOLs\\src\\image_handling\\load_images.py", line 34, in read_image\n    return reader_func(file_path, **kwargs)\n  File "c:\\Users\\mtt1e23\\OneDrive - University of Southampton\\Documents\\python-PIVTOOLs\\src\\image_handling\\readers\\generic_readers.py", line 11, in read_tiff\n    raise FileNotFoundError(f"Image file not found: {file_path}")\n'

2025-11-04 17:02:21,303 [WARNING] PIVResult has no passes for frame 68. Skipping save.
2025-11-04 17:02:21,303 [ERROR] PIV processing failed: [Errno None] None
2025-11-04 17:02:21,304 [ERROR] PIV processing failed: [Errno None] None
2025-11-04 17:02:21,316 - distributed.worker - ERROR - Compute Failed
Key:       from-value-getitem-read_pair-stack-finalize-hlgfinalizecompute-4f8c4a26c1944fdda3554a41cc32c002
State:     executing
Task:  <Task 'from-value-getitem-read_pair-stack-finalize-hlgfinalizecompute-4f8c4a26c1944fdda3554a41cc32c002' _execute_subgraph(...)>
Exception: "FileNotFoundError('Image file not found: C:\\\\Users\\\\mtt1e23\\\\OneDrive - University of Southampton\\\\Documents\\\\#current_processing\\\\query_JHTDB\\\\Planar_Images_with_wall\\\\Cam2\\\\B00065_A.tif')"
Traceback: '  File "c:\\Users\\mtt1e23\\OneDrive - University of Southampton\\Documents\\python-PIVTOOLs\\src\\image_handling\\load_images.py", line 105, in read_pair\n    frame_a = read_image(str(file_paths[0]))\n  File "c:\\Users\\mtt1e23\\OneDrive - University of Southampton\\Documents\\python-PIVTOOLs\\src\\image_handling\\load_images.py", line 34, in read_image\n    return reader_func(file_path, **kwargs)\n  File "c:\\Users\\mtt1e23\\OneDrive - University of Southampton\\Documents\\python-PIVTOOLs\\src\\image_handling\\readers\\generic_readers.py", line 11, in read_tiff\n    raise FileNotFoundError(f"Image file not found: {file_path}")\n'

2025-11-04 17:02:21,321 - distributed.worker - ERROR - Compute Failed
Key:       from-value-getitem-read_pair-stack-finalize-hlgfinalizecompute-e9caa8f0e42646fa8800ac9a3774c351
State:     executing
Task:  <Task 'from-value-getitem-read_pair-stack-finalize-hlgfinalizecompute-e9caa8f0e42646fa8800ac9a3774c351' _execute_subgraph(...)>
Exception: "FileNotFoundError('Image file not found: C:\\\\Users\\\\mtt1e23\\\\OneDrive - University of Southampton\\\\Documents\\\\#current_processing\\\\query_JHTDB\\\\Planar_Images_with_wall\\\\Cam2\\\\B00064_A.tif')"
Traceback: '  File "c:\\Users\\mtt1e23\\OneDrive - University of Southampton\\Documents\\python-PIVTOOLs\\src\\image_handling\\load_images.py", line 105, in read_pair\n    frame_a = read_image(str(file_paths[0]))\n  File "c:\\Users\\mtt1e23\\OneDrive - University of Southampton\\Documents\\python-PIVTOOLs\\src\\image_handling\\load_images.py", line 34, in read_image\n    return reader_func(file_path, **kwargs)\n  File "c:\\Users\\mtt1e23\\OneDrive - University of Southampton\\Documents\\python-PIVTOOLs\\src\\image_handling\\readers\\generic_readers.py", line 11, in read_tiff\n    raise FileNotFoundError(f"Image file not found: {file_path}")\n'

2025-11-04 17:02:21,322 [ERROR] PIV processing failed: [Errno None] None
2025-11-04 17:02:21,323 [WARNING] PIVResult has no passes for frame 66. Skipping save.
2025-11-04 17:02:21,324 [WARNING] PIVResult has no passes for frame 67. Skipping save.
2025-11-04 17:02:21,330 [WARNING] PIVResult has no passes for frame 65. Skipping save.
2025-11-04 17:02:21,331 [ERROR] PIV processing failed: [Errno None] None
2025-11-04 17:02:21,333 - distributed.worker - ERROR - Compute Failed
Key:       from-value-getitem-read_pair-stack-finalize-hlgfinalizecompute-78f23f619b544151966f85b04a62e209
State:     executing
Task:  <Task 'from-value-getitem-read_pair-stack-finalize-hlgfinalizecompute-78f23f619b544151966f85b04a62e209' _execute_subgraph(...)>
Exception: "FileNotFoundError('Image file not found: C:\\\\Users\\\\mtt1e23\\\\OneDrive - University of Southampton\\\\Documents\\\\#current_processing\\\\query_JHTDB\\\\Planar_Images_with_wall\\\\Cam2\\\\B00063_A.tif')"
Traceback: '  File "c:\\Users\\mtt1e23\\OneDrive - University of Southampton\\Documents\\python-PIVTOOLs\\src\\image_handling\\load_images.py", line 105, in read_pair\n    frame_a = read_image(str(file_paths[0]))\n  File "c:\\Users\\mtt1e23\\OneDrive - University of Southampton\\Documents\\python-PIVTOOLs\\src\\image_handling\\load_images.py", line 34, in read_image\n    return reader_func(file_path, **kwargs)\n  File "c:\\Users\\mtt1e23\\OneDrive - University of Southampton\\Documents\\python-PIVTOOLs\\src\\image_handling\\readers\\generic_readers.py", line 11, in read_tiff\n    raise FileNotFoundError(f"Image file not found: {file_path}")\n'

2025-11-04 17:02:21,336 - distributed.worker - ERROR - Compute Failed
Key:       from-value-getitem-read_pair-stack-finalize-hlgfinalizecompute-0619adf9e12a4800ba75f6cc6c579b09
State:     executing
Task:  <Task 'from-value-getitem-read_pair-stack-finalize-hlgfinalizecompute-0619adf9e12a4800ba75f6cc6c579b09' _execute_subgraph(...)>
Exception: "FileNotFoundError('Image file not found: C:\\\\Users\\\\mtt1e23\\\\OneDrive - University of Southampton\\\\Documents\\\\#current_processing\\\\query_JHTDB\\\\Planar_Images_with_wall\\\\Cam2\\\\B00062_A.tif')"
Traceback: '  File "c:\\Users\\mtt1e23\\OneDrive - University of Southampton\\Documents\\python-PIVTOOLs\\src\\image_handling\\load_images.py", line 105, in read_pair\n    frame_a = read_image(str(file_paths[0]))\n  File "c:\\Users\\mtt1e23\\OneDrive - University of Southampton\\Documents\\python-PIVTOOLs\\src\\image_handling\\load_images.py", line 34, in read_image\n    return reader_func(file_path, **kwargs)\n  File "c:\\Users\\mtt1e23\\OneDrive - University of Southampton\\Documents\\python-PIVTOOLs\\src\\image_handling\\readers\\generic_readers.py", line 11, in read_tiff\n    raise FileNotFoundError(f"Image file not found: {file_path}")\n'

2025-11-04 17:02:21,337 [ERROR] PIV processing failed: [Errno None] None
2025-11-04 17:02:21,349 [WARNING] PIVResult has no passes for frame 64. Skipping save.
2025-11-04 17:02:21,351 [ERROR] PIV processing failed: [Errno None] None
2025-11-04 17:02:21,354 - distributed.worker - ERROR - Compute Failed
Key:       from-value-getitem-read_pair-stack-finalize-hlgfinalizecompute-521c161e09154bccb3a7ea33b3154b62
State:     executing
Task:  <Task 'from-value-getitem-read_pair-stack-finalize-hlgfinalizecompute-521c161e09154bccb3a7ea33b3154b62' _execute_subgraph(...)>
Exception: "FileNotFoundError('Image file not found: C:\\\\Users\\\\mtt1e23\\\\OneDrive - University of Southampton\\\\Documents\\\\#current_processing\\\\query_JHTDB\\\\Planar_Images_with_wall\\\\Cam2\\\\B00061_A.tif')"
Traceback: '  File "c:\\Users\\mtt1e23\\OneDrive - University of Southampton\\Documents\\python-PIVTOOLs\\src\\image_handling\\load_images.py", line 105, in read_pair\n    frame_a = read_image(str(file_paths[0]))\n  File "c:\\Users\\mtt1e23\\OneDrive - University of Southampton\\Documents\\python-PIVTOOLs\\src\\image_handling\\load_images.py", line 34, in read_image\n    return reader_func(file_path, **kwargs)\n  File "c:\\Users\\mtt1e23\\OneDrive - University of Southampton\\Documents\\python-PIVTOOLs\\src\\image_handling\\readers\\generic_readers.py", line 11, in read_tiff\n    raise FileNotFoundError(f"Image file not found: {file_path}")\n'

2025-11-04 17:02:21,355 [WARNING] PIVResult has no passes for frame 63. Skipping save.
2025-11-04 17:02:21,358 [ERROR] PIV processing failed: [Errno None] None
2025-11-04 17:02:21,360 [WARNING] PIVResult has no passes for frame 62. Skipping save.
2025-11-04 17:02:21,365 - distributed.worker - ERROR - Compute Failed
Key:       from-value-getitem-read_pair-stack-finalize-hlgfinalizecompute-a92c520cf38c459eb51f5bb4f057bde3
State:     executing
Task:  <Task 'from-value-getitem-read_pair-stack-finalize-hlgfinalizecompute-a92c520cf38c459eb51f5bb4f057bde3' _execute_subgraph(...)>
Exception: "FileNotFoundError('Image file not found: C:\\\\Users\\\\mtt1e23\\\\OneDrive - University of Southampton\\\\Documents\\\\#current_processing\\\\query_JHTDB\\\\Planar_Images_with_wall\\\\Cam2\\\\B00060_A.tif')"
Traceback: '  File "c:\\Users\\mtt1e23\\OneDrive - University of Southampton\\Documents\\python-PIVTOOLs\\src\\image_handling\\load_images.py", line 105, in read_pair\n    frame_a = read_image(str(file_paths[0]))\n  File "c:\\Users\\mtt1e23\\OneDrive - University of Southampton\\Documents\\python-PIVTOOLs\\src\\image_handling\\load_images.py", line 34, in read_image\n    return reader_func(file_path, **kwargs)\n  File "c:\\Users\\mtt1e23\\OneDrive - University of Southampton\\Documents\\python-PIVTOOLs\\src\\image_handling\\readers\\generic_readers.py", line 11, in read_tiff\n    raise FileNotFoundError(f"Image file not found: {file_path}")\n'

2025-11-04 17:02:21,366 [WARNING] PIVResult has no passes for frame 61. Skipping save.
2025-11-04 17:02:21,367 [ERROR] PIV processing failed: [Errno None] None
2025-11-04 17:02:21,373 - distributed.worker - ERROR - Compute Failed
Key:       from-value-getitem-read_pair-stack-finalize-hlgfinalizecompute-7d6b82a7009145c6b7712a5aba67caa5
State:     executing
Task:  <Task 'from-value-getitem-read_pair-stack-finalize-hlgfinalizecompute-7d6b82a7009145c6b7712a5aba67caa5' _execute_subgraph(...)>
Exception: "FileNotFoundError('Image file not found: C:\\\\Users\\\\mtt1e23\\\\OneDrive - University of Southampton\\\\Documents\\\\#current_processing\\\\query_JHTDB\\\\Planar_Images_with_wall\\\\Cam2\\\\B00059_A.tif')"
Traceback: '  File "c:\\Users\\mtt1e23\\OneDrive - University of Southampton\\Documents\\python-PIVTOOLs\\src\\image_handling\\load_images.py", line 105, in read_pair\n    frame_a = read_image(str(file_paths[0]))\n  File "c:\\Users\\mtt1e23\\OneDrive - University of Southampton\\Documents\\python-PIVTOOLs\\src\\image_handling\\load_images.py", line 34, in read_image\n    return reader_func(file_path, **kwargs)\n  File "c:\\Users\\mtt1e23\\OneDrive - University of Southampton\\Documents\\python-PIVTOOLs\\src\\image_handling\\readers\\generic_readers.py", line 11, in read_tiff\n    raise FileNotFoundError(f"Image file not found: {file_path}")\n'

2025-11-04 17:02:21,377 [ERROR] PIV processing failed: [Errno None] None
2025-11-04 17:02:21,377 - distributed.worker - ERROR - Compute Failed
Key:       from-value-getitem-read_pair-stack-finalize-hlgfinalizecompute-9076dc491a2f43bea04e88a03cec749e
State:     executing
Task:  <Task 'from-value-getitem-read_pair-stack-finalize-hlgfinalizecompute-9076dc491a2f43bea04e88a03cec749e' _execute_subgraph(...)>
Exception: "FileNotFoundError('Image file not found: C:\\\\Users\\\\mtt1e23\\\\OneDrive - University of Southampton\\\\Documents\\\\#current_processing\\\\query_JHTDB\\\\Planar_Images_with_wall\\\\Cam2\\\\B00058_A.tif')"
Traceback: '  File "c:\\Users\\mtt1e23\\OneDrive - University of Southampton\\Documents\\python-PIVTOOLs\\src\\image_handling\\load_images.py", line 105, in read_pair\n    frame_a = read_image(str(file_paths[0]))\n  File "c:\\Users\\mtt1e23\\OneDrive - University of Southampton\\Documents\\python-PIVTOOLs\\src\\image_handling\\load_images.py", line 34, in read_image\n    return reader_func(file_path, **kwargs)\n  File "c:\\Users\\mtt1e23\\OneDrive - University of Southampton\\Documents\\python-PIVTOOLs\\src\\image_handling\\readers\\generic_readers.py", line 11, in read_tiff\n    raise FileNotFoundError(f"Image file not found: {file_path}")\n'

2025-11-04 17:02:21,380 [WARNING] PIVResult has no passes for frame 60. Skipping save.
2025-11-04 17:02:21,382 [ERROR] PIV processing failed: [Errno None] None
2025-11-04 17:02:21,408 - distributed.worker - ERROR - Compute Failed
Key:       from-value-getitem-read_pair-stack-finalize-hlgfinalizecompute-b67496199d2b485895b556bc2326fff5
State:     executing
Task:  <Task 'from-value-getitem-read_pair-stack-finalize-hlgfinalizecompute-b67496199d2b485895b556bc2326fff5' _execute_subgraph(...)>
Exception: "FileNotFoundError('Image file not found: C:\\\\Users\\\\mtt1e23\\\\OneDrive - University of Southampton\\\\Documents\\\\#current_processing\\\\query_JHTDB\\\\Planar_Images_with_wall\\\\Cam2\\\\B00057_A.tif')"
Traceback: '  File "c:\\Users\\mtt1e23\\OneDrive - University of Southampton\\Documents\\python-PIVTOOLs\\src\\image_handling\\load_images.py", line 105, in read_pair\n    frame_a = read_image(str(file_paths[0]))\n  File "c:\\Users\\mtt1e23\\OneDrive - University of Southampton\\Documents\\python-PIVTOOLs\\src\\image_handling\\load_images.py", line 34, in read_image\n    return reader_func(file_path, **kwargs)\n  File "c:\\Users\\mtt1e23\\OneDrive - University of Southampton\\Documents\\python-PIVTOOLs\\src\\image_handling\\readers\\generic_readers.py", line 11, in read_tiff\n    raise FileNotFoundError(f"Image file not found: {file_path}")\n'

2025-11-04 17:02:21,409 [WARNING] PIVResult has no passes for frame 58. Skipping save.
2025-11-04 17:02:21,410 [WARNING] PIVResult has no passes for frame 59. Skipping save.
2025-11-04 17:02:21,411 [ERROR] PIV processing failed: [Errno None] None
2025-11-04 17:02:21,414 - distributed.worker - ERROR - Compute Failed
Key:       from-value-getitem-read_pair-stack-finalize-hlgfinalizecompute-3c02c49a4e694be18e717a54b2ad3bc2
State:     executing
Task:  <Task 'from-value-getitem-read_pair-stack-finalize-hlgfinalizecompute-3c02c49a4e694be18e717a54b2ad3bc2' _execute_subgraph(...)>
Exception: "FileNotFoundError('Image file not found: C:\\\\Users\\\\mtt1e23\\\\OneDrive - University of Southampton\\\\Documents\\\\#current_processing\\\\query_JHTDB\\\\Planar_Images_with_wall\\\\Cam2\\\\B00056_A.tif')"
Traceback: '  File "c:\\Users\\mtt1e23\\OneDrive - University of Southampton\\Documents\\python-PIVTOOLs\\src\\image_handling\\load_images.py", line 105, in read_pair\n    frame_a = read_image(str(file_paths[0]))\n  File "c:\\Users\\mtt1e23\\OneDrive - University of Southampton\\Documents\\python-PIVTOOLs\\src\\image_handling\\load_images.py", line 34, in read_image\n    return reader_func(file_path, **kwargs)\n  File "c:\\Users\\mtt1e23\\OneDrive - University of Southampton\\Documents\\python-PIVTOOLs\\src\\image_handling\\readers\\generic_readers.py", line 11, in read_tiff\n    raise FileNotFoundError(f"Image file not found: {file_path}")\n'

2025-11-04 17:02:21,435 - distributed.worker - ERROR - Compute Failed
Key:       from-value-getitem-read_pair-stack-finalize-hlgfinalizecompute-06ea8731c2324262a7b0134cf582c9ae
State:     executing
Task:  <Task 'from-value-getitem-read_pair-stack-finalize-hlgfinalizecompute-06ea8731c2324262a7b0134cf582c9ae' _execute_subgraph(...)>
Exception: "FileNotFoundError('Image file not found: C:\\\\Users\\\\mtt1e23\\\\OneDrive - University of Southampton\\\\Documents\\\\#current_processing\\\\query_JHTDB\\\\Planar_Images_with_wall\\\\Cam2\\\\B00055_A.tif')"
Traceback: '  File "c:\\Users\\mtt1e23\\OneDrive - University of Southampton\\Documents\\python-PIVTOOLs\\src\\image_handling\\load_images.py", line 105, in read_pair\n    frame_a = read_image(str(file_paths[0]))\n  File "c:\\Users\\mtt1e23\\OneDrive - University of Southampton\\Documents\\python-PIVTOOLs\\src\\image_handling\\load_images.py", line 34, in read_image\n    return reader_func(file_path, **kwargs)\n  File "c:\\Users\\mtt1e23\\OneDrive - University of Southampton\\Documents\\python-PIVTOOLs\\src\\image_handling\\readers\\generic_readers.py", line 11, in read_tiff\n    raise FileNotFoundError(f"Image file not found: {file_path}")\n'

2025-11-04 17:02:21,435 [ERROR] PIV processing failed: [Errno None] None
2025-11-04 17:02:21,438 [WARNING] PIVResult has no passes for frame 57. Skipping save.
2025-11-04 17:02:21,442 - distributed.worker - ERROR - Compute Failed
Key:       from-value-getitem-read_pair-stack-finalize-hlgfinalizecompute-563a421313e949599eb5dadb3133cc5e
State:     executing
Task:  <Task 'from-value-getitem-read_pair-stack-finalize-hlgfinalizecompute-563a421313e949599eb5dadb3133cc5e' _execute_subgraph(...)>
Exception: "FileNotFoundError('Image file not found: C:\\\\Users\\\\mtt1e23\\\\OneDrive - University of Southampton\\\\Documents\\\\#current_processing\\\\query_JHTDB\\\\Planar_Images_with_wall\\\\Cam2\\\\B00054_A.tif')"
Traceback: '  File "c:\\Users\\mtt1e23\\OneDrive - University of Southampton\\Documents\\python-PIVTOOLs\\src\\image_handling\\load_images.py", line 105, in read_pair\n    frame_a = read_image(str(file_paths[0]))\n  File "c:\\Users\\mtt1e23\\OneDrive - University of Southampton\\Documents\\python-PIVTOOLs\\src\\image_handling\\load_images.py", line 34, in read_image\n    return reader_func(file_path, **kwargs)\n  File "c:\\Users\\mtt1e23\\OneDrive - University of Southampton\\Documents\\python-PIVTOOLs\\src\\image_handling\\readers\\generic_readers.py", line 11, in read_tiff\n    raise FileNotFoundError(f"Image file not found: {file_path}")\n'

2025-11-04 17:02:21,442 [ERROR] PIV processing failed: [Errno None] None
2025-11-04 17:02:21,445 [WARNING] PIVResult has no passes for frame 56. Skipping save.
2025-11-04 17:02:21,448 [ERROR] PIV processing failed: [Errno None] None
2025-11-04 17:02:21,469 - distributed.worker - ERROR - Compute Failed
Key:       from-value-getitem-read_pair-stack-finalize-hlgfinalizecompute-febadb6b457e4eeb9fe6171df3c6612a
State:     executing
Task:  <Task 'from-value-getitem-read_pair-stack-finalize-hlgfinalizecompute-febadb6b457e4eeb9fe6171df3c6612a' _execute_subgraph(...)>
Exception: "FileNotFoundError('Image file not found: C:\\\\Users\\\\mtt1e23\\\\OneDrive - University of Southampton\\\\Documents\\\\#current_processing\\\\query_JHTDB\\\\Planar_Images_with_wall\\\\Cam2\\\\B00100_A.tif')"
Traceback: '  File "c:\\Users\\mtt1e23\\OneDrive - University of Southampton\\Documents\\python-PIVTOOLs\\src\\image_handling\\load_images.py", line 105, in read_pair\n    frame_a = read_image(str(file_paths[0]))\n  File "c:\\Users\\mtt1e23\\OneDrive - University of Southampton\\Documents\\python-PIVTOOLs\\src\\image_handling\\load_images.py", line 34, in read_image\n    return reader_func(file_path, **kwargs)\n  File "c:\\Users\\mtt1e23\\OneDrive - University of Southampton\\Documents\\python-PIVTOOLs\\src\\image_handling\\readers\\generic_readers.py", line 11, in read_tiff\n    raise FileNotFoundError(f"Image file not found: {file_path}")\n'

2025-11-04 17:02:21,470 [WARNING] PIVResult has no passes for frame 54. Skipping save.
2025-11-04 17:02:21,471 [WARNING] PIVResult has no passes for frame 55. Skipping save.
2025-11-04 17:02:21,471 [ERROR] PIV processing failed: [Errno None] None
2025-11-04 17:02:21,477 - distributed.worker - ERROR - Compute Failed
Key:       from-value-getitem-read_pair-stack-finalize-hlgfinalizecompute-f366892a2dba4fa281827591dcebfc56
State:     executing
Task:  <Task 'from-value-getitem-read_pair-stack-finalize-hlgfinalizecompute-f366892a2dba4fa281827591dcebfc56' _execute_subgraph(...)>
Exception: "FileNotFoundError('Image file not found: C:\\\\Users\\\\mtt1e23\\\\OneDrive - University of Southampton\\\\Documents\\\\#current_processing\\\\query_JHTDB\\\\Planar_Images_with_wall\\\\Cam2\\\\B00099_A.tif')"
Traceback: '  File "c:\\Users\\mtt1e23\\OneDrive - University of Southampton\\Documents\\python-PIVTOOLs\\src\\image_handling\\load_images.py", line 105, in read_pair\n    frame_a = read_image(str(file_paths[0]))\n  File "c:\\Users\\mtt1e23\\OneDrive - University of Southampton\\Documents\\python-PIVTOOLs\\src\\image_handling\\load_images.py", line 34, in read_image\n    return reader_func(file_path, **kwargs)\n  File "c:\\Users\\mtt1e23\\OneDrive - University of Southampton\\Documents\\python-PIVTOOLs\\src\\image_handling\\readers\\generic_readers.py", line 11, in read_tiff\n    raise FileNotFoundError(f"Image file not found: {file_path}")\n'

2025-11-04 17:02:21,480 - distributed.worker - ERROR - Compute Failed
Key:       from-value-getitem-read_pair-stack-finalize-hlgfinalizecompute-87bb8aa513f34eeab53912276142bbef
State:     executing
Task:  <Task 'from-value-getitem-read_pair-stack-finalize-hlgfinalizecompute-87bb8aa513f34eeab53912276142bbef' _execute_subgraph(...)>
Exception: "FileNotFoundError('Image file not found: C:\\\\Users\\\\mtt1e23\\\\OneDrive - University of Southampton\\\\Documents\\\\#current_processing\\\\query_JHTDB\\\\Planar_Images_with_wall\\\\Cam2\\\\B00098_A.tif')"
Traceback: '  File "c:\\Users\\mtt1e23\\OneDrive - University of Southampton\\Documents\\python-PIVTOOLs\\src\\image_handling\\load_images.py", line 105, in read_pair\n    frame_a = read_image(str(file_paths[0]))\n  File "c:\\Users\\mtt1e23\\OneDrive - University of Southampton\\Documents\\python-PIVTOOLs\\src\\image_handling\\load_images.py", line 34, in read_image\n    return reader_func(file_path, **kwargs)\n  File "c:\\Users\\mtt1e23\\OneDrive - University of Southampton\\Documents\\python-PIVTOOLs\\src\\image_handling\\readers\\generic_readers.py", line 11, in read_tiff\n    raise FileNotFoundError(f"Image file not found: {file_path}")\n'

2025-11-04 17:02:21,482 [WARNING] PIVResult has no passes for frame 100. Skipping save.
2025-11-04 17:02:21,483 [ERROR] PIV processing failed: [Errno None] None
2025-11-04 17:02:21,484 [ERROR] PIV processing failed: [Errno None] None
2025-11-04 17:02:21,494 - distributed.worker - ERROR - Compute Failed
Key:       from-value-getitem-read_pair-stack-finalize-hlgfinalizecompute-4b693928d94342bfac4e2a73095d3c5e
State:     executing
Task:  <Task 'from-value-getitem-read_pair-stack-finalize-hlgfinalizecompute-4b693928d94342bfac4e2a73095d3c5e' _execute_subgraph(...)>
Exception: "FileNotFoundError('Image file not found: C:\\\\Users\\\\mtt1e23\\\\OneDrive - University of Southampton\\\\Documents\\\\#current_processing\\\\query_JHTDB\\\\Planar_Images_with_wall\\\\Cam2\\\\B00097_A.tif')"
Traceback: '  File "c:\\Users\\mtt1e23\\OneDrive - University of Southampton\\Documents\\python-PIVTOOLs\\src\\image_handling\\load_images.py", line 105, in read_pair\n    frame_a = read_image(str(file_paths[0]))\n  File "c:\\Users\\mtt1e23\\OneDrive - University of Southampton\\Documents\\python-PIVTOOLs\\src\\image_handling\\load_images.py", line 34, in read_image\n    return reader_func(file_path, **kwargs)\n  File "c:\\Users\\mtt1e23\\OneDrive - University of Southampton\\Documents\\python-PIVTOOLs\\src\\image_handling\\readers\\generic_readers.py", line 11, in read_tiff\n    raise FileNotFoundError(f"Image file not found: {file_path}")\n'

2025-11-04 17:02:21,495 - distributed.worker - ERROR - Compute Failed
Key:       from-value-getitem-read_pair-stack-finalize-hlgfinalizecompute-5aa797d758744f63983fa0bcc4707c30
State:     executing
Task:  <Task 'from-value-getitem-read_pair-stack-finalize-hlgfinalizecompute-5aa797d758744f63983fa0bcc4707c30' _execute_subgraph(...)>
Exception: "FileNotFoundError('Image file not found: C:\\\\Users\\\\mtt1e23\\\\OneDrive - University of Southampton\\\\Documents\\\\#current_processing\\\\query_JHTDB\\\\Planar_Images_with_wall\\\\Cam2\\\\B00096_A.tif')"
Traceback: '  File "c:\\Users\\mtt1e23\\OneDrive - University of Southampton\\Documents\\python-PIVTOOLs\\src\\image_handling\\load_images.py", line 105, in read_pair\n    frame_a = read_image(str(file_paths[0]))\n  File "c:\\Users\\mtt1e23\\OneDrive - University of Southampton\\Documents\\python-PIVTOOLs\\src\\image_handling\\load_images.py", line 34, in read_image\n    return reader_func(file_path, **kwargs)\n  File "c:\\Users\\mtt1e23\\OneDrive - University of Southampton\\Documents\\python-PIVTOOLs\\src\\image_handling\\readers\\generic_readers.py", line 11, in read_tiff\n    raise FileNotFoundError(f"Image file not found: {file_path}")\n'

2025-11-04 17:02:21,496 [WARNING] PIVResult has no passes for frame 99. Skipping save.
2025-11-04 17:02:21,498 [WARNING] PIVResult has no passes for frame 98. Skipping save.
2025-11-04 17:02:21,499 [ERROR] PIV processing failed: [Errno None] None
2025-11-04 17:02:21,500 [ERROR] PIV processing failed: [Errno None] None
2025-11-04 17:02:21,514 [WARNING] PIVResult has no passes for frame 96. Skipping save.
2025-11-04 17:02:21,515 [WARNING] PIVResult has no passes for frame 97. Skipping save.
2025-11-04 17:02:21,531 [INFO] PIV and save completed: 100 frames saved to C:\Users\mtt1e23\OneDrive - University of Southampton\Documents\#current_processing\query_JHTDB\Planar_Images_with_wall\windows\uncalibrated_piv\100\Cam2\instantaneous
2025-11-04 17:02:21,533 [INFO] Coordinates saved to C:\Users\mtt1e23\OneDrive - University of Southampton\Documents\#current_processing\query_JHTDB\Planar_Images_with_wall\windows\uncalibrated_piv\100\Cam2\instantaneous
Total elapsed time: 30.56 seconds

  Max threads: 5
  Max threads: 5
  Max threads: 5
  Max threads: 5
  Max threads: 5
  Max threads: 5
  Max threads: 5
  Max threads: 5
  Max threads: 5
  Max threads: 5
  Max threads: 5
  Max threads: 5
  Max threads: 5
  Max threads: 5
  Max threads: 5
  Max threads: 5
  Max threads: 5
  Max threads: 5
  Max threads: 5
  Max threads: 5
  Max threads: 5
  Max threads: 5
  Max threads: 5
  Max threads: 5
  Max threads: 5
  Max threads: 5
  Max threads: 5
  Max threads: 5
  Max threads: 5
  Max threads: 5
  Max threads: 5
  Max threads: 5
  Max threads: 5
  Max threads: 5
  Max threads: 5
  Max threads: 5
  Max threads: 5
  Max threads: 5
  Max threads: 5
  Max threads: 5
  Max threads: 5
  Max threads: 5
  Max threads: 5
  Max threads: 5
  Max threads: 5
  Max threads: 5
  Max threads: 5
  Max threads: 5
  Max threads: 5
  Max threads: 5
  Max threads: 5
  Max threads: 5
  Max threads: 5
  Max threads: 5
  Max threads: 5
  Max threads: 5
  Max threads: 5
  Max threads: 5
  Max threads: 5
