2025-11-04 10:43:05,888 [INFO] Logging initialized. Level: INFO, File: pypiv.log
2025-11-04 10:43:05,891 [INFO] Auto-detected compute parameters:
2025-11-04 10:43:05,891 [INFO]   CPU cores: 20
2025-11-04 10:43:05,891 [INFO]   Total memory: 63.46 GB
2025-11-04 10:43:05,891 [INFO]   Workers per node: 20
2025-11-04 10:43:05,891 [INFO]   OMP threads: 2
2025-11-04 10:43:05,892 [INFO]   Memory per worker: 2.86GB
2025-11-04 10:43:05,892 [INFO]   Threads per worker: 1
2025-11-04 10:43:10,469 [INFO] Logging initialized. Level: INFO, File: pypiv.log
2025-11-04 10:43:10,487 [INFO] Logging initialized. Level: INFO, File: pypiv.log
2025-11-04 10:43:10,509 [INFO] Logging initialized. Level: INFO, File: pypiv.log
2025-11-04 10:43:10,531 [INFO] Logging initialized. Level: INFO, File: pypiv.log
2025-11-04 10:43:10,532 [INFO] Logging initialized. Level: INFO, File: pypiv.log
2025-11-04 10:43:10,581 [INFO] Logging initialized. Level: INFO, File: pypiv.log
2025-11-04 10:43:10,681 [INFO] Logging initialized. Level: INFO, File: pypiv.log
2025-11-04 10:43:10,711 [INFO] Logging initialized. Level: INFO, File: pypiv.log
2025-11-04 10:43:10,717 [INFO] Logging initialized. Level: INFO, File: pypiv.log
2025-11-04 10:43:10,784 [INFO] Logging initialized. Level: INFO, File: pypiv.log
2025-11-04 10:43:10,838 [INFO] Logging initialized. Level: INFO, File: pypiv.log
2025-11-04 10:43:10,843 [INFO] Logging initialized. Level: INFO, File: pypiv.log
2025-11-04 10:43:10,865 [INFO] Logging initialized. Level: INFO, File: pypiv.log
2025-11-04 10:43:10,877 [INFO] Logging initialized. Level: INFO, File: pypiv.log
2025-11-04 10:43:10,884 [INFO] Logging initialized. Level: INFO, File: pypiv.log
2025-11-04 10:43:10,907 [INFO] Logging initialized. Level: INFO, File: pypiv.log
2025-11-04 10:43:10,914 [INFO] Logging initialized. Level: INFO, File: pypiv.log
2025-11-04 10:43:10,916 [INFO] Logging initialized. Level: INFO, File: pypiv.log
2025-11-04 10:43:10,917 [INFO] Logging initialized. Level: INFO, File: pypiv.log
2025-11-04 10:43:10,927 [INFO] Logging initialized. Level: INFO, File: pypiv.log
2025-11-04 10:43:11,134 [INFO] Worker logging configured successfully
2025-11-04 10:43:11,134 [INFO] Worker logging configured successfully
2025-11-04 10:43:11,134 [INFO] Worker logging configured successfully
2025-11-04 10:43:11,134 [INFO] Worker logging configured successfully
2025-11-04 10:43:11,134 [INFO] Worker logging configured successfully
2025-11-04 10:43:11,134 [INFO] Worker logging configured successfully
2025-11-04 10:43:11,135 [INFO] Worker logging configured successfully
2025-11-04 10:43:11,135 [INFO] Worker logging configured successfully
2025-11-04 10:43:11,135 [INFO] Worker logging configured successfully
2025-11-04 10:43:11,135 [INFO] Worker logging configured successfully
2025-11-04 10:43:11,135 [INFO] Worker logging configured successfully
2025-11-04 10:43:11,135 [INFO] Worker logging configured successfully
2025-11-04 10:43:11,136 [INFO] Worker logging configured successfully
2025-11-04 10:43:11,136 [INFO] Worker logging configured successfully
2025-11-04 10:43:11,136 [INFO] Worker logging configured successfully
2025-11-04 10:43:11,136 [INFO] Worker logging configured successfully
2025-11-04 10:43:11,137 [INFO] Worker logging configured successfully
2025-11-04 10:43:11,137 [INFO] Worker logging configured successfully
2025-11-04 10:43:11,138 [INFO] Worker logging configured successfully
2025-11-04 10:43:11,137 [INFO] Worker logging configured successfully
2025-11-04 10:43:11,139 [INFO] Dask cluster started successfully
2025-11-04 10:43:11,140 [INFO] Dask Worker Info:
2025-11-04 10:43:11,141 [INFO] Worker tcp://127.0.0.1:54129
2025-11-04 10:43:11,141 [INFO]   pid: None
2025-11-04 10:43:11,141 [INFO]   host: 127.0.0.1
2025-11-04 10:43:11,141 [INFO]   local_dir: C:\Users\mtt1e23\AppData\Local\Temp\dask-scratch-space\worker-j6rtscny
2025-11-04 10:43:11,141 [INFO]   nanny: True
2025-11-04 10:43:11,142 [INFO] Dask Worker Info:
2025-11-04 10:43:11,142 [INFO] Worker tcp://127.0.0.1:54136
2025-11-04 10:43:11,142 [INFO]   pid: None
2025-11-04 10:43:11,142 [INFO]   host: 127.0.0.1
2025-11-04 10:43:11,142 [INFO]   local_dir: C:\Users\mtt1e23\AppData\Local\Temp\dask-scratch-space\worker-2pqkm761
2025-11-04 10:43:11,142 [INFO]   nanny: True
2025-11-04 10:43:11,143 [INFO] Dask Worker Info:
2025-11-04 10:43:11,143 [INFO] Worker tcp://127.0.0.1:54139
2025-11-04 10:43:11,143 [INFO]   pid: None
2025-11-04 10:43:11,143 [INFO]   host: 127.0.0.1
2025-11-04 10:43:11,143 [INFO]   local_dir: C:\Users\mtt1e23\AppData\Local\Temp\dask-scratch-space\worker-eljbvher
2025-11-04 10:43:11,143 [INFO]   nanny: True
2025-11-04 10:43:11,143 [INFO] Dask Worker Info:
2025-11-04 10:43:11,144 [INFO] Worker tcp://127.0.0.1:54142
2025-11-04 10:43:11,144 [INFO]   pid: None
2025-11-04 10:43:11,144 [INFO]   host: 127.0.0.1
2025-11-04 10:43:11,144 [INFO]   local_dir: C:\Users\mtt1e23\AppData\Local\Temp\dask-scratch-space\worker-j39cgr7m
2025-11-04 10:43:11,144 [INFO]   nanny: True
2025-11-04 10:43:11,144 [INFO] Dask Worker Info:
2025-11-04 10:43:11,144 [INFO] Worker tcp://127.0.0.1:54145
2025-11-04 10:43:11,144 [INFO]   pid: None
2025-11-04 10:43:11,144 [INFO]   host: 127.0.0.1
2025-11-04 10:43:11,145 [INFO]   local_dir: C:\Users\mtt1e23\AppData\Local\Temp\dask-scratch-space\worker-rm472czw
2025-11-04 10:43:11,145 [INFO]   nanny: True
2025-11-04 10:43:11,145 [INFO] Processing camera: Cam1
2025-11-04 10:43:12,344 [INFO] Auto-detected image shape: (3248, 4872)
2025-11-04 10:43:12.364 | DEBUG    | image_handling.load_images:load_mask_for_camera:264 - Using rectangular edge masking
2025-11-04 10:43:12.374 | DEBUG    | image_handling.load_images:create_rectangular_mask:219 - Created rectangular mask: top=64, bottom=64, left=0, right=0 (623616/15824256 pixels = 3.9%)
2025-11-04 10:43:12,374 [INFO] Pre-computing vector masks for Cam1
2025-11-04 10:43:13.917 | DEBUG    | image_handling.load_images:compute_vector_mask:437 - Pass 1: 228/3800 vectors masked (6.0%), window size: (128, 128)
2025-11-04 10:43:14.625 | DEBUG    | image_handling.load_images:compute_vector_mask:437 - Pass 2: 760/15352 vectors masked (5.0%), window size: (64, 64)
2025-11-04 10:43:14.969 | DEBUG    | image_handling.load_images:compute_vector_mask:437 - Pass 3: 2736/61408 vectors masked (4.5%), window size: (32, 32)
2025-11-04 10:43:14,974 [INFO] Vector masks computed: 3 passes
2025-11-04 10:43:15,040 [INFO] Successfully cached window padding for 3 passes
2025-11-04 10:43:15,177 [INFO] Successfully cached interpolation grids for 3 passes
2025-11-04 10:43:16,626 [INFO] Pre-computed and broadcast correlator cache for distributed workers
2025-11-04 10:43:56,260 [INFO] Worker saved coordinates to C:\Users\mtt1e23\OneDrive - University of Southampton\Documents\#current_processing\query_JHTDB\Planar_Images_with_wall\im7\uncalibrated_piv\50\Cam1\instantaneous\coordinates.mat
2025-11-04 10:44:17,261 - distributed.worker.memory - WARNING - Worker is at 84% memory usage. Pausing worker.  Process memory: 2.25 GiB -- Worker memory limit: 2.66 GiB
2025-11-04 10:44:17,374 - distributed.worker.memory - WARNING - Worker is at 89% memory usage. Pausing worker.  Process memory: 2.38 GiB -- Worker memory limit: 2.66 GiB
2025-11-04 10:44:18,093 - distributed.nanny.memory - WARNING - Worker tcp://127.0.0.1:54189 (pid=6792) exceeded 95% memory budget. Restarting...
2025-11-04 10:44:18,201 - distributed.nanny.memory - WARNING - Worker tcp://127.0.0.1:54189 (pid=6792) is slow to terminate; trying again
2025-11-04 10:44:18,296 - distributed.nanny.memory - WARNING - Worker tcp://127.0.0.1:54189 (pid=6792) is slow to terminate; trying again
2025-11-04 10:44:18,311 - distributed.nanny.memory - WARNING - Worker tcp://127.0.0.1:54159 (pid=15276) exceeded 95% memory budget. Restarting...
2025-11-04 10:44:18,391 - distributed.nanny.memory - WARNING - Worker tcp://127.0.0.1:54189 (pid=6792) is slow to terminate; trying again
2025-11-04 10:44:18,419 - distributed.nanny.memory - WARNING - Worker tcp://127.0.0.1:54159 (pid=15276) is slow to terminate; trying again
2025-11-04 10:44:18,428 - distributed.worker.memory - WARNING - Worker is at 85% memory usage. Pausing worker.  Process memory: 2.28 GiB -- Worker memory limit: 2.66 GiB
2025-11-04 10:44:18,433 - distributed.worker.memory - WARNING - Worker is at 83% memory usage. Pausing worker.  Process memory: 2.23 GiB -- Worker memory limit: 2.66 GiB
2025-11-04 10:44:18,435 - distributed.scheduler - WARNING - Removing worker 'tcp://127.0.0.1:54159' caused the cluster to lose already computed task(s), which will be recomputed elsewhere: {('stack-1fee21bec461f0f670da366072be43e2', 24, 0, 0, 0), ('stack-1fee21bec461f0f670da366072be43e2', 45, 0, 0, 0)} (stimulus_id='handle-worker-cleanup-1762253058.435764')
2025-11-04 10:44:18,435 - distributed.worker - ERROR - Worker stream died during communication: tcp://127.0.0.1:54159
Traceback (most recent call last):
  File "c:\Users\mtt1e23\OneDrive - University of Southampton\Documents\python-PIVTOOLs\env\Lib\site-packages\tornado\iostream.py", line 861, in _read_to_buffer
    bytes_read = self.read_from_fd(buf)
  File "c:\Users\mtt1e23\OneDrive - University of Southampton\Documents\python-PIVTOOLs\env\Lib\site-packages\tornado\iostream.py", line 1113, in read_from_fd
    return self.socket.recv_into(buf, len(buf))
           ~~~~~~~~~~~~~~~~~~~~~^^^^^^^^^^^^^^^
ConnectionResetError: [WinError 10054] An existing connection was forcibly closed by the remote host

The above exception was the direct cause of the following exception:

Traceback (most recent call last):
  File "c:\Users\mtt1e23\OneDrive - University of Southampton\Documents\python-PIVTOOLs\env\Lib\site-packages\distributed\worker.py", line 2073, in gather_dep
    response = await get_data_from_worker(
               ^^^^^^^^^^^^^^^^^^^^^^^^^^^
        rpc=self.rpc, keys=to_gather, worker=worker, who=self.address
        ^^^^^^^^^^^^^^^^^^^^^^^^^^^^^^^^^^^^^^^^^^^^^^^^^^^^^^^^^^^^^
    )
    ^
  File "c:\Users\mtt1e23\OneDrive - University of Southampton\Documents\python-PIVTOOLs\env\Lib\site-packages\distributed\worker.py", line 2879, in get_data_from_worker
    response = await send_recv(
               ^^^^^^^^^^^^^^^^
    ...<6 lines>...
    )
    ^
  File "c:\Users\mtt1e23\OneDrive - University of Southampton\Documents\python-PIVTOOLs\env\Lib\site-packages\distributed\core.py", line 1018, in send_recv
    response = await comm.read(deserializers=deserializers)
               ^^^^^^^^^^^^^^^^^^^^^^^^^^^^^^^^^^^^^^^^^^^^
  File "c:\Users\mtt1e23\OneDrive - University of Southampton\Documents\python-PIVTOOLs\env\Lib\site-packages\distributed\comm\tcp.py", line 237, in read
    convert_stream_closed_error(self, e)
    ~~~~~~~~~~~~~~~~~~~~~~~~~~~^^^^^^^^^
  File "c:\Users\mtt1e23\OneDrive - University of Southampton\Documents\python-PIVTOOLs\env\Lib\site-packages\distributed\comm\tcp.py", line 143, in convert_stream_closed_error
    raise CommClosedError(f"in {obj}: {exc.__class__.__name__}: {exc}") from exc
distributed.comm.core.CommClosedError: in <TCP (closed) Ephemeral Worker->Worker for gather local=tcp://127.0.0.1:56380 remote=tcp://127.0.0.1:54159>: ConnectionResetError: [WinError 10054] An existing connection was forcibly closed by the remote host
2025-11-04 10:44:18,436 - distributed.worker - ERROR - Worker stream died during communication: tcp://127.0.0.1:54159
Traceback (most recent call last):
  File "c:\Users\mtt1e23\OneDrive - University of Southampton\Documents\python-PIVTOOLs\env\Lib\site-packages\tornado\iostream.py", line 861, in _read_to_buffer
    bytes_read = self.read_from_fd(buf)
  File "c:\Users\mtt1e23\OneDrive - University of Southampton\Documents\python-PIVTOOLs\env\Lib\site-packages\tornado\iostream.py", line 1113, in read_from_fd
    return self.socket.recv_into(buf, len(buf))
           ~~~~~~~~~~~~~~~~~~~~~^^^^^^^^^^^^^^^
ConnectionResetError: [WinError 10054] An existing connection was forcibly closed by the remote host

The above exception was the direct cause of the following exception:

Traceback (most recent call last):
  File "c:\Users\mtt1e23\OneDrive - University of Southampton\Documents\python-PIVTOOLs\env\Lib\site-packages\distributed\worker.py", line 2073, in gather_dep
    response = await get_data_from_worker(
               ^^^^^^^^^^^^^^^^^^^^^^^^^^^
        rpc=self.rpc, keys=to_gather, worker=worker, who=self.address
        ^^^^^^^^^^^^^^^^^^^^^^^^^^^^^^^^^^^^^^^^^^^^^^^^^^^^^^^^^^^^^
    )
    ^
  File "c:\Users\mtt1e23\OneDrive - University of Southampton\Documents\python-PIVTOOLs\env\Lib\site-packages\distributed\worker.py", line 2879, in get_data_from_worker
    response = await send_recv(
               ^^^^^^^^^^^^^^^^
    ...<6 lines>...
    )
    ^
  File "c:\Users\mtt1e23\OneDrive - University of Southampton\Documents\python-PIVTOOLs\env\Lib\site-packages\distributed\core.py", line 1018, in send_recv
    response = await comm.read(deserializers=deserializers)
               ^^^^^^^^^^^^^^^^^^^^^^^^^^^^^^^^^^^^^^^^^^^^
  File "c:\Users\mtt1e23\OneDrive - University of Southampton\Documents\python-PIVTOOLs\env\Lib\site-packages\distributed\comm\tcp.py", line 237, in read
    convert_stream_closed_error(self, e)
    ~~~~~~~~~~~~~~~~~~~~~~~~~~~^^^^^^^^^
  File "c:\Users\mtt1e23\OneDrive - University of Southampton\Documents\python-PIVTOOLs\env\Lib\site-packages\distributed\comm\tcp.py", line 143, in convert_stream_closed_error
    raise CommClosedError(f"in {obj}: {exc.__class__.__name__}: {exc}") from exc
distributed.comm.core.CommClosedError: in <TCP (closed) Ephemeral Worker->Worker for gather local=tcp://127.0.0.1:56395 remote=tcp://127.0.0.1:54159>: ConnectionResetError: [WinError 10054] An existing connection was forcibly closed by the remote host
2025-11-04 10:44:18,516 - distributed.nanny.memory - WARNING - Worker tcp://127.0.0.1:54190 (pid=25076) exceeded 95% memory budget. Restarting...
2025-11-04 10:44:18,543 - distributed.nanny.memory - WARNING - Worker tcp://127.0.0.1:54189 (pid=6792) is slow to terminate; trying again
2025-11-04 10:44:18,577 - distributed.nanny.memory - WARNING - Worker tcp://127.0.0.1:54129 (pid=24764) exceeded 95% memory budget. Restarting...
2025-11-04 10:44:18,580 - distributed.scheduler - WARNING - Removing worker 'tcp://127.0.0.1:54189' caused the cluster to lose already computed task(s), which will be recomputed elsewhere: {('stack-1fee21bec461f0f670da366072be43e2', 26, 0, 0, 0), ('stack-1fee21bec461f0f670da366072be43e2', 19, 0, 0, 0), ('stack-1fee21bec461f0f670da366072be43e2', 44, 0, 0, 0)} (stimulus_id='handle-worker-cleanup-1762253058.5803986')
2025-11-04 10:44:18,577 - distributed.worker - ERROR - Worker stream died during communication: tcp://127.0.0.1:54189
Traceback (most recent call last):
  File "c:\Users\mtt1e23\OneDrive - University of Southampton\Documents\python-PIVTOOLs\env\Lib\site-packages\tornado\iostream.py", line 861, in _read_to_buffer
    bytes_read = self.read_from_fd(buf)
  File "c:\Users\mtt1e23\OneDrive - University of Southampton\Documents\python-PIVTOOLs\env\Lib\site-packages\tornado\iostream.py", line 1113, in read_from_fd
    return self.socket.recv_into(buf, len(buf))
           ~~~~~~~~~~~~~~~~~~~~~^^^^^^^^^^^^^^^
ConnectionResetError: [WinError 10054] An existing connection was forcibly closed by the remote host

The above exception was the direct cause of the following exception:

Traceback (most recent call last):
  File "c:\Users\mtt1e23\OneDrive - University of Southampton\Documents\python-PIVTOOLs\env\Lib\site-packages\distributed\worker.py", line 2073, in gather_dep
    response = await get_data_from_worker(
               ^^^^^^^^^^^^^^^^^^^^^^^^^^^
        rpc=self.rpc, keys=to_gather, worker=worker, who=self.address
        ^^^^^^^^^^^^^^^^^^^^^^^^^^^^^^^^^^^^^^^^^^^^^^^^^^^^^^^^^^^^^
    )
    ^
  File "c:\Users\mtt1e23\OneDrive - University of Southampton\Documents\python-PIVTOOLs\env\Lib\site-packages\distributed\worker.py", line 2879, in get_data_from_worker
    response = await send_recv(
               ^^^^^^^^^^^^^^^^
    ...<6 lines>...
    )
    ^
  File "c:\Users\mtt1e23\OneDrive - University of Southampton\Documents\python-PIVTOOLs\env\Lib\site-packages\distributed\core.py", line 1018, in send_recv
    response = await comm.read(deserializers=deserializers)
               ^^^^^^^^^^^^^^^^^^^^^^^^^^^^^^^^^^^^^^^^^^^^
  File "c:\Users\mtt1e23\OneDrive - University of Southampton\Documents\python-PIVTOOLs\env\Lib\site-packages\distributed\comm\tcp.py", line 237, in read
    convert_stream_closed_error(self, e)
    ~~~~~~~~~~~~~~~~~~~~~~~~~~~^^^^^^^^^
  File "c:\Users\mtt1e23\OneDrive - University of Southampton\Documents\python-PIVTOOLs\env\Lib\site-packages\distributed\comm\tcp.py", line 143, in convert_stream_closed_error
    raise CommClosedError(f"in {obj}: {exc.__class__.__name__}: {exc}") from exc
distributed.comm.core.CommClosedError: in <TCP (closed) Ephemeral Worker->Worker for gather local=tcp://127.0.0.1:56444 remote=tcp://127.0.0.1:54189>: ConnectionResetError: [WinError 10054] An existing connection was forcibly closed by the remote host
2025-11-04 10:44:18,580 - distributed.worker - ERROR - Worker stream died during communication: tcp://127.0.0.1:54189
Traceback (most recent call last):
  File "c:\Users\mtt1e23\OneDrive - University of Southampton\Documents\python-PIVTOOLs\env\Lib\site-packages\tornado\iostream.py", line 861, in _read_to_buffer
    bytes_read = self.read_from_fd(buf)
  File "c:\Users\mtt1e23\OneDrive - University of Southampton\Documents\python-PIVTOOLs\env\Lib\site-packages\tornado\iostream.py", line 1113, in read_from_fd
    return self.socket.recv_into(buf, len(buf))
           ~~~~~~~~~~~~~~~~~~~~~^^^^^^^^^^^^^^^
ConnectionResetError: [WinError 10054] An existing connection was forcibly closed by the remote host

The above exception was the direct cause of the following exception:

Traceback (most recent call last):
  File "c:\Users\mtt1e23\OneDrive - University of Southampton\Documents\python-PIVTOOLs\env\Lib\site-packages\distributed\worker.py", line 2073, in gather_dep
    response = await get_data_from_worker(
               ^^^^^^^^^^^^^^^^^^^^^^^^^^^
        rpc=self.rpc, keys=to_gather, worker=worker, who=self.address
        ^^^^^^^^^^^^^^^^^^^^^^^^^^^^^^^^^^^^^^^^^^^^^^^^^^^^^^^^^^^^^
    )
    ^
  File "c:\Users\mtt1e23\OneDrive - University of Southampton\Documents\python-PIVTOOLs\env\Lib\site-packages\distributed\worker.py", line 2879, in get_data_from_worker
    response = await send_recv(
               ^^^^^^^^^^^^^^^^
    ...<6 lines>...
    )
    ^
  File "c:\Users\mtt1e23\OneDrive - University of Southampton\Documents\python-PIVTOOLs\env\Lib\site-packages\distributed\core.py", line 1018, in send_recv
    response = await comm.read(deserializers=deserializers)
               ^^^^^^^^^^^^^^^^^^^^^^^^^^^^^^^^^^^^^^^^^^^^
  File "c:\Users\mtt1e23\OneDrive - University of Southampton\Documents\python-PIVTOOLs\env\Lib\site-packages\distributed\comm\tcp.py", line 237, in read
    convert_stream_closed_error(self, e)
    ~~~~~~~~~~~~~~~~~~~~~~~~~~~^^^^^^^^^
  File "c:\Users\mtt1e23\OneDrive - University of Southampton\Documents\python-PIVTOOLs\env\Lib\site-packages\distributed\comm\tcp.py", line 143, in convert_stream_closed_error
    raise CommClosedError(f"in {obj}: {exc.__class__.__name__}: {exc}") from exc
distributed.comm.core.CommClosedError: in <TCP (closed) Ephemeral Worker->Worker for gather local=tcp://127.0.0.1:56369 remote=tcp://127.0.0.1:54189>: ConnectionResetError: [WinError 10054] An existing connection was forcibly closed by the remote host
2025-11-04 10:44:18,588 - distributed.nanny.memory - WARNING - Worker tcp://127.0.0.1:54190 (pid=25076) is slow to terminate; trying again
2025-11-04 10:44:18,578 - distributed.worker - ERROR - Worker stream died during communication: tcp://127.0.0.1:54189
Traceback (most recent call last):
  File "c:\Users\mtt1e23\OneDrive - University of Southampton\Documents\python-PIVTOOLs\env\Lib\site-packages\tornado\iostream.py", line 861, in _read_to_buffer
    bytes_read = self.read_from_fd(buf)
  File "c:\Users\mtt1e23\OneDrive - University of Southampton\Documents\python-PIVTOOLs\env\Lib\site-packages\tornado\iostream.py", line 1113, in read_from_fd
    return self.socket.recv_into(buf, len(buf))
           ~~~~~~~~~~~~~~~~~~~~~^^^^^^^^^^^^^^^
ConnectionResetError: [WinError 10054] An existing connection was forcibly closed by the remote host

The above exception was the direct cause of the following exception:

Traceback (most recent call last):
  File "c:\Users\mtt1e23\OneDrive - University of Southampton\Documents\python-PIVTOOLs\env\Lib\site-packages\distributed\worker.py", line 2073, in gather_dep
    response = await get_data_from_worker(
               ^^^^^^^^^^^^^^^^^^^^^^^^^^^
        rpc=self.rpc, keys=to_gather, worker=worker, who=self.address
        ^^^^^^^^^^^^^^^^^^^^^^^^^^^^^^^^^^^^^^^^^^^^^^^^^^^^^^^^^^^^^
    )
    ^
  File "c:\Users\mtt1e23\OneDrive - University of Southampton\Documents\python-PIVTOOLs\env\Lib\site-packages\distributed\worker.py", line 2876, in get_data_from_worker
    comm = await rpc.connect(worker)
           ^^^^^^^^^^^^^^^^^^^^^^^^^
  File "c:\Users\mtt1e23\OneDrive - University of Southampton\Documents\python-PIVTOOLs\env\Lib\site-packages\distributed\core.py", line 1485, in connect
    return await self._connect(addr=addr, timeout=timeout)
           ^^^^^^^^^^^^^^^^^^^^^^^^^^^^^^^^^^^^^^^^^^^^^^^
  File "c:\Users\mtt1e23\OneDrive - University of Southampton\Documents\python-PIVTOOLs\env\Lib\site-packages\distributed\core.py", line 1429, in _connect
    comm = await connect(
           ^^^^^^^^^^^^^^
    ...<4 lines>...
    )
    ^
  File "c:\Users\mtt1e23\OneDrive - University of Southampton\Documents\python-PIVTOOLs\env\Lib\site-packages\distributed\comm\core.py", line 377, in connect
    handshake = await comm.read()
                ^^^^^^^^^^^^^^^^^
  File "c:\Users\mtt1e23\OneDrive - University of Southampton\Documents\python-PIVTOOLs\env\Lib\site-packages\distributed\comm\tcp.py", line 237, in read
    convert_stream_closed_error(self, e)
    ~~~~~~~~~~~~~~~~~~~~~~~~~~~^^^^^^^^^
  File "c:\Users\mtt1e23\OneDrive - University of Southampton\Documents\python-PIVTOOLs\env\Lib\site-packages\distributed\comm\tcp.py", line 143, in convert_stream_closed_error
    raise CommClosedError(f"in {obj}: {exc.__class__.__name__}: {exc}") from exc
distributed.comm.core.CommClosedError: in <TCP (closed)  local=tcp://127.0.0.1:58434 remote=tcp://127.0.0.1:54189>: ConnectionResetError: [WinError 10054] An existing connection was forcibly closed by the remote host
2025-11-04 10:44:18,637 - distributed.nanny.memory - WARNING - Worker tcp://127.0.0.1:54162 (pid=28996) exceeded 95% memory budget. Restarting...
2025-11-04 10:44:18,661 - distributed.scheduler - WARNING - Removing worker 'tcp://127.0.0.1:54129' caused the cluster to lose already computed task(s), which will be recomputed elsewhere: {('stack-1fee21bec461f0f670da366072be43e2', 20, 0, 0, 0)} (stimulus_id='handle-worker-cleanup-1762253058.6613922')
2025-11-04 10:44:18,661 - distributed.worker - ERROR - Worker stream died during communication: tcp://127.0.0.1:54129
Traceback (most recent call last):
  File "c:\Users\mtt1e23\OneDrive - University of Southampton\Documents\python-PIVTOOLs\env\Lib\site-packages\tornado\iostream.py", line 861, in _read_to_buffer
    bytes_read = self.read_from_fd(buf)
  File "c:\Users\mtt1e23\OneDrive - University of Southampton\Documents\python-PIVTOOLs\env\Lib\site-packages\tornado\iostream.py", line 1113, in read_from_fd
    return self.socket.recv_into(buf, len(buf))
           ~~~~~~~~~~~~~~~~~~~~~^^^^^^^^^^^^^^^
ConnectionResetError: [WinError 10054] An existing connection was forcibly closed by the remote host

The above exception was the direct cause of the following exception:

Traceback (most recent call last):
  File "c:\Users\mtt1e23\OneDrive - University of Southampton\Documents\python-PIVTOOLs\env\Lib\site-packages\distributed\worker.py", line 2073, in gather_dep
    response = await get_data_from_worker(
               ^^^^^^^^^^^^^^^^^^^^^^^^^^^
        rpc=self.rpc, keys=to_gather, worker=worker, who=self.address
        ^^^^^^^^^^^^^^^^^^^^^^^^^^^^^^^^^^^^^^^^^^^^^^^^^^^^^^^^^^^^^
    )
    ^
  File "c:\Users\mtt1e23\OneDrive - University of Southampton\Documents\python-PIVTOOLs\env\Lib\site-packages\distributed\worker.py", line 2876, in get_data_from_worker
    comm = await rpc.connect(worker)
           ^^^^^^^^^^^^^^^^^^^^^^^^^
  File "c:\Users\mtt1e23\OneDrive - University of Southampton\Documents\python-PIVTOOLs\env\Lib\site-packages\distributed\core.py", line 1485, in connect
    return await self._connect(addr=addr, timeout=timeout)
           ^^^^^^^^^^^^^^^^^^^^^^^^^^^^^^^^^^^^^^^^^^^^^^^
  File "c:\Users\mtt1e23\OneDrive - University of Southampton\Documents\python-PIVTOOLs\env\Lib\site-packages\distributed\core.py", line 1429, in _connect
    comm = await connect(
           ^^^^^^^^^^^^^^
    ...<4 lines>...
    )
    ^
  File "c:\Users\mtt1e23\OneDrive - University of Southampton\Documents\python-PIVTOOLs\env\Lib\site-packages\distributed\comm\core.py", line 377, in connect
    handshake = await comm.read()
                ^^^^^^^^^^^^^^^^^
  File "c:\Users\mtt1e23\OneDrive - University of Southampton\Documents\python-PIVTOOLs\env\Lib\site-packages\distributed\comm\tcp.py", line 237, in read
    convert_stream_closed_error(self, e)
    ~~~~~~~~~~~~~~~~~~~~~~~~~~~^^^^^^^^^
  File "c:\Users\mtt1e23\OneDrive - University of Southampton\Documents\python-PIVTOOLs\env\Lib\site-packages\distributed\comm\tcp.py", line 143, in convert_stream_closed_error
    raise CommClosedError(f"in {obj}: {exc.__class__.__name__}: {exc}") from exc
distributed.comm.core.CommClosedError: in <TCP (closed)  local=tcp://127.0.0.1:58436 remote=tcp://127.0.0.1:54129>: ConnectionResetError: [WinError 10054] An existing connection was forcibly closed by the remote host
2025-11-04 10:44:18,689 - distributed.nanny.memory - WARNING - Worker tcp://127.0.0.1:54209 (pid=30380) exceeded 95% memory budget. Restarting...
2025-11-04 10:44:18,692 - distributed.nanny.memory - WARNING - Worker tcp://127.0.0.1:54190 (pid=25076) is slow to terminate; trying again
2025-11-04 10:44:18,692 - distributed.worker - ERROR - Worker stream died during communication: tcp://127.0.0.1:54190
Traceback (most recent call last):
  File "c:\Users\mtt1e23\OneDrive - University of Southampton\Documents\python-PIVTOOLs\env\Lib\site-packages\tornado\iostream.py", line 861, in _read_to_buffer
    bytes_read = self.read_from_fd(buf)
  File "c:\Users\mtt1e23\OneDrive - University of Southampton\Documents\python-PIVTOOLs\env\Lib\site-packages\tornado\iostream.py", line 1113, in read_from_fd
    return self.socket.recv_into(buf, len(buf))
           ~~~~~~~~~~~~~~~~~~~~~^^^^^^^^^^^^^^^
ConnectionResetError: [WinError 10054] An existing connection was forcibly closed by the remote host

The above exception was the direct cause of the following exception:

Traceback (most recent call last):
  File "c:\Users\mtt1e23\OneDrive - University of Southampton\Documents\python-PIVTOOLs\env\Lib\site-packages\distributed\worker.py", line 2073, in gather_dep
    response = await get_data_from_worker(
               ^^^^^^^^^^^^^^^^^^^^^^^^^^^
        rpc=self.rpc, keys=to_gather, worker=worker, who=self.address
        ^^^^^^^^^^^^^^^^^^^^^^^^^^^^^^^^^^^^^^^^^^^^^^^^^^^^^^^^^^^^^
    )
    ^
  File "c:\Users\mtt1e23\OneDrive - University of Southampton\Documents\python-PIVTOOLs\env\Lib\site-packages\distributed\worker.py", line 2879, in get_data_from_worker
    response = await send_recv(
               ^^^^^^^^^^^^^^^^
    ...<6 lines>...
    )
    ^
  File "c:\Users\mtt1e23\OneDrive - University of Southampton\Documents\python-PIVTOOLs\env\Lib\site-packages\distributed\core.py", line 1018, in send_recv
    response = await comm.read(deserializers=deserializers)
               ^^^^^^^^^^^^^^^^^^^^^^^^^^^^^^^^^^^^^^^^^^^^
  File "c:\Users\mtt1e23\OneDrive - University of Southampton\Documents\python-PIVTOOLs\env\Lib\site-packages\distributed\comm\tcp.py", line 237, in read
    convert_stream_closed_error(self, e)
    ~~~~~~~~~~~~~~~~~~~~~~~~~~~^^^^^^^^^
  File "c:\Users\mtt1e23\OneDrive - University of Southampton\Documents\python-PIVTOOLs\env\Lib\site-packages\distributed\comm\tcp.py", line 143, in convert_stream_closed_error
    raise CommClosedError(f"in {obj}: {exc.__class__.__name__}: {exc}") from exc
distributed.comm.core.CommClosedError: in <TCP (closed) Ephemeral Worker->Worker for gather local=tcp://127.0.0.1:56403 remote=tcp://127.0.0.1:54190>: ConnectionResetError: [WinError 10054] An existing connection was forcibly closed by the remote host
2025-11-04 10:44:18,699 - distributed.scheduler - WARNING - Removing worker 'tcp://127.0.0.1:54190' caused the cluster to lose already computed task(s), which will be recomputed elsewhere: {('stack-1fee21bec461f0f670da366072be43e2', 29, 0, 0, 0), ('stack-1fee21bec461f0f670da366072be43e2', 41, 0, 0, 0)} (stimulus_id='handle-worker-cleanup-1762253058.6994386')
2025-11-04 10:44:18,736 - distributed.nanny.memory - WARNING - Worker tcp://127.0.0.1:54162 (pid=28996) is slow to terminate; trying again
2025-11-04 10:44:18,750 - distributed.scheduler - WARNING - Removing worker 'tcp://127.0.0.1:54162' caused the cluster to lose already computed task(s), which will be recomputed elsewhere: {('stack-1fee21bec461f0f670da366072be43e2', 21, 0, 0, 0), ('stack-1fee21bec461f0f670da366072be43e2', 18, 0, 0, 0)} (stimulus_id='handle-worker-cleanup-1762253058.7499025')
2025-11-04 10:44:18,750 - distributed.worker - ERROR - failed during get data with tcp://127.0.0.1:54179 -> tcp://127.0.0.1:54162
Traceback (most recent call last):
  File "c:\Users\mtt1e23\OneDrive - University of Southampton\Documents\python-PIVTOOLs\env\Lib\site-packages\tornado\iostream.py", line 861, in _read_to_buffer
    bytes_read = self.read_from_fd(buf)
  File "c:\Users\mtt1e23\OneDrive - University of Southampton\Documents\python-PIVTOOLs\env\Lib\site-packages\tornado\iostream.py", line 1113, in read_from_fd
    return self.socket.recv_into(buf, len(buf))
           ~~~~~~~~~~~~~~~~~~~~~^^^^^^^^^^^^^^^
ConnectionResetError: [WinError 10054] An existing connection was forcibly closed by the remote host

The above exception was the direct cause of the following exception:

Traceback (most recent call last):
  File "c:\Users\mtt1e23\OneDrive - University of Southampton\Documents\python-PIVTOOLs\env\Lib\site-packages\distributed\worker.py", line 1795, in get_data
    response = await comm.read(deserializers=serializers)
               ^^^^^^^^^^^^^^^^^^^^^^^^^^^^^^^^^^^^^^^^^^
  File "c:\Users\mtt1e23\OneDrive - University of Southampton\Documents\python-PIVTOOLs\env\Lib\site-packages\distributed\comm\tcp.py", line 237, in read
    convert_stream_closed_error(self, e)
    ~~~~~~~~~~~~~~~~~~~~~~~~~~~^^^^^^^^^
  File "c:\Users\mtt1e23\OneDrive - University of Southampton\Documents\python-PIVTOOLs\env\Lib\site-packages\distributed\comm\tcp.py", line 143, in convert_stream_closed_error
    raise CommClosedError(f"in {obj}: {exc.__class__.__name__}: {exc}") from exc
distributed.comm.core.CommClosedError: in <TCP (closed)  local=tcp://127.0.0.1:54179 remote=tcp://127.0.0.1:56475>: ConnectionResetError: [WinError 10054] An existing connection was forcibly closed by the remote host
2025-11-04 10:44:18,751 - distributed.scheduler - WARNING - Removing worker 'tcp://127.0.0.1:54209' caused the cluster to lose already computed task(s), which will be recomputed elsewhere: {('stack-1fee21bec461f0f670da366072be43e2', 17, 0, 0, 0)} (stimulus_id='handle-worker-cleanup-1762253058.7519102')
2025-11-04 10:44:18,757 - distributed.worker.memory - WARNING - Worker is at 86% memory usage. Pausing worker.  Process memory: 2.30 GiB -- Worker memory limit: 2.66 GiB
2025-11-04 10:44:18,765 - distributed.worker - ERROR - Worker stream died during communication: tcp://127.0.0.1:54162
Traceback (most recent call last):
  File "c:\Users\mtt1e23\OneDrive - University of Southampton\Documents\python-PIVTOOLs\env\Lib\site-packages\tornado\iostream.py", line 861, in _read_to_buffer
    bytes_read = self.read_from_fd(buf)
  File "c:\Users\mtt1e23\OneDrive - University of Southampton\Documents\python-PIVTOOLs\env\Lib\site-packages\tornado\iostream.py", line 1113, in read_from_fd
    return self.socket.recv_into(buf, len(buf))
           ~~~~~~~~~~~~~~~~~~~~~^^^^^^^^^^^^^^^
ConnectionResetError: [WinError 10054] An existing connection was forcibly closed by the remote host

The above exception was the direct cause of the following exception:

Traceback (most recent call last):
  File "c:\Users\mtt1e23\OneDrive - University of Southampton\Documents\python-PIVTOOLs\env\Lib\site-packages\distributed\worker.py", line 2073, in gather_dep
    response = await get_data_from_worker(
               ^^^^^^^^^^^^^^^^^^^^^^^^^^^
        rpc=self.rpc, keys=to_gather, worker=worker, who=self.address
        ^^^^^^^^^^^^^^^^^^^^^^^^^^^^^^^^^^^^^^^^^^^^^^^^^^^^^^^^^^^^^
    )
    ^
  File "c:\Users\mtt1e23\OneDrive - University of Southampton\Documents\python-PIVTOOLs\env\Lib\site-packages\distributed\worker.py", line 2879, in get_data_from_worker
    response = await send_recv(
               ^^^^^^^^^^^^^^^^
    ...<6 lines>...
    )
    ^
  File "c:\Users\mtt1e23\OneDrive - University of Southampton\Documents\python-PIVTOOLs\env\Lib\site-packages\distributed\core.py", line 1018, in send_recv
    response = await comm.read(deserializers=deserializers)
               ^^^^^^^^^^^^^^^^^^^^^^^^^^^^^^^^^^^^^^^^^^^^
  File "c:\Users\mtt1e23\OneDrive - University of Southampton\Documents\python-PIVTOOLs\env\Lib\site-packages\distributed\comm\tcp.py", line 237, in read
    convert_stream_closed_error(self, e)
    ~~~~~~~~~~~~~~~~~~~~~~~~~~~^^^^^^^^^
  File "c:\Users\mtt1e23\OneDrive - University of Southampton\Documents\python-PIVTOOLs\env\Lib\site-packages\distributed\comm\tcp.py", line 143, in convert_stream_closed_error
    raise CommClosedError(f"in {obj}: {exc.__class__.__name__}: {exc}") from exc
distributed.comm.core.CommClosedError: in <TCP (closed) Ephemeral Worker->Worker for gather local=tcp://127.0.0.1:58428 remote=tcp://127.0.0.1:54162>: ConnectionResetError: [WinError 10054] An existing connection was forcibly closed by the remote host
2025-11-04 10:44:18,764 - distributed.worker - ERROR - Worker stream died during communication: tcp://127.0.0.1:54209
Traceback (most recent call last):
  File "c:\Users\mtt1e23\OneDrive - University of Southampton\Documents\python-PIVTOOLs\env\Lib\site-packages\tornado\iostream.py", line 861, in _read_to_buffer
    bytes_read = self.read_from_fd(buf)
  File "c:\Users\mtt1e23\OneDrive - University of Southampton\Documents\python-PIVTOOLs\env\Lib\site-packages\tornado\iostream.py", line 1113, in read_from_fd
    return self.socket.recv_into(buf, len(buf))
           ~~~~~~~~~~~~~~~~~~~~~^^^^^^^^^^^^^^^
ConnectionResetError: [WinError 10054] An existing connection was forcibly closed by the remote host

The above exception was the direct cause of the following exception:

Traceback (most recent call last):
  File "c:\Users\mtt1e23\OneDrive - University of Southampton\Documents\python-PIVTOOLs\env\Lib\site-packages\distributed\worker.py", line 2073, in gather_dep
    response = await get_data_from_worker(
               ^^^^^^^^^^^^^^^^^^^^^^^^^^^
        rpc=self.rpc, keys=to_gather, worker=worker, who=self.address
        ^^^^^^^^^^^^^^^^^^^^^^^^^^^^^^^^^^^^^^^^^^^^^^^^^^^^^^^^^^^^^
    )
    ^
  File "c:\Users\mtt1e23\OneDrive - University of Southampton\Documents\python-PIVTOOLs\env\Lib\site-packages\distributed\worker.py", line 2879, in get_data_from_worker
    response = await send_recv(
               ^^^^^^^^^^^^^^^^
    ...<6 lines>...
    )
    ^
  File "c:\Users\mtt1e23\OneDrive - University of Southampton\Documents\python-PIVTOOLs\env\Lib\site-packages\distributed\core.py", line 1018, in send_recv
    response = await comm.read(deserializers=deserializers)
               ^^^^^^^^^^^^^^^^^^^^^^^^^^^^^^^^^^^^^^^^^^^^
  File "c:\Users\mtt1e23\OneDrive - University of Southampton\Documents\python-PIVTOOLs\env\Lib\site-packages\distributed\comm\tcp.py", line 237, in read
    convert_stream_closed_error(self, e)
    ~~~~~~~~~~~~~~~~~~~~~~~~~~~^^^^^^^^^
  File "c:\Users\mtt1e23\OneDrive - University of Southampton\Documents\python-PIVTOOLs\env\Lib\site-packages\distributed\comm\tcp.py", line 143, in convert_stream_closed_error
    raise CommClosedError(f"in {obj}: {exc.__class__.__name__}: {exc}") from exc
distributed.comm.core.CommClosedError: in <TCP (closed) Ephemeral Worker->Worker for gather local=tcp://127.0.0.1:56447 remote=tcp://127.0.0.1:54209>: ConnectionResetError: [WinError 10054] An existing connection was forcibly closed by the remote host
2025-11-04 10:44:18,776 - distributed.worker - ERROR - failed during get data with tcp://127.0.0.1:54139 -> tcp://127.0.0.1:54209
Traceback (most recent call last):
  File "c:\Users\mtt1e23\OneDrive - University of Southampton\Documents\python-PIVTOOLs\env\Lib\site-packages\tornado\iostream.py", line 861, in _read_to_buffer
    bytes_read = self.read_from_fd(buf)
  File "c:\Users\mtt1e23\OneDrive - University of Southampton\Documents\python-PIVTOOLs\env\Lib\site-packages\tornado\iostream.py", line 1113, in read_from_fd
    return self.socket.recv_into(buf, len(buf))
           ~~~~~~~~~~~~~~~~~~~~~^^^^^^^^^^^^^^^
ConnectionResetError: [WinError 10054] An existing connection was forcibly closed by the remote host

The above exception was the direct cause of the following exception:

Traceback (most recent call last):
  File "c:\Users\mtt1e23\OneDrive - University of Southampton\Documents\python-PIVTOOLs\env\Lib\site-packages\distributed\worker.py", line 1795, in get_data
    response = await comm.read(deserializers=serializers)
               ^^^^^^^^^^^^^^^^^^^^^^^^^^^^^^^^^^^^^^^^^^
  File "c:\Users\mtt1e23\OneDrive - University of Southampton\Documents\python-PIVTOOLs\env\Lib\site-packages\distributed\comm\tcp.py", line 237, in read
    convert_stream_closed_error(self, e)
    ~~~~~~~~~~~~~~~~~~~~~~~~~~~^^^^^^^^^
  File "c:\Users\mtt1e23\OneDrive - University of Southampton\Documents\python-PIVTOOLs\env\Lib\site-packages\distributed\comm\tcp.py", line 143, in convert_stream_closed_error
    raise CommClosedError(f"in {obj}: {exc.__class__.__name__}: {exc}") from exc
distributed.comm.core.CommClosedError: in <TCP (closed)  local=tcp://127.0.0.1:54139 remote=tcp://127.0.0.1:58393>: ConnectionResetError: [WinError 10054] An existing connection was forcibly closed by the remote host
2025-11-04 10:44:18,782 - distributed.nanny - WARNING - Restarting worker
2025-11-04 10:44:18,800 - distributed.worker.memory - WARNING - Worker is at 89% memory usage. Pausing worker.  Process memory: 2.38 GiB -- Worker memory limit: 2.66 GiB
2025-11-04 10:44:18,907 - distributed.nanny.memory - WARNING - Worker tcp://127.0.0.1:54218 (pid=16288) exceeded 95% memory budget. Restarting...
2025-11-04 10:44:18,976 - distributed.scheduler - WARNING - Removing worker 'tcp://127.0.0.1:54218' caused the cluster to lose already computed task(s), which will be recomputed elsewhere: {('stack-1fee21bec461f0f670da366072be43e2', 48, 0, 0, 0)} (stimulus_id='handle-worker-cleanup-1762253058.9759245')
2025-11-04 10:44:18,978 - distributed.nanny - WARNING - Restarting worker
2025-11-04 10:44:19,128 - distributed.worker.memory - WARNING - Worker is at 53% memory usage. Resuming worker. Process memory: 1.43 GiB -- Worker memory limit: 2.66 GiB
2025-11-04 10:44:19,145 - distributed.nanny - WARNING - Restarting worker
2025-11-04 10:44:19,150 - distributed.nanny - WARNING - Restarting worker
2025-11-04 10:44:19,155 - distributed.nanny - WARNING - Restarting worker
2025-11-04 10:44:19,157 - distributed.nanny - WARNING - Restarting worker
2025-11-04 10:44:19,241 - distributed.worker.memory - WARNING - Worker is at 93% memory usage. Pausing worker.  Process memory: 2.49 GiB -- Worker memory limit: 2.66 GiB
2025-11-04 10:44:19,258 - distributed.nanny - WARNING - Restarting worker
2025-11-04 10:44:19,294 - distributed.nanny.memory - WARNING - Worker tcp://127.0.0.1:54194 (pid=23900) exceeded 95% memory budget. Restarting...
2025-11-04 10:44:19,364 - distributed.scheduler - WARNING - Removing worker 'tcp://127.0.0.1:54194' caused the cluster to lose already computed task(s), which will be recomputed elsewhere: {'save_coordinates_from_config_distributed-72ac6b211fd09fad2f8a940e0848f099', ('stack-1fee21bec461f0f670da366072be43e2', 47, 0, 0, 0)} (stimulus_id='handle-worker-cleanup-1762253059.3638434')
2025-11-04 10:44:19,366 - distributed.worker - ERROR - Worker stream died during communication: tcp://127.0.0.1:54194
Traceback (most recent call last):
  File "c:\Users\mtt1e23\OneDrive - University of Southampton\Documents\python-PIVTOOLs\env\Lib\site-packages\tornado\iostream.py", line 861, in _read_to_buffer
    bytes_read = self.read_from_fd(buf)
  File "c:\Users\mtt1e23\OneDrive - University of Southampton\Documents\python-PIVTOOLs\env\Lib\site-packages\tornado\iostream.py", line 1113, in read_from_fd
    return self.socket.recv_into(buf, len(buf))
           ~~~~~~~~~~~~~~~~~~~~~^^^^^^^^^^^^^^^
ConnectionResetError: [WinError 10054] An existing connection was forcibly closed by the remote host

The above exception was the direct cause of the following exception:

Traceback (most recent call last):
  File "c:\Users\mtt1e23\OneDrive - University of Southampton\Documents\python-PIVTOOLs\env\Lib\site-packages\distributed\worker.py", line 2073, in gather_dep
    response = await get_data_from_worker(
               ^^^^^^^^^^^^^^^^^^^^^^^^^^^
        rpc=self.rpc, keys=to_gather, worker=worker, who=self.address
        ^^^^^^^^^^^^^^^^^^^^^^^^^^^^^^^^^^^^^^^^^^^^^^^^^^^^^^^^^^^^^
    )
    ^
  File "c:\Users\mtt1e23\OneDrive - University of Southampton\Documents\python-PIVTOOLs\env\Lib\site-packages\distributed\worker.py", line 2879, in get_data_from_worker
    response = await send_recv(
               ^^^^^^^^^^^^^^^^
    ...<6 lines>...
    )
    ^
  File "c:\Users\mtt1e23\OneDrive - University of Southampton\Documents\python-PIVTOOLs\env\Lib\site-packages\distributed\core.py", line 1018, in send_recv
    response = await comm.read(deserializers=deserializers)
               ^^^^^^^^^^^^^^^^^^^^^^^^^^^^^^^^^^^^^^^^^^^^
  File "c:\Users\mtt1e23\OneDrive - University of Southampton\Documents\python-PIVTOOLs\env\Lib\site-packages\distributed\comm\tcp.py", line 237, in read
    convert_stream_closed_error(self, e)
    ~~~~~~~~~~~~~~~~~~~~~~~~~~~^^^^^^^^^
  File "c:\Users\mtt1e23\OneDrive - University of Southampton\Documents\python-PIVTOOLs\env\Lib\site-packages\distributed\comm\tcp.py", line 143, in convert_stream_closed_error
    raise CommClosedError(f"in {obj}: {exc.__class__.__name__}: {exc}") from exc
distributed.comm.core.CommClosedError: in <TCP (closed) Ephemeral Worker->Worker for gather local=tcp://127.0.0.1:58423 remote=tcp://127.0.0.1:54194>: ConnectionResetError: [WinError 10054] An existing connection was forcibly closed by the remote host
2025-11-04 10:44:19,388 [INFO] Worker saved coordinates to C:\Users\mtt1e23\OneDrive - University of Southampton\Documents\#current_processing\query_JHTDB\Planar_Images_with_wall\im7\uncalibrated_piv\50\Cam1\instantaneous\coordinates.mat
2025-11-04 10:44:19,577 - distributed.worker.memory - WARNING - Worker is at 97% memory usage. Pausing worker.  Process memory: 2.59 GiB -- Worker memory limit: 2.66 GiB
2025-11-04 10:44:19,645 - distributed.nanny - WARNING - Restarting worker
2025-11-04 10:44:19,711 - distributed.worker.memory - WARNING - Worker is at 53% memory usage. Resuming worker. Process memory: 1.43 GiB -- Worker memory limit: 2.66 GiB
2025-11-04 10:44:19,808 - distributed.worker - ERROR - Worker stream died during communication: tcp://127.0.0.1:54194
Traceback (most recent call last):
  File "c:\Users\mtt1e23\OneDrive - University of Southampton\Documents\python-PIVTOOLs\env\Lib\site-packages\tornado\iostream.py", line 861, in _read_to_buffer
    bytes_read = self.read_from_fd(buf)
  File "c:\Users\mtt1e23\OneDrive - University of Southampton\Documents\python-PIVTOOLs\env\Lib\site-packages\tornado\iostream.py", line 1113, in read_from_fd
    return self.socket.recv_into(buf, len(buf))
           ~~~~~~~~~~~~~~~~~~~~~^^^^^^^^^^^^^^^
ConnectionResetError: [WinError 10054] An existing connection was forcibly closed by the remote host

The above exception was the direct cause of the following exception:

Traceback (most recent call last):
  File "c:\Users\mtt1e23\OneDrive - University of Southampton\Documents\python-PIVTOOLs\env\Lib\site-packages\distributed\worker.py", line 2073, in gather_dep
    response = await get_data_from_worker(
               ^^^^^^^^^^^^^^^^^^^^^^^^^^^
        rpc=self.rpc, keys=to_gather, worker=worker, who=self.address
        ^^^^^^^^^^^^^^^^^^^^^^^^^^^^^^^^^^^^^^^^^^^^^^^^^^^^^^^^^^^^^
    )
    ^
  File "c:\Users\mtt1e23\OneDrive - University of Southampton\Documents\python-PIVTOOLs\env\Lib\site-packages\distributed\worker.py", line 2879, in get_data_from_worker
    response = await send_recv(
               ^^^^^^^^^^^^^^^^
    ...<6 lines>...
    )
    ^
  File "c:\Users\mtt1e23\OneDrive - University of Southampton\Documents\python-PIVTOOLs\env\Lib\site-packages\distributed\core.py", line 1018, in send_recv
    response = await comm.read(deserializers=deserializers)
               ^^^^^^^^^^^^^^^^^^^^^^^^^^^^^^^^^^^^^^^^^^^^
  File "c:\Users\mtt1e23\OneDrive - University of Southampton\Documents\python-PIVTOOLs\env\Lib\site-packages\distributed\comm\tcp.py", line 237, in read
    convert_stream_closed_error(self, e)
    ~~~~~~~~~~~~~~~~~~~~~~~~~~~^^^^^^^^^
  File "c:\Users\mtt1e23\OneDrive - University of Southampton\Documents\python-PIVTOOLs\env\Lib\site-packages\distributed\comm\tcp.py", line 143, in convert_stream_closed_error
    raise CommClosedError(f"in {obj}: {exc.__class__.__name__}: {exc}") from exc
distributed.comm.core.CommClosedError: in <TCP (closed) Ephemeral Worker->Worker for gather local=tcp://127.0.0.1:56360 remote=tcp://127.0.0.1:54194>: ConnectionResetError: [WinError 10054] An existing connection was forcibly closed by the remote host
2025-11-04 10:44:20,094 - distributed.worker.memory - WARNING - Worker is at 92% memory usage. Pausing worker.  Process memory: 2.45 GiB -- Worker memory limit: 2.66 GiB
2025-11-04 10:44:20,125 - distributed.nanny.memory - WARNING - Worker tcp://127.0.0.1:54145 (pid=4544) exceeded 95% memory budget. Restarting...
2025-11-04 10:44:20,166 - distributed.scheduler - WARNING - Removing worker 'tcp://127.0.0.1:54145' caused the cluster to lose already computed task(s), which will be recomputed elsewhere: {('stack-1fee21bec461f0f670da366072be43e2', 7, 0, 0, 0), ('stack-1fee21bec461f0f670da366072be43e2', 2, 0, 0, 0), ('stack-1fee21bec461f0f670da366072be43e2', 4, 0, 0, 0), ('stack-1fee21bec461f0f670da366072be43e2', 6, 0, 0, 0), 'getitem-rechunk-merge-finalize-hlgfinalizecompute-c9060d9130a741df941148f39145fe31', 'getitem-rechunk-merge-finalize-hlgfinalizecompute-25f3780fea064cb78353fa4bfe22384d', ('stack-1fee21bec461f0f670da366072be43e2', 3, 0, 0, 0), ('stack-1fee21bec461f0f670da366072be43e2', 0, 0, 0, 0), ('stack-1fee21bec461f0f670da366072be43e2', 5, 0, 0, 0), ('stack-1fee21bec461f0f670da366072be43e2', 1, 0, 0, 0), ('stack-1fee21bec461f0f670da366072be43e2', 8, 0, 0, 0), ('stack-1fee21bec461f0f670da366072be43e2', 9, 0, 0, 0)} (stimulus_id='handle-worker-cleanup-1762253060.1664436')
2025-11-04 10:44:20,395 - distributed.nanny - WARNING - Restarting worker
2025-11-04 10:44:22,037 - distributed.nanny.memory - WARNING - Worker tcp://127.0.0.1:54139 (pid=13008) exceeded 95% memory budget. Restarting...
2025-11-04 10:44:22,061 - distributed.scheduler - ERROR - Task getitem-rechunk-merge-finalize-hlgfinalizecompute-fa83bc8a53484c62bb26da689aaf1b60 marked as failed because 4 workers died while trying to run it
2025-11-04 10:44:22,061 - distributed.scheduler - WARNING - Removing worker 'tcp://127.0.0.1:54139' caused the cluster to lose already computed task(s), which will be recomputed elsewhere: {('stack-1fee21bec461f0f670da366072be43e2', 13, 0, 0, 0)} (stimulus_id='handle-worker-cleanup-1762253062.0609426')
2025-11-04 10:44:22,282 - distributed.nanny - WARNING - Restarting worker
2025-11-04 10:44:22,741 [INFO] Logging initialized. Level: INFO, File: pypiv.log
2025-11-04 10:44:22,741 [INFO] Logging initialized. Level: INFO, File: pypiv.log
2025-11-04 10:44:22,741 [INFO] Logging initialized. Level: INFO, File: pypiv.log
2025-11-04 10:44:22,743 [INFO] Logging initialized. Level: INFO, File: pypiv.log
2025-11-04 10:44:22,744 [INFO] Logging initialized. Level: INFO, File: pypiv.log
2025-11-04 10:44:22,744 [INFO] Logging initialized. Level: INFO, File: pypiv.log
2025-11-04 10:44:22,744 [INFO] Logging initialized. Level: INFO, File: pypiv.log
2025-11-04 10:44:22,744 [INFO] Logging initialized. Level: INFO, File: pypiv.log
2025-11-04 10:44:22,745 [INFO] Logging initialized. Level: INFO, File: pypiv.log
2025-11-04 10:44:24,276 [INFO] Logging initialized. Level: INFO, File: pypiv.log
2025-11-04 10:44:26,188 - distributed.worker - ERROR - Worker stream died during communication: tcp://127.0.0.1:54162
Traceback (most recent call last):
  File "c:\Users\mtt1e23\OneDrive - University of Southampton\Documents\python-PIVTOOLs\env\Lib\site-packages\tornado\iostream.py", line 861, in _read_to_buffer
    bytes_read = self.read_from_fd(buf)
  File "c:\Users\mtt1e23\OneDrive - University of Southampton\Documents\python-PIVTOOLs\env\Lib\site-packages\tornado\iostream.py", line 1113, in read_from_fd
    return self.socket.recv_into(buf, len(buf))
           ~~~~~~~~~~~~~~~~~~~~~^^^^^^^^^^^^^^^
ConnectionResetError: [WinError 10054] An existing connection was forcibly closed by the remote host

The above exception was the direct cause of the following exception:

Traceback (most recent call last):
  File "c:\Users\mtt1e23\OneDrive - University of Southampton\Documents\python-PIVTOOLs\env\Lib\site-packages\distributed\worker.py", line 2073, in gather_dep
    response = await get_data_from_worker(
               ^^^^^^^^^^^^^^^^^^^^^^^^^^^
        rpc=self.rpc, keys=to_gather, worker=worker, who=self.address
        ^^^^^^^^^^^^^^^^^^^^^^^^^^^^^^^^^^^^^^^^^^^^^^^^^^^^^^^^^^^^^
    )
    ^
  File "c:\Users\mtt1e23\OneDrive - University of Southampton\Documents\python-PIVTOOLs\env\Lib\site-packages\distributed\worker.py", line 2879, in get_data_from_worker
    response = await send_recv(
               ^^^^^^^^^^^^^^^^
    ...<6 lines>...
    )
    ^
  File "c:\Users\mtt1e23\OneDrive - University of Southampton\Documents\python-PIVTOOLs\env\Lib\site-packages\distributed\core.py", line 1018, in send_recv
    response = await comm.read(deserializers=deserializers)
               ^^^^^^^^^^^^^^^^^^^^^^^^^^^^^^^^^^^^^^^^^^^^
  File "c:\Users\mtt1e23\OneDrive - University of Southampton\Documents\python-PIVTOOLs\env\Lib\site-packages\distributed\comm\tcp.py", line 237, in read
    convert_stream_closed_error(self, e)
    ~~~~~~~~~~~~~~~~~~~~~~~~~~~^^^^^^^^^
  File "c:\Users\mtt1e23\OneDrive - University of Southampton\Documents\python-PIVTOOLs\env\Lib\site-packages\distributed\comm\tcp.py", line 143, in convert_stream_closed_error
    raise CommClosedError(f"in {obj}: {exc.__class__.__name__}: {exc}") from exc
distributed.comm.core.CommClosedError: in <TCP (closed) Ephemeral Worker->Worker for gather local=tcp://127.0.0.1:56398 remote=tcp://127.0.0.1:54162>: ConnectionResetError: [WinError 10054] An existing connection was forcibly closed by the remote host
2025-11-04 10:44:34,329 - distributed.worker - ERROR - Worker stream died during communication: tcp://127.0.0.1:54162
Traceback (most recent call last):
  File "c:\Users\mtt1e23\OneDrive - University of Southampton\Documents\python-PIVTOOLs\env\Lib\site-packages\tornado\iostream.py", line 861, in _read_to_buffer
    bytes_read = self.read_from_fd(buf)
  File "c:\Users\mtt1e23\OneDrive - University of Southampton\Documents\python-PIVTOOLs\env\Lib\site-packages\tornado\iostream.py", line 1113, in read_from_fd
    return self.socket.recv_into(buf, len(buf))
           ~~~~~~~~~~~~~~~~~~~~~^^^^^^^^^^^^^^^
ConnectionResetError: [WinError 10054] An existing connection was forcibly closed by the remote host

The above exception was the direct cause of the following exception:

Traceback (most recent call last):
  File "c:\Users\mtt1e23\OneDrive - University of Southampton\Documents\python-PIVTOOLs\env\Lib\site-packages\distributed\worker.py", line 2073, in gather_dep
    response = await get_data_from_worker(
               ^^^^^^^^^^^^^^^^^^^^^^^^^^^
        rpc=self.rpc, keys=to_gather, worker=worker, who=self.address
        ^^^^^^^^^^^^^^^^^^^^^^^^^^^^^^^^^^^^^^^^^^^^^^^^^^^^^^^^^^^^^
    )
    ^
  File "c:\Users\mtt1e23\OneDrive - University of Southampton\Documents\python-PIVTOOLs\env\Lib\site-packages\distributed\worker.py", line 2879, in get_data_from_worker
    response = await send_recv(
               ^^^^^^^^^^^^^^^^
    ...<6 lines>...
    )
    ^
  File "c:\Users\mtt1e23\OneDrive - University of Southampton\Documents\python-PIVTOOLs\env\Lib\site-packages\distributed\core.py", line 1018, in send_recv
    response = await comm.read(deserializers=deserializers)
               ^^^^^^^^^^^^^^^^^^^^^^^^^^^^^^^^^^^^^^^^^^^^
  File "c:\Users\mtt1e23\OneDrive - University of Southampton\Documents\python-PIVTOOLs\env\Lib\site-packages\distributed\comm\tcp.py", line 237, in read
    convert_stream_closed_error(self, e)
    ~~~~~~~~~~~~~~~~~~~~~~~~~~~^^^^^^^^^
  File "c:\Users\mtt1e23\OneDrive - University of Southampton\Documents\python-PIVTOOLs\env\Lib\site-packages\distributed\comm\tcp.py", line 143, in convert_stream_closed_error
    raise CommClosedError(f"in {obj}: {exc.__class__.__name__}: {exc}") from exc
distributed.comm.core.CommClosedError: in <TCP (closed) Ephemeral Worker->Worker for gather local=tcp://127.0.0.1:56559 remote=tcp://127.0.0.1:54162>: ConnectionResetError: [WinError 10054] An existing connection was forcibly closed by the remote host
2025-11-04 10:44:36,923 - distributed.worker - ERROR - failed during get data with tcp://127.0.0.1:54219 -> tcp://127.0.0.1:54139
Traceback (most recent call last):
  File "c:\Users\mtt1e23\OneDrive - University of Southampton\Documents\python-PIVTOOLs\env\Lib\site-packages\tornado\iostream.py", line 861, in _read_to_buffer
    bytes_read = self.read_from_fd(buf)
  File "c:\Users\mtt1e23\OneDrive - University of Southampton\Documents\python-PIVTOOLs\env\Lib\site-packages\tornado\iostream.py", line 1113, in read_from_fd
    return self.socket.recv_into(buf, len(buf))
           ~~~~~~~~~~~~~~~~~~~~~^^^^^^^^^^^^^^^
ConnectionResetError: [WinError 10054] An existing connection was forcibly closed by the remote host

The above exception was the direct cause of the following exception:

Traceback (most recent call last):
  File "c:\Users\mtt1e23\OneDrive - University of Southampton\Documents\python-PIVTOOLs\env\Lib\site-packages\distributed\worker.py", line 1795, in get_data
    response = await comm.read(deserializers=serializers)
               ^^^^^^^^^^^^^^^^^^^^^^^^^^^^^^^^^^^^^^^^^^
  File "c:\Users\mtt1e23\OneDrive - University of Southampton\Documents\python-PIVTOOLs\env\Lib\site-packages\distributed\comm\tcp.py", line 237, in read
    convert_stream_closed_error(self, e)
    ~~~~~~~~~~~~~~~~~~~~~~~~~~~^^^^^^^^^
  File "c:\Users\mtt1e23\OneDrive - University of Southampton\Documents\python-PIVTOOLs\env\Lib\site-packages\distributed\comm\tcp.py", line 143, in convert_stream_closed_error
    raise CommClosedError(f"in {obj}: {exc.__class__.__name__}: {exc}") from exc
distributed.comm.core.CommClosedError: in <TCP (closed)  local=tcp://127.0.0.1:54219 remote=tcp://127.0.0.1:56540>: ConnectionResetError: [WinError 10054] An existing connection was forcibly closed by the remote host
2025-11-04 10:44:37,665 [ERROR] PIV processing failed: Attempted to run task 'getitem-rechunk-merge-finalize-hlgfinalizecompute-fa83bc8a53484c62bb26da689aaf1b60' on 4 different workers, but all those workers died while running it. The last worker that attempt to run the task was tcp://127.0.0.1:54139. Inspecting worker logs is often a good next step to diagnose what went wrong. For more information see https://distributed.dask.org/en/stable/killed.html.
2025-11-04 10:44:37,671 [WARNING] PIVResult has no passes for frame 35. Skipping save.
2025-11-04 10:44:44,901 - distributed.worker.memory - WARNING - Worker is at 88% memory usage. Pausing worker.  Process memory: 2.35 GiB -- Worker memory limit: 2.66 GiB
2025-11-04 10:44:45,247 - distributed.nanny.memory - WARNING - Worker tcp://127.0.0.1:54163 (pid=27364) exceeded 95% memory budget. Restarting...
2025-11-04 10:44:45,335 - distributed.scheduler - WARNING - Removing worker 'tcp://127.0.0.1:54163' caused the cluster to lose already computed task(s), which will be recomputed elsewhere: {('stack-1fee21bec461f0f670da366072be43e2', 12, 0, 0, 0), ('stack-1fee21bec461f0f670da366072be43e2', 41, 0, 0, 0), ('stack-1fee21bec461f0f670da366072be43e2', 43, 0, 0, 0), ('stack-1fee21bec461f0f670da366072be43e2', 44, 0, 0, 0)} (stimulus_id='handle-worker-cleanup-1762253085.3350713')
2025-11-04 10:44:45,432 - distributed.worker.memory - WARNING - Worker is at 84% memory usage. Pausing worker.  Process memory: 2.25 GiB -- Worker memory limit: 2.66 GiB
2025-11-04 10:44:45,509 - distributed.worker.memory - WARNING - Worker is at 80% memory usage. Pausing worker.  Process memory: 2.14 GiB -- Worker memory limit: 2.66 GiB
2025-11-04 10:44:45,617 - distributed.nanny.memory - WARNING - Worker tcp://127.0.0.1:54215 (pid=29460) exceeded 95% memory budget. Restarting...
2025-11-04 10:44:45,653 - distributed.nanny - WARNING - Restarting worker
2025-11-04 10:44:45,727 - distributed.nanny.memory - WARNING - Worker tcp://127.0.0.1:54150 (pid=1080) exceeded 95% memory budget. Restarting...
2025-11-04 10:44:45,734 - distributed.scheduler - WARNING - Removing worker 'tcp://127.0.0.1:54215' caused the cluster to lose already computed task(s), which will be recomputed elsewhere: {('stack-1fee21bec461f0f670da366072be43e2', 16, 0, 0, 0), ('stack-1fee21bec461f0f670da366072be43e2', 19, 0, 0, 0)} (stimulus_id='handle-worker-cleanup-1762253085.7343774')
2025-11-04 10:44:45,735 - distributed.worker - ERROR - Worker stream died during communication: tcp://127.0.0.1:54215
Traceback (most recent call last):
  File "c:\Users\mtt1e23\OneDrive - University of Southampton\Documents\python-PIVTOOLs\env\Lib\site-packages\tornado\iostream.py", line 861, in _read_to_buffer
    bytes_read = self.read_from_fd(buf)
  File "c:\Users\mtt1e23\OneDrive - University of Southampton\Documents\python-PIVTOOLs\env\Lib\site-packages\tornado\iostream.py", line 1113, in read_from_fd
    return self.socket.recv_into(buf, len(buf))
           ~~~~~~~~~~~~~~~~~~~~~^^^^^^^^^^^^^^^
ConnectionResetError: [WinError 10054] An existing connection was forcibly closed by the remote host

The above exception was the direct cause of the following exception:

Traceback (most recent call last):
  File "c:\Users\mtt1e23\OneDrive - University of Southampton\Documents\python-PIVTOOLs\env\Lib\site-packages\distributed\worker.py", line 2073, in gather_dep
    response = await get_data_from_worker(
               ^^^^^^^^^^^^^^^^^^^^^^^^^^^
        rpc=self.rpc, keys=to_gather, worker=worker, who=self.address
        ^^^^^^^^^^^^^^^^^^^^^^^^^^^^^^^^^^^^^^^^^^^^^^^^^^^^^^^^^^^^^
    )
    ^
  File "c:\Users\mtt1e23\OneDrive - University of Southampton\Documents\python-PIVTOOLs\env\Lib\site-packages\distributed\worker.py", line 2879, in get_data_from_worker
    response = await send_recv(
               ^^^^^^^^^^^^^^^^
    ...<6 lines>...
    )
    ^
  File "c:\Users\mtt1e23\OneDrive - University of Southampton\Documents\python-PIVTOOLs\env\Lib\site-packages\distributed\core.py", line 1018, in send_recv
    response = await comm.read(deserializers=deserializers)
               ^^^^^^^^^^^^^^^^^^^^^^^^^^^^^^^^^^^^^^^^^^^^
  File "c:\Users\mtt1e23\OneDrive - University of Southampton\Documents\python-PIVTOOLs\env\Lib\site-packages\distributed\comm\tcp.py", line 237, in read
    convert_stream_closed_error(self, e)
    ~~~~~~~~~~~~~~~~~~~~~~~~~~~^^^^^^^^^
  File "c:\Users\mtt1e23\OneDrive - University of Southampton\Documents\python-PIVTOOLs\env\Lib\site-packages\distributed\comm\tcp.py", line 143, in convert_stream_closed_error
    raise CommClosedError(f"in {obj}: {exc.__class__.__name__}: {exc}") from exc
distributed.comm.core.CommClosedError: in <TCP (closed) Ephemeral Worker->Worker for gather local=tcp://127.0.0.1:56548 remote=tcp://127.0.0.1:54215>: ConnectionResetError: [WinError 10054] An existing connection was forcibly closed by the remote host
2025-11-04 10:44:45,791 - distributed.scheduler - WARNING - Removing worker 'tcp://127.0.0.1:54150' caused the cluster to lose already computed task(s), which will be recomputed elsewhere: {('stack-1fee21bec461f0f670da366072be43e2', 11, 0, 0, 0)} (stimulus_id='handle-worker-cleanup-1762253085.7910953')
2025-11-04 10:44:45,790 - distributed.worker - ERROR - Worker stream died during communication: tcp://127.0.0.1:54150
Traceback (most recent call last):
  File "c:\Users\mtt1e23\OneDrive - University of Southampton\Documents\python-PIVTOOLs\env\Lib\site-packages\tornado\iostream.py", line 861, in _read_to_buffer
    bytes_read = self.read_from_fd(buf)
  File "c:\Users\mtt1e23\OneDrive - University of Southampton\Documents\python-PIVTOOLs\env\Lib\site-packages\tornado\iostream.py", line 1113, in read_from_fd
    return self.socket.recv_into(buf, len(buf))
           ~~~~~~~~~~~~~~~~~~~~~^^^^^^^^^^^^^^^
ConnectionResetError: [WinError 10054] An existing connection was forcibly closed by the remote host

The above exception was the direct cause of the following exception:

Traceback (most recent call last):
  File "c:\Users\mtt1e23\OneDrive - University of Southampton\Documents\python-PIVTOOLs\env\Lib\site-packages\distributed\worker.py", line 2073, in gather_dep
    response = await get_data_from_worker(
               ^^^^^^^^^^^^^^^^^^^^^^^^^^^
        rpc=self.rpc, keys=to_gather, worker=worker, who=self.address
        ^^^^^^^^^^^^^^^^^^^^^^^^^^^^^^^^^^^^^^^^^^^^^^^^^^^^^^^^^^^^^
    )
    ^
  File "c:\Users\mtt1e23\OneDrive - University of Southampton\Documents\python-PIVTOOLs\env\Lib\site-packages\distributed\worker.py", line 2879, in get_data_from_worker
    response = await send_recv(
               ^^^^^^^^^^^^^^^^
    ...<6 lines>...
    )
    ^
  File "c:\Users\mtt1e23\OneDrive - University of Southampton\Documents\python-PIVTOOLs\env\Lib\site-packages\distributed\core.py", line 1018, in send_recv
    response = await comm.read(deserializers=deserializers)
               ^^^^^^^^^^^^^^^^^^^^^^^^^^^^^^^^^^^^^^^^^^^^
  File "c:\Users\mtt1e23\OneDrive - University of Southampton\Documents\python-PIVTOOLs\env\Lib\site-packages\distributed\comm\tcp.py", line 237, in read
    convert_stream_closed_error(self, e)
    ~~~~~~~~~~~~~~~~~~~~~~~~~~~^^^^^^^^^
  File "c:\Users\mtt1e23\OneDrive - University of Southampton\Documents\python-PIVTOOLs\env\Lib\site-packages\distributed\comm\tcp.py", line 143, in convert_stream_closed_error
    raise CommClosedError(f"in {obj}: {exc.__class__.__name__}: {exc}") from exc
distributed.comm.core.CommClosedError: in <TCP (closed) Ephemeral Worker->Worker for gather local=tcp://127.0.0.1:56411 remote=tcp://127.0.0.1:54150>: ConnectionResetError: [WinError 10054] An existing connection was forcibly closed by the remote host
2025-11-04 10:44:45,792 - distributed.worker.memory - WARNING - Worker is at 88% memory usage. Pausing worker.  Process memory: 2.35 GiB -- Worker memory limit: 2.66 GiB
2025-11-04 10:44:45,975 - distributed.worker.memory - WARNING - Worker is at 53% memory usage. Resuming worker. Process memory: 1.43 GiB -- Worker memory limit: 2.66 GiB
2025-11-04 10:44:45,988 - distributed.nanny - WARNING - Restarting worker
2025-11-04 10:44:46,152 - distributed.nanny - WARNING - Restarting worker
2025-11-04 10:44:46,384 - distributed.worker.memory - WARNING - Worker is at 88% memory usage. Pausing worker.  Process memory: 2.36 GiB -- Worker memory limit: 2.66 GiB
2025-11-04 10:44:46,442 - distributed.nanny.memory - WARNING - Worker tcp://127.0.0.1:54170 (pid=21580) exceeded 95% memory budget. Restarting...
2025-11-04 10:44:46,466 - distributed.scheduler - WARNING - Removing worker 'tcp://127.0.0.1:54170' caused the cluster to lose already computed task(s), which will be recomputed elsewhere: {('stack-1fee21bec461f0f670da366072be43e2', 42, 0, 0, 0), ('stack-1fee21bec461f0f670da366072be43e2', 18, 0, 0, 0)} (stimulus_id='handle-worker-cleanup-1762253086.4661353')
2025-11-04 10:44:46,514 - distributed.worker - ERROR - Worker stream died during communication: tcp://127.0.0.1:54170
Traceback (most recent call last):
  File "c:\Users\mtt1e23\OneDrive - University of Southampton\Documents\python-PIVTOOLs\env\Lib\site-packages\tornado\iostream.py", line 962, in _handle_write
    num_bytes = self.write_to_fd(self._write_buffer.peek(size))
  File "c:\Users\mtt1e23\OneDrive - University of Southampton\Documents\python-PIVTOOLs\env\Lib\site-packages\tornado\iostream.py", line 1121, in write_to_fd
    return self.socket.send(data)  # type: ignore
           ~~~~~~~~~~~~~~~~^^^^^^
ConnectionResetError: [WinError 10054] An existing connection was forcibly closed by the remote host

The above exception was the direct cause of the following exception:

Traceback (most recent call last):
  File "c:\Users\mtt1e23\OneDrive - University of Southampton\Documents\python-PIVTOOLs\env\Lib\site-packages\distributed\worker.py", line 2073, in gather_dep
    response = await get_data_from_worker(
               ^^^^^^^^^^^^^^^^^^^^^^^^^^^
        rpc=self.rpc, keys=to_gather, worker=worker, who=self.address
        ^^^^^^^^^^^^^^^^^^^^^^^^^^^^^^^^^^^^^^^^^^^^^^^^^^^^^^^^^^^^^
    )
    ^
  File "c:\Users\mtt1e23\OneDrive - University of Southampton\Documents\python-PIVTOOLs\env\Lib\site-packages\distributed\worker.py", line 2879, in get_data_from_worker
    response = await send_recv(
               ^^^^^^^^^^^^^^^^
    ...<6 lines>...
    )
    ^
  File "c:\Users\mtt1e23\OneDrive - University of Southampton\Documents\python-PIVTOOLs\env\Lib\site-packages\distributed\core.py", line 1018, in send_recv
    response = await comm.read(deserializers=deserializers)
               ^^^^^^^^^^^^^^^^^^^^^^^^^^^^^^^^^^^^^^^^^^^^
  File "c:\Users\mtt1e23\OneDrive - University of Southampton\Documents\python-PIVTOOLs\env\Lib\site-packages\distributed\comm\tcp.py", line 237, in read
    convert_stream_closed_error(self, e)
    ~~~~~~~~~~~~~~~~~~~~~~~~~~~^^^^^^^^^
  File "c:\Users\mtt1e23\OneDrive - University of Southampton\Documents\python-PIVTOOLs\env\Lib\site-packages\distributed\comm\tcp.py", line 143, in convert_stream_closed_error
    raise CommClosedError(f"in {obj}: {exc.__class__.__name__}: {exc}") from exc
distributed.comm.core.CommClosedError: in <TCP (closed) Ephemeral Worker->Worker for gather local=tcp://127.0.0.1:58440 remote=tcp://127.0.0.1:54170>: ConnectionResetError: [WinError 10054] An existing connection was forcibly closed by the remote host
2025-11-04 10:44:46,586 - distributed.nanny.memory - WARNING - Worker tcp://127.0.0.1:54179 (pid=18888) exceeded 95% memory budget. Restarting...
2025-11-04 10:44:46,593 - distributed.scheduler - WARNING - Removing worker 'tcp://127.0.0.1:54179' caused the cluster to lose already computed task(s), which will be recomputed elsewhere: {('stack-1fee21bec461f0f670da366072be43e2', 47, 0, 0, 0)} (stimulus_id='handle-worker-cleanup-1762253086.5934086')
2025-11-04 10:44:46,657 - distributed.nanny - WARNING - Restarting worker
2025-11-04 10:44:46,688 - distributed.worker.memory - WARNING - Worker is at 89% memory usage. Pausing worker.  Process memory: 2.38 GiB -- Worker memory limit: 2.66 GiB
2025-11-04 10:44:46,812 - distributed.nanny.memory - WARNING - Worker tcp://127.0.0.1:54180 (pid=27232) exceeded 95% memory budget. Restarting...
2025-11-04 10:44:46,826 - distributed.worker - ERROR - Worker stream died during communication: tcp://127.0.0.1:54180
Traceback (most recent call last):
  File "c:\Users\mtt1e23\OneDrive - University of Southampton\Documents\python-PIVTOOLs\env\Lib\site-packages\tornado\iostream.py", line 861, in _read_to_buffer
    bytes_read = self.read_from_fd(buf)
  File "c:\Users\mtt1e23\OneDrive - University of Southampton\Documents\python-PIVTOOLs\env\Lib\site-packages\tornado\iostream.py", line 1113, in read_from_fd
    return self.socket.recv_into(buf, len(buf))
           ~~~~~~~~~~~~~~~~~~~~~^^^^^^^^^^^^^^^
ConnectionResetError: [WinError 10054] An existing connection was forcibly closed by the remote host

The above exception was the direct cause of the following exception:

Traceback (most recent call last):
  File "c:\Users\mtt1e23\OneDrive - University of Southampton\Documents\python-PIVTOOLs\env\Lib\site-packages\distributed\worker.py", line 2073, in gather_dep
    response = await get_data_from_worker(
               ^^^^^^^^^^^^^^^^^^^^^^^^^^^
        rpc=self.rpc, keys=to_gather, worker=worker, who=self.address
        ^^^^^^^^^^^^^^^^^^^^^^^^^^^^^^^^^^^^^^^^^^^^^^^^^^^^^^^^^^^^^
    )
    ^
  File "c:\Users\mtt1e23\OneDrive - University of Southampton\Documents\python-PIVTOOLs\env\Lib\site-packages\distributed\worker.py", line 2876, in get_data_from_worker
    comm = await rpc.connect(worker)
           ^^^^^^^^^^^^^^^^^^^^^^^^^
  File "c:\Users\mtt1e23\OneDrive - University of Southampton\Documents\python-PIVTOOLs\env\Lib\site-packages\distributed\core.py", line 1485, in connect
    return await self._connect(addr=addr, timeout=timeout)
           ^^^^^^^^^^^^^^^^^^^^^^^^^^^^^^^^^^^^^^^^^^^^^^^
  File "c:\Users\mtt1e23\OneDrive - University of Southampton\Documents\python-PIVTOOLs\env\Lib\site-packages\distributed\core.py", line 1429, in _connect
    comm = await connect(
           ^^^^^^^^^^^^^^
    ...<4 lines>...
    )
    ^
  File "c:\Users\mtt1e23\OneDrive - University of Southampton\Documents\python-PIVTOOLs\env\Lib\site-packages\distributed\comm\core.py", line 377, in connect
    handshake = await comm.read()
                ^^^^^^^^^^^^^^^^^
  File "c:\Users\mtt1e23\OneDrive - University of Southampton\Documents\python-PIVTOOLs\env\Lib\site-packages\distributed\comm\tcp.py", line 237, in read
    convert_stream_closed_error(self, e)
    ~~~~~~~~~~~~~~~~~~~~~~~~~~~^^^^^^^^^
  File "c:\Users\mtt1e23\OneDrive - University of Southampton\Documents\python-PIVTOOLs\env\Lib\site-packages\distributed\comm\tcp.py", line 143, in convert_stream_closed_error
    raise CommClosedError(f"in {obj}: {exc.__class__.__name__}: {exc}") from exc
distributed.comm.core.CommClosedError: in <TCP (closed)  local=tcp://127.0.0.1:56800 remote=tcp://127.0.0.1:54180>: ConnectionResetError: [WinError 10054] An existing connection was forcibly closed by the remote host
2025-11-04 10:44:46,830 - distributed.worker - ERROR - Worker stream died during communication: tcp://127.0.0.1:54180
Traceback (most recent call last):
  File "c:\Users\mtt1e23\OneDrive - University of Southampton\Documents\python-PIVTOOLs\env\Lib\site-packages\tornado\iostream.py", line 861, in _read_to_buffer
    bytes_read = self.read_from_fd(buf)
  File "c:\Users\mtt1e23\OneDrive - University of Southampton\Documents\python-PIVTOOLs\env\Lib\site-packages\tornado\iostream.py", line 1113, in read_from_fd
    return self.socket.recv_into(buf, len(buf))
           ~~~~~~~~~~~~~~~~~~~~~^^^^^^^^^^^^^^^
ConnectionResetError: [WinError 10054] An existing connection was forcibly closed by the remote host

The above exception was the direct cause of the following exception:

Traceback (most recent call last):
  File "c:\Users\mtt1e23\OneDrive - University of Southampton\Documents\python-PIVTOOLs\env\Lib\site-packages\distributed\worker.py", line 2073, in gather_dep
    response = await get_data_from_worker(
               ^^^^^^^^^^^^^^^^^^^^^^^^^^^
        rpc=self.rpc, keys=to_gather, worker=worker, who=self.address
        ^^^^^^^^^^^^^^^^^^^^^^^^^^^^^^^^^^^^^^^^^^^^^^^^^^^^^^^^^^^^^
    )
    ^
  File "c:\Users\mtt1e23\OneDrive - University of Southampton\Documents\python-PIVTOOLs\env\Lib\site-packages\distributed\worker.py", line 2879, in get_data_from_worker
    response = await send_recv(
               ^^^^^^^^^^^^^^^^
    ...<6 lines>...
    )
    ^
  File "c:\Users\mtt1e23\OneDrive - University of Southampton\Documents\python-PIVTOOLs\env\Lib\site-packages\distributed\core.py", line 1018, in send_recv
    response = await comm.read(deserializers=deserializers)
               ^^^^^^^^^^^^^^^^^^^^^^^^^^^^^^^^^^^^^^^^^^^^
  File "c:\Users\mtt1e23\OneDrive - University of Southampton\Documents\python-PIVTOOLs\env\Lib\site-packages\distributed\comm\tcp.py", line 237, in read
    convert_stream_closed_error(self, e)
    ~~~~~~~~~~~~~~~~~~~~~~~~~~~^^^^^^^^^
  File "c:\Users\mtt1e23\OneDrive - University of Southampton\Documents\python-PIVTOOLs\env\Lib\site-packages\distributed\comm\tcp.py", line 143, in convert_stream_closed_error
    raise CommClosedError(f"in {obj}: {exc.__class__.__name__}: {exc}") from exc
distributed.comm.core.CommClosedError: in <TCP (closed) Ephemeral Worker->Worker for gather local=tcp://127.0.0.1:56797 remote=tcp://127.0.0.1:54180>: ConnectionResetError: [WinError 10054] An existing connection was forcibly closed by the remote host
2025-11-04 10:44:46,847 - distributed.scheduler - WARNING - Removing worker 'tcp://127.0.0.1:54180' caused the cluster to lose already computed task(s), which will be recomputed elsewhere: {('stack-1fee21bec461f0f670da366072be43e2', 17, 0, 0, 0), ('stack-1fee21bec461f0f670da366072be43e2', 15, 0, 0, 0)} (stimulus_id='handle-worker-cleanup-1762253086.8468888')
2025-11-04 10:44:46,848 - distributed.nanny - WARNING - Restarting worker
2025-11-04 10:44:47,150 - distributed.nanny - WARNING - Restarting worker
2025-11-04 10:44:48,283 [INFO] Logging initialized. Level: INFO, File: pypiv.log
2025-11-04 10:44:48,477 [INFO] Logging initialized. Level: INFO, File: pypiv.log
2025-11-04 10:44:48,575 [INFO] Logging initialized. Level: INFO, File: pypiv.log
2025-11-04 10:44:48,968 [INFO] Logging initialized. Level: INFO, File: pypiv.log
2025-11-04 10:44:49,100 [INFO] Logging initialized. Level: INFO, File: pypiv.log
2025-11-04 10:44:49,379 [INFO] Logging initialized. Level: INFO, File: pypiv.log
2025-11-04 10:44:51,846 - distributed.worker - ERROR - Worker stream died during communication: tcp://127.0.0.1:54189
ConnectionRefusedError: [Errno 10061] Unknown error

The above exception was the direct cause of the following exception:

Traceback (most recent call last):
  File "c:\Users\mtt1e23\OneDrive - University of Southampton\Documents\python-PIVTOOLs\env\Lib\site-packages\distributed\comm\core.py", line 342, in connect
    comm = await wait_for(
           ^^^^^^^^^^^^^^^
    ...<2 lines>...
    )
    ^
  File "c:\Users\mtt1e23\OneDrive - University of Southampton\Documents\python-PIVTOOLs\env\Lib\site-packages\distributed\utils.py", line 1923, in wait_for
    return await fut
           ^^^^^^^^^
  File "c:\Users\mtt1e23\OneDrive - University of Southampton\Documents\python-PIVTOOLs\env\Lib\site-packages\distributed\comm\tcp.py", line 560, in connect
    convert_stream_closed_error(self, e)
    ~~~~~~~~~~~~~~~~~~~~~~~~~~~^^^^^^^^^
  File "c:\Users\mtt1e23\OneDrive - University of Southampton\Documents\python-PIVTOOLs\env\Lib\site-packages\distributed\comm\tcp.py", line 143, in convert_stream_closed_error
    raise CommClosedError(f"in {obj}: {exc.__class__.__name__}: {exc}") from exc
distributed.comm.core.CommClosedError: in <distributed.comm.tcp.TCPConnector object at 0x000001A44E0D4B50>: ConnectionRefusedError: [Errno 10061] Unknown error

The above exception was the direct cause of the following exception:

Traceback (most recent call last):
  File "c:\Users\mtt1e23\OneDrive - University of Southampton\Documents\python-PIVTOOLs\env\Lib\site-packages\distributed\worker.py", line 2073, in gather_dep
    response = await get_data_from_worker(
               ^^^^^^^^^^^^^^^^^^^^^^^^^^^
        rpc=self.rpc, keys=to_gather, worker=worker, who=self.address
        ^^^^^^^^^^^^^^^^^^^^^^^^^^^^^^^^^^^^^^^^^^^^^^^^^^^^^^^^^^^^^
    )
    ^
  File "c:\Users\mtt1e23\OneDrive - University of Southampton\Documents\python-PIVTOOLs\env\Lib\site-packages\distributed\worker.py", line 2876, in get_data_from_worker
    comm = await rpc.connect(worker)
           ^^^^^^^^^^^^^^^^^^^^^^^^^
  File "c:\Users\mtt1e23\OneDrive - University of Southampton\Documents\python-PIVTOOLs\env\Lib\site-packages\distributed\core.py", line 1485, in connect
    return await self._connect(addr=addr, timeout=timeout)
           ^^^^^^^^^^^^^^^^^^^^^^^^^^^^^^^^^^^^^^^^^^^^^^^
  File "c:\Users\mtt1e23\OneDrive - University of Southampton\Documents\python-PIVTOOLs\env\Lib\site-packages\distributed\core.py", line 1429, in _connect
    comm = await connect(
           ^^^^^^^^^^^^^^
    ...<4 lines>...
    )
    ^
  File "c:\Users\mtt1e23\OneDrive - University of Southampton\Documents\python-PIVTOOLs\env\Lib\site-packages\distributed\comm\core.py", line 368, in connect
    raise OSError(
        f"Timed out trying to connect to {addr} after {timeout} s"
    ) from active_exception
OSError: Timed out trying to connect to tcp://127.0.0.1:54189 after 30 s
2025-11-04 10:44:54,102 - distributed.worker.memory - WARNING - Worker is at 89% memory usage. Pausing worker.  Process memory: 2.38 GiB -- Worker memory limit: 2.66 GiB
2025-11-04 10:44:54,173 - distributed.nanny.memory - WARNING - Worker tcp://127.0.0.1:58473 (pid=27892) exceeded 95% memory budget. Restarting...
2025-11-04 10:44:54,227 - distributed.scheduler - WARNING - Removing worker 'tcp://127.0.0.1:58473' caused the cluster to lose already computed task(s), which will be recomputed elsewhere: {('stack-1fee21bec461f0f670da366072be43e2', 3, 0, 0, 0), ('stack-1fee21bec461f0f670da366072be43e2', 0, 0, 0, 0)} (stimulus_id='handle-worker-cleanup-1762253094.227014')
2025-11-04 10:44:54,226 - distributed.worker - ERROR - Worker stream died during communication: tcp://127.0.0.1:58473
Traceback (most recent call last):
  File "c:\Users\mtt1e23\OneDrive - University of Southampton\Documents\python-PIVTOOLs\env\Lib\site-packages\tornado\iostream.py", line 861, in _read_to_buffer
    bytes_read = self.read_from_fd(buf)
  File "c:\Users\mtt1e23\OneDrive - University of Southampton\Documents\python-PIVTOOLs\env\Lib\site-packages\tornado\iostream.py", line 1113, in read_from_fd
    return self.socket.recv_into(buf, len(buf))
           ~~~~~~~~~~~~~~~~~~~~~^^^^^^^^^^^^^^^
ConnectionResetError: [WinError 10054] An existing connection was forcibly closed by the remote host

The above exception was the direct cause of the following exception:

Traceback (most recent call last):
  File "c:\Users\mtt1e23\OneDrive - University of Southampton\Documents\python-PIVTOOLs\env\Lib\site-packages\distributed\worker.py", line 2073, in gather_dep
    response = await get_data_from_worker(
               ^^^^^^^^^^^^^^^^^^^^^^^^^^^
        rpc=self.rpc, keys=to_gather, worker=worker, who=self.address
        ^^^^^^^^^^^^^^^^^^^^^^^^^^^^^^^^^^^^^^^^^^^^^^^^^^^^^^^^^^^^^
    )
    ^
  File "c:\Users\mtt1e23\OneDrive - University of Southampton\Documents\python-PIVTOOLs\env\Lib\site-packages\distributed\worker.py", line 2879, in get_data_from_worker
    response = await send_recv(
               ^^^^^^^^^^^^^^^^
    ...<6 lines>...
    )
    ^
  File "c:\Users\mtt1e23\OneDrive - University of Southampton\Documents\python-PIVTOOLs\env\Lib\site-packages\distributed\core.py", line 1018, in send_recv
    response = await comm.read(deserializers=deserializers)
               ^^^^^^^^^^^^^^^^^^^^^^^^^^^^^^^^^^^^^^^^^^^^
  File "c:\Users\mtt1e23\OneDrive - University of Southampton\Documents\python-PIVTOOLs\env\Lib\site-packages\distributed\comm\tcp.py", line 237, in read
    convert_stream_closed_error(self, e)
    ~~~~~~~~~~~~~~~~~~~~~~~~~~~^^^^^^^^^
  File "c:\Users\mtt1e23\OneDrive - University of Southampton\Documents\python-PIVTOOLs\env\Lib\site-packages\distributed\comm\tcp.py", line 143, in convert_stream_closed_error
    raise CommClosedError(f"in {obj}: {exc.__class__.__name__}: {exc}") from exc
distributed.comm.core.CommClosedError: in <TCP (closed) Ephemeral Worker->Worker for gather local=tcp://127.0.0.1:58270 remote=tcp://127.0.0.1:58473>: ConnectionResetError: [WinError 10054] An existing connection was forcibly closed by the remote host
2025-11-04 10:44:54,398 - distributed.nanny - WARNING - Restarting worker
2025-11-04 10:44:54,544 - distributed.nanny.memory - WARNING - Worker tcp://127.0.0.1:56811 (pid=32932) exceeded 95% memory budget. Restarting...
2025-11-04 10:44:54,596 - distributed.worker.memory - WARNING - Worker is at 90% memory usage. Pausing worker.  Process memory: 2.40 GiB -- Worker memory limit: 2.66 GiB
2025-11-04 10:44:54,602 - distributed.nanny.memory - WARNING - Worker tcp://127.0.0.1:54219 (pid=7508) exceeded 95% memory budget. Restarting...
2025-11-04 10:44:54,612 - distributed.scheduler - ERROR - Task getitem-rechunk-merge-finalize-hlgfinalizecompute-d5c533967fe4492e973918ae6723f7ad marked as failed because 4 workers died while trying to run it
2025-11-04 10:44:54,616 [ERROR] PIV processing failed: Attempted to run task 'getitem-rechunk-merge-finalize-hlgfinalizecompute-d5c533967fe4492e973918ae6723f7ad' on 4 different workers, but all those workers died while running it. The last worker that attempt to run the task was tcp://127.0.0.1:56811. Inspecting worker logs is often a good next step to diagnose what went wrong. For more information see https://distributed.dask.org/en/stable/killed.html.
2025-11-04 10:44:54,621 [WARNING] PIVResult has no passes for frame 32. Skipping save.
2025-11-04 10:44:54,704 - distributed.nanny.memory - WARNING - Worker tcp://127.0.0.1:54219 (pid=7508) is slow to terminate; trying again
2025-11-04 10:44:54,756 - distributed.nanny - WARNING - Restarting worker
2025-11-04 10:44:54,797 - distributed.nanny.memory - WARNING - Worker tcp://127.0.0.1:54219 (pid=7508) is slow to terminate; trying again
2025-11-04 10:44:54,900 - distributed.nanny.memory - WARNING - Worker tcp://127.0.0.1:54219 (pid=7508) is slow to terminate; trying again
2025-11-04 10:44:54,909 - distributed.scheduler - WARNING - Removing worker 'tcp://127.0.0.1:54219' caused the cluster to lose already computed task(s), which will be recomputed elsewhere: {('stack-1fee21bec461f0f670da366072be43e2', 49, 0, 0, 0), ('stack-1fee21bec461f0f670da366072be43e2', 46, 0, 0, 0), 'save_piv_result_distributed-daaebb8277f2c805c6d191461953726e', ('stack-1fee21bec461f0f670da366072be43e2', 18, 0, 0, 0), ('stack-1fee21bec461f0f670da366072be43e2', 9, 0, 0, 0)} (stimulus_id='handle-worker-cleanup-1762253094.9097233')
2025-11-04 10:44:54,911 - distributed.worker - ERROR - Worker stream died during communication: tcp://127.0.0.1:54219
Traceback (most recent call last):
  File "c:\Users\mtt1e23\OneDrive - University of Southampton\Documents\python-PIVTOOLs\env\Lib\site-packages\tornado\iostream.py", line 861, in _read_to_buffer
    bytes_read = self.read_from_fd(buf)
  File "c:\Users\mtt1e23\OneDrive - University of Southampton\Documents\python-PIVTOOLs\env\Lib\site-packages\tornado\iostream.py", line 1113, in read_from_fd
    return self.socket.recv_into(buf, len(buf))
           ~~~~~~~~~~~~~~~~~~~~~^^^^^^^^^^^^^^^
ConnectionResetError: [WinError 10054] An existing connection was forcibly closed by the remote host

The above exception was the direct cause of the following exception:

Traceback (most recent call last):
  File "c:\Users\mtt1e23\OneDrive - University of Southampton\Documents\python-PIVTOOLs\env\Lib\site-packages\distributed\worker.py", line 2073, in gather_dep
    response = await get_data_from_worker(
               ^^^^^^^^^^^^^^^^^^^^^^^^^^^
        rpc=self.rpc, keys=to_gather, worker=worker, who=self.address
        ^^^^^^^^^^^^^^^^^^^^^^^^^^^^^^^^^^^^^^^^^^^^^^^^^^^^^^^^^^^^^
    )
    ^
  File "c:\Users\mtt1e23\OneDrive - University of Southampton\Documents\python-PIVTOOLs\env\Lib\site-packages\distributed\worker.py", line 2879, in get_data_from_worker
    response = await send_recv(
               ^^^^^^^^^^^^^^^^
    ...<6 lines>...
    )
    ^
  File "c:\Users\mtt1e23\OneDrive - University of Southampton\Documents\python-PIVTOOLs\env\Lib\site-packages\distributed\core.py", line 1018, in send_recv
    response = await comm.read(deserializers=deserializers)
               ^^^^^^^^^^^^^^^^^^^^^^^^^^^^^^^^^^^^^^^^^^^^
  File "c:\Users\mtt1e23\OneDrive - University of Southampton\Documents\python-PIVTOOLs\env\Lib\site-packages\distributed\comm\tcp.py", line 237, in read
    convert_stream_closed_error(self, e)
    ~~~~~~~~~~~~~~~~~~~~~~~~~~~^^^^^^^^^
  File "c:\Users\mtt1e23\OneDrive - University of Southampton\Documents\python-PIVTOOLs\env\Lib\site-packages\distributed\comm\tcp.py", line 143, in convert_stream_closed_error
    raise CommClosedError(f"in {obj}: {exc.__class__.__name__}: {exc}") from exc
distributed.comm.core.CommClosedError: in <TCP (closed) Ephemeral Worker->Worker for gather local=tcp://127.0.0.1:56457 remote=tcp://127.0.0.1:54219>: ConnectionResetError: [WinError 10054] An existing connection was forcibly closed by the remote host
2025-11-04 10:44:55,170 - distributed.nanny - WARNING - Restarting worker
2025-11-04 10:44:55,481 - distributed.nanny.memory - WARNING - Worker tcp://127.0.0.1:54142 (pid=25764) exceeded 95% memory budget. Restarting...
2025-11-04 10:44:55,500 - distributed.worker - ERROR - Worker stream died during communication: tcp://127.0.0.1:54142
Traceback (most recent call last):
  File "c:\Users\mtt1e23\OneDrive - University of Southampton\Documents\python-PIVTOOLs\env\Lib\site-packages\tornado\iostream.py", line 861, in _read_to_buffer
    bytes_read = self.read_from_fd(buf)
  File "c:\Users\mtt1e23\OneDrive - University of Southampton\Documents\python-PIVTOOLs\env\Lib\site-packages\tornado\iostream.py", line 1113, in read_from_fd
    return self.socket.recv_into(buf, len(buf))
           ~~~~~~~~~~~~~~~~~~~~~^^^^^^^^^^^^^^^
ConnectionResetError: [WinError 10054] An existing connection was forcibly closed by the remote host

The above exception was the direct cause of the following exception:

Traceback (most recent call last):
  File "c:\Users\mtt1e23\OneDrive - University of Southampton\Documents\python-PIVTOOLs\env\Lib\site-packages\distributed\worker.py", line 2073, in gather_dep
    response = await get_data_from_worker(
               ^^^^^^^^^^^^^^^^^^^^^^^^^^^
        rpc=self.rpc, keys=to_gather, worker=worker, who=self.address
        ^^^^^^^^^^^^^^^^^^^^^^^^^^^^^^^^^^^^^^^^^^^^^^^^^^^^^^^^^^^^^
    )
    ^
  File "c:\Users\mtt1e23\OneDrive - University of Southampton\Documents\python-PIVTOOLs\env\Lib\site-packages\distributed\worker.py", line 2879, in get_data_from_worker
    response = await send_recv(
               ^^^^^^^^^^^^^^^^
    ...<6 lines>...
    )
    ^
  File "c:\Users\mtt1e23\OneDrive - University of Southampton\Documents\python-PIVTOOLs\env\Lib\site-packages\distributed\core.py", line 1018, in send_recv
    response = await comm.read(deserializers=deserializers)
               ^^^^^^^^^^^^^^^^^^^^^^^^^^^^^^^^^^^^^^^^^^^^
  File "c:\Users\mtt1e23\OneDrive - University of Southampton\Documents\python-PIVTOOLs\env\Lib\site-packages\distributed\comm\tcp.py", line 237, in read
    convert_stream_closed_error(self, e)
    ~~~~~~~~~~~~~~~~~~~~~~~~~~~^^^^^^^^^
  File "c:\Users\mtt1e23\OneDrive - University of Southampton\Documents\python-PIVTOOLs\env\Lib\site-packages\distributed\comm\tcp.py", line 143, in convert_stream_closed_error
    raise CommClosedError(f"in {obj}: {exc.__class__.__name__}: {exc}") from exc
distributed.comm.core.CommClosedError: in <TCP (closed) Ephemeral Worker->Worker for gather local=tcp://127.0.0.1:58273 remote=tcp://127.0.0.1:54142>: ConnectionResetError: [WinError 10054] An existing connection was forcibly closed by the remote host
2025-11-04 10:44:55,509 - distributed.worker - ERROR - Worker stream died during communication: tcp://127.0.0.1:54142
Traceback (most recent call last):
  File "c:\Users\mtt1e23\OneDrive - University of Southampton\Documents\python-PIVTOOLs\env\Lib\site-packages\tornado\iostream.py", line 861, in _read_to_buffer
    bytes_read = self.read_from_fd(buf)
  File "c:\Users\mtt1e23\OneDrive - University of Southampton\Documents\python-PIVTOOLs\env\Lib\site-packages\tornado\iostream.py", line 1113, in read_from_fd
    return self.socket.recv_into(buf, len(buf))
           ~~~~~~~~~~~~~~~~~~~~~^^^^^^^^^^^^^^^
ConnectionResetError: [WinError 10054] An existing connection was forcibly closed by the remote host

The above exception was the direct cause of the following exception:

Traceback (most recent call last):
  File "c:\Users\mtt1e23\OneDrive - University of Southampton\Documents\python-PIVTOOLs\env\Lib\site-packages\distributed\worker.py", line 2073, in gather_dep
    response = await get_data_from_worker(
               ^^^^^^^^^^^^^^^^^^^^^^^^^^^
        rpc=self.rpc, keys=to_gather, worker=worker, who=self.address
        ^^^^^^^^^^^^^^^^^^^^^^^^^^^^^^^^^^^^^^^^^^^^^^^^^^^^^^^^^^^^^
    )
    ^
  File "c:\Users\mtt1e23\OneDrive - University of Southampton\Documents\python-PIVTOOLs\env\Lib\site-packages\distributed\worker.py", line 2879, in get_data_from_worker
    response = await send_recv(
               ^^^^^^^^^^^^^^^^
    ...<6 lines>...
    )
    ^
  File "c:\Users\mtt1e23\OneDrive - University of Southampton\Documents\python-PIVTOOLs\env\Lib\site-packages\distributed\core.py", line 1018, in send_recv
    response = await comm.read(deserializers=deserializers)
               ^^^^^^^^^^^^^^^^^^^^^^^^^^^^^^^^^^^^^^^^^^^^
  File "c:\Users\mtt1e23\OneDrive - University of Southampton\Documents\python-PIVTOOLs\env\Lib\site-packages\distributed\comm\tcp.py", line 237, in read
    convert_stream_closed_error(self, e)
    ~~~~~~~~~~~~~~~~~~~~~~~~~~~^^^^^^^^^
  File "c:\Users\mtt1e23\OneDrive - University of Southampton\Documents\python-PIVTOOLs\env\Lib\site-packages\distributed\comm\tcp.py", line 143, in convert_stream_closed_error
    raise CommClosedError(f"in {obj}: {exc.__class__.__name__}: {exc}") from exc
distributed.comm.core.CommClosedError: in <TCP (closed) Ephemeral Worker->Worker for gather local=tcp://127.0.0.1:56460 remote=tcp://127.0.0.1:54142>: ConnectionResetError: [WinError 10054] An existing connection was forcibly closed by the remote host
2025-11-04 10:44:55,532 - distributed.scheduler - WARNING - Removing worker 'tcp://127.0.0.1:54142' caused the cluster to lose already computed task(s), which will be recomputed elsewhere: {('stack-1fee21bec461f0f670da366072be43e2', 40, 0, 0, 0), ('stack-1fee21bec461f0f670da366072be43e2', 45, 0, 0, 0)} (stimulus_id='handle-worker-cleanup-1762253095.5319924')
2025-11-04 10:44:55,747 - distributed.nanny - WARNING - Restarting worker
2025-11-04 10:44:56,575 [INFO] Logging initialized. Level: INFO, File: pypiv.log
2025-11-04 10:44:56,825 [INFO] Logging initialized. Level: INFO, File: pypiv.log
2025-11-04 10:44:57,158 [INFO] Logging initialized. Level: INFO, File: pypiv.log
2025-11-04 10:44:57,661 [INFO] Logging initialized. Level: INFO, File: pypiv.log
2025-11-04 10:44:57,958 - distributed.worker - ERROR - Worker stream died during communication: tcp://127.0.0.1:54219
Traceback (most recent call last):
  File "c:\Users\mtt1e23\OneDrive - University of Southampton\Documents\python-PIVTOOLs\env\Lib\site-packages\distributed\core.py", line 1485, in connect
    return await self._connect(addr=addr, timeout=timeout)
           ^^^^^^^^^^^^^^^^^^^^^^^^^^^^^^^^^^^^^^^^^^^^^^^
  File "c:\Users\mtt1e23\OneDrive - University of Southampton\Documents\python-PIVTOOLs\env\Lib\site-packages\distributed\core.py", line 1429, in _connect
    comm = await connect(
           ^^^^^^^^^^^^^^
    ...<4 lines>...
    )
    ^
  File "c:\Users\mtt1e23\OneDrive - University of Southampton\Documents\python-PIVTOOLs\env\Lib\site-packages\distributed\comm\core.py", line 342, in connect
    comm = await wait_for(
           ^^^^^^^^^^^^^^^
    ...<2 lines>...
    )
    ^
  File "c:\Users\mtt1e23\OneDrive - University of Southampton\Documents\python-PIVTOOLs\env\Lib\site-packages\distributed\utils.py", line 1923, in wait_for
    return await fut
           ^^^^^^^^^
  File "c:\Users\mtt1e23\OneDrive - University of Southampton\Documents\python-PIVTOOLs\env\Lib\site-packages\distributed\comm\tcp.py", line 547, in connect
    stream = await self.client.connect(
             ^^^^^^^^^^^^^^^^^^^^^^^^^^
        ip, port, max_buffer_size=MAX_BUFFER_SIZE, **kwargs
        ^^^^^^^^^^^^^^^^^^^^^^^^^^^^^^^^^^^^^^^^^^^^^^^^^^^
    )
    ^
  File "c:\Users\mtt1e23\OneDrive - University of Southampton\Documents\python-PIVTOOLs\env\Lib\site-packages\tornado\tcpclient.py", line 279, in connect
    af, addr, stream = await connector.start(connect_timeout=timeout)
                       ^^^^^^^^^^^^^^^^^^^^^^^^^^^^^^^^^^^^^^^^^^^^^^
asyncio.exceptions.CancelledError

The above exception was the direct cause of the following exception:

Traceback (most recent call last):
  File "c:\Users\mtt1e23\OneDrive - University of Southampton\Documents\python-PIVTOOLs\env\Lib\site-packages\distributed\core.py", line 1476, in connect
    async with asyncio.timeout(math.inf) as scope:
               ~~~~~~~~~~~~~~~^^^^^^^^^^
  File "C:\Python313\Lib\asyncio\timeouts.py", line 116, in __aexit__
    raise TimeoutError from exc_val
TimeoutError

During handling of the above exception, another exception occurred:

Traceback (most recent call last):
  File "c:\Users\mtt1e23\OneDrive - University of Southampton\Documents\python-PIVTOOLs\env\Lib\site-packages\distributed\worker.py", line 2073, in gather_dep
    response = await get_data_from_worker(
               ^^^^^^^^^^^^^^^^^^^^^^^^^^^
        rpc=self.rpc, keys=to_gather, worker=worker, who=self.address
        ^^^^^^^^^^^^^^^^^^^^^^^^^^^^^^^^^^^^^^^^^^^^^^^^^^^^^^^^^^^^^
    )
    ^
  File "c:\Users\mtt1e23\OneDrive - University of Southampton\Documents\python-PIVTOOLs\env\Lib\site-packages\distributed\worker.py", line 2876, in get_data_from_worker
    comm = await rpc.connect(worker)
           ^^^^^^^^^^^^^^^^^^^^^^^^^
  File "c:\Users\mtt1e23\OneDrive - University of Southampton\Documents\python-PIVTOOLs\env\Lib\site-packages\distributed\core.py", line 1497, in connect
    raise CommClosedError(reason)
distributed.comm.core.CommClosedError: Address removed.
2025-11-04 10:44:59,003 - distributed.worker.memory - WARNING - Worker is at 93% memory usage. Pausing worker.  Process memory: 2.48 GiB -- Worker memory limit: 2.66 GiB
2025-11-04 10:44:59,030 - distributed.nanny.memory - WARNING - Worker tcp://127.0.0.1:58494 (pid=28568) exceeded 95% memory budget. Restarting...
2025-11-04 10:44:59,069 - distributed.scheduler - WARNING - Removing worker 'tcp://127.0.0.1:58494' caused the cluster to lose already computed task(s), which will be recomputed elsewhere: {('stack-1fee21bec461f0f670da366072be43e2', 29, 0, 0, 0), ('from-value-read_pair-stack-1fee21bec461f0f670da366072be43e2', 16, 0, 0, 0), ('stack-1fee21bec461f0f670da366072be43e2', 25, 0, 0, 0), ('stack-1fee21bec461f0f670da366072be43e2', 23, 0, 0, 0), ('stack-1fee21bec461f0f670da366072be43e2', 27, 0, 0, 0), ('stack-1fee21bec461f0f670da366072be43e2', 22, 0, 0, 0), ('stack-1fee21bec461f0f670da366072be43e2', 26, 0, 0, 0)} (stimulus_id='handle-worker-cleanup-1762253099.069354')
2025-11-04 10:44:59,070 - distributed.worker - ERROR - Worker stream died during communication: tcp://127.0.0.1:58494
Traceback (most recent call last):
  File "c:\Users\mtt1e23\OneDrive - University of Southampton\Documents\python-PIVTOOLs\env\Lib\site-packages\tornado\iostream.py", line 861, in _read_to_buffer
    bytes_read = self.read_from_fd(buf)
  File "c:\Users\mtt1e23\OneDrive - University of Southampton\Documents\python-PIVTOOLs\env\Lib\site-packages\tornado\iostream.py", line 1113, in read_from_fd
    return self.socket.recv_into(buf, len(buf))
           ~~~~~~~~~~~~~~~~~~~~~^^^^^^^^^^^^^^^
ConnectionResetError: [WinError 10054] An existing connection was forcibly closed by the remote host

The above exception was the direct cause of the following exception:

Traceback (most recent call last):
  File "c:\Users\mtt1e23\OneDrive - University of Southampton\Documents\python-PIVTOOLs\env\Lib\site-packages\distributed\worker.py", line 2073, in gather_dep
    response = await get_data_from_worker(
               ^^^^^^^^^^^^^^^^^^^^^^^^^^^
        rpc=self.rpc, keys=to_gather, worker=worker, who=self.address
        ^^^^^^^^^^^^^^^^^^^^^^^^^^^^^^^^^^^^^^^^^^^^^^^^^^^^^^^^^^^^^
    )
    ^
  File "c:\Users\mtt1e23\OneDrive - University of Southampton\Documents\python-PIVTOOLs\env\Lib\site-packages\distributed\worker.py", line 2879, in get_data_from_worker
    response = await send_recv(
               ^^^^^^^^^^^^^^^^
    ...<6 lines>...
    )
    ^
  File "c:\Users\mtt1e23\OneDrive - University of Southampton\Documents\python-PIVTOOLs\env\Lib\site-packages\distributed\core.py", line 1018, in send_recv
    response = await comm.read(deserializers=deserializers)
               ^^^^^^^^^^^^^^^^^^^^^^^^^^^^^^^^^^^^^^^^^^^^
  File "c:\Users\mtt1e23\OneDrive - University of Southampton\Documents\python-PIVTOOLs\env\Lib\site-packages\distributed\comm\tcp.py", line 237, in read
    convert_stream_closed_error(self, e)
    ~~~~~~~~~~~~~~~~~~~~~~~~~~~^^^^^^^^^
  File "c:\Users\mtt1e23\OneDrive - University of Southampton\Documents\python-PIVTOOLs\env\Lib\site-packages\distributed\comm\tcp.py", line 143, in convert_stream_closed_error
    raise CommClosedError(f"in {obj}: {exc.__class__.__name__}: {exc}") from exc
distributed.comm.core.CommClosedError: in <TCP (closed) Ephemeral Worker->Worker for gather local=tcp://127.0.0.1:58272 remote=tcp://127.0.0.1:58494>: ConnectionResetError: [WinError 10054] An existing connection was forcibly closed by the remote host
2025-11-04 10:44:59,070 - distributed.worker - ERROR - Worker stream died during communication: tcp://127.0.0.1:58494
Traceback (most recent call last):
  File "c:\Users\mtt1e23\OneDrive - University of Southampton\Documents\python-PIVTOOLs\env\Lib\site-packages\tornado\iostream.py", line 861, in _read_to_buffer
    bytes_read = self.read_from_fd(buf)
  File "c:\Users\mtt1e23\OneDrive - University of Southampton\Documents\python-PIVTOOLs\env\Lib\site-packages\tornado\iostream.py", line 1113, in read_from_fd
    return self.socket.recv_into(buf, len(buf))
           ~~~~~~~~~~~~~~~~~~~~~^^^^^^^^^^^^^^^
ConnectionResetError: [WinError 10054] An existing connection was forcibly closed by the remote host

The above exception was the direct cause of the following exception:

Traceback (most recent call last):
  File "c:\Users\mtt1e23\OneDrive - University of Southampton\Documents\python-PIVTOOLs\env\Lib\site-packages\distributed\worker.py", line 2073, in gather_dep
    response = await get_data_from_worker(
               ^^^^^^^^^^^^^^^^^^^^^^^^^^^
        rpc=self.rpc, keys=to_gather, worker=worker, who=self.address
        ^^^^^^^^^^^^^^^^^^^^^^^^^^^^^^^^^^^^^^^^^^^^^^^^^^^^^^^^^^^^^
    )
    ^
  File "c:\Users\mtt1e23\OneDrive - University of Southampton\Documents\python-PIVTOOLs\env\Lib\site-packages\distributed\worker.py", line 2879, in get_data_from_worker
    response = await send_recv(
               ^^^^^^^^^^^^^^^^
    ...<6 lines>...
    )
    ^
  File "c:\Users\mtt1e23\OneDrive - University of Southampton\Documents\python-PIVTOOLs\env\Lib\site-packages\distributed\core.py", line 1018, in send_recv
    response = await comm.read(deserializers=deserializers)
               ^^^^^^^^^^^^^^^^^^^^^^^^^^^^^^^^^^^^^^^^^^^^
  File "c:\Users\mtt1e23\OneDrive - University of Southampton\Documents\python-PIVTOOLs\env\Lib\site-packages\distributed\comm\tcp.py", line 237, in read
    convert_stream_closed_error(self, e)
    ~~~~~~~~~~~~~~~~~~~~~~~~~~~^^^^^^^^^
  File "c:\Users\mtt1e23\OneDrive - University of Southampton\Documents\python-PIVTOOLs\env\Lib\site-packages\distributed\comm\tcp.py", line 143, in convert_stream_closed_error
    raise CommClosedError(f"in {obj}: {exc.__class__.__name__}: {exc}") from exc
distributed.comm.core.CommClosedError: in <TCP (closed) Ephemeral Worker->Worker for gather local=tcp://127.0.0.1:62549 remote=tcp://127.0.0.1:58494>: ConnectionResetError: [WinError 10054] An existing connection was forcibly closed by the remote host
2025-11-04 10:44:59,071 - distributed.worker - ERROR - Worker stream died during communication: tcp://127.0.0.1:58494
Traceback (most recent call last):
  File "c:\Users\mtt1e23\OneDrive - University of Southampton\Documents\python-PIVTOOLs\env\Lib\site-packages\tornado\iostream.py", line 861, in _read_to_buffer
    bytes_read = self.read_from_fd(buf)
  File "c:\Users\mtt1e23\OneDrive - University of Southampton\Documents\python-PIVTOOLs\env\Lib\site-packages\tornado\iostream.py", line 1113, in read_from_fd
    return self.socket.recv_into(buf, len(buf))
           ~~~~~~~~~~~~~~~~~~~~~^^^^^^^^^^^^^^^
ConnectionResetError: [WinError 10054] An existing connection was forcibly closed by the remote host

The above exception was the direct cause of the following exception:

Traceback (most recent call last):
  File "c:\Users\mtt1e23\OneDrive - University of Southampton\Documents\python-PIVTOOLs\env\Lib\site-packages\distributed\worker.py", line 2073, in gather_dep
    response = await get_data_from_worker(
               ^^^^^^^^^^^^^^^^^^^^^^^^^^^
        rpc=self.rpc, keys=to_gather, worker=worker, who=self.address
        ^^^^^^^^^^^^^^^^^^^^^^^^^^^^^^^^^^^^^^^^^^^^^^^^^^^^^^^^^^^^^
    )
    ^
  File "c:\Users\mtt1e23\OneDrive - University of Southampton\Documents\python-PIVTOOLs\env\Lib\site-packages\distributed\worker.py", line 2879, in get_data_from_worker
    response = await send_recv(
               ^^^^^^^^^^^^^^^^
    ...<6 lines>...
    )
    ^
  File "c:\Users\mtt1e23\OneDrive - University of Southampton\Documents\python-PIVTOOLs\env\Lib\site-packages\distributed\core.py", line 1018, in send_recv
    response = await comm.read(deserializers=deserializers)
               ^^^^^^^^^^^^^^^^^^^^^^^^^^^^^^^^^^^^^^^^^^^^
  File "c:\Users\mtt1e23\OneDrive - University of Southampton\Documents\python-PIVTOOLs\env\Lib\site-packages\distributed\comm\tcp.py", line 237, in read
    convert_stream_closed_error(self, e)
    ~~~~~~~~~~~~~~~~~~~~~~~~~~~^^^^^^^^^
  File "c:\Users\mtt1e23\OneDrive - University of Southampton\Documents\python-PIVTOOLs\env\Lib\site-packages\distributed\comm\tcp.py", line 143, in convert_stream_closed_error
    raise CommClosedError(f"in {obj}: {exc.__class__.__name__}: {exc}") from exc
distributed.comm.core.CommClosedError: in <TCP (closed) Ephemeral Worker->Worker for gather local=tcp://127.0.0.1:62547 remote=tcp://127.0.0.1:58494>: ConnectionResetError: [WinError 10054] An existing connection was forcibly closed by the remote host
2025-11-04 10:44:59,073 - distributed.worker - ERROR - Worker stream died during communication: tcp://127.0.0.1:58494
Traceback (most recent call last):
  File "c:\Users\mtt1e23\OneDrive - University of Southampton\Documents\python-PIVTOOLs\env\Lib\site-packages\tornado\iostream.py", line 861, in _read_to_buffer
    bytes_read = self.read_from_fd(buf)
  File "c:\Users\mtt1e23\OneDrive - University of Southampton\Documents\python-PIVTOOLs\env\Lib\site-packages\tornado\iostream.py", line 1113, in read_from_fd
    return self.socket.recv_into(buf, len(buf))
           ~~~~~~~~~~~~~~~~~~~~~^^^^^^^^^^^^^^^
ConnectionResetError: [WinError 10054] An existing connection was forcibly closed by the remote host

The above exception was the direct cause of the following exception:

Traceback (most recent call last):
  File "c:\Users\mtt1e23\OneDrive - University of Southampton\Documents\python-PIVTOOLs\env\Lib\site-packages\distributed\worker.py", line 2073, in gather_dep
    response = await get_data_from_worker(
               ^^^^^^^^^^^^^^^^^^^^^^^^^^^
        rpc=self.rpc, keys=to_gather, worker=worker, who=self.address
        ^^^^^^^^^^^^^^^^^^^^^^^^^^^^^^^^^^^^^^^^^^^^^^^^^^^^^^^^^^^^^
    )
    ^
  File "c:\Users\mtt1e23\OneDrive - University of Southampton\Documents\python-PIVTOOLs\env\Lib\site-packages\distributed\worker.py", line 2879, in get_data_from_worker
    response = await send_recv(
               ^^^^^^^^^^^^^^^^
    ...<6 lines>...
    )
    ^
  File "c:\Users\mtt1e23\OneDrive - University of Southampton\Documents\python-PIVTOOLs\env\Lib\site-packages\distributed\core.py", line 1018, in send_recv
    response = await comm.read(deserializers=deserializers)
               ^^^^^^^^^^^^^^^^^^^^^^^^^^^^^^^^^^^^^^^^^^^^
  File "c:\Users\mtt1e23\OneDrive - University of Southampton\Documents\python-PIVTOOLs\env\Lib\site-packages\distributed\comm\tcp.py", line 237, in read
    convert_stream_closed_error(self, e)
    ~~~~~~~~~~~~~~~~~~~~~~~~~~~^^^^^^^^^
  File "c:\Users\mtt1e23\OneDrive - University of Southampton\Documents\python-PIVTOOLs\env\Lib\site-packages\distributed\comm\tcp.py", line 143, in convert_stream_closed_error
    raise CommClosedError(f"in {obj}: {exc.__class__.__name__}: {exc}") from exc
distributed.comm.core.CommClosedError: in <TCP (closed) Ephemeral Worker->Worker for gather local=tcp://127.0.0.1:62548 remote=tcp://127.0.0.1:58494>: ConnectionResetError: [WinError 10054] An existing connection was forcibly closed by the remote host
2025-11-04 10:44:59,073 - distributed.worker - ERROR - Worker stream died during communication: tcp://127.0.0.1:58494
Traceback (most recent call last):
  File "c:\Users\mtt1e23\OneDrive - University of Southampton\Documents\python-PIVTOOLs\env\Lib\site-packages\tornado\iostream.py", line 861, in _read_to_buffer
    bytes_read = self.read_from_fd(buf)
  File "c:\Users\mtt1e23\OneDrive - University of Southampton\Documents\python-PIVTOOLs\env\Lib\site-packages\tornado\iostream.py", line 1113, in read_from_fd
    return self.socket.recv_into(buf, len(buf))
           ~~~~~~~~~~~~~~~~~~~~~^^^^^^^^^^^^^^^
ConnectionResetError: [WinError 10054] An existing connection was forcibly closed by the remote host

The above exception was the direct cause of the following exception:

Traceback (most recent call last):
  File "c:\Users\mtt1e23\OneDrive - University of Southampton\Documents\python-PIVTOOLs\env\Lib\site-packages\distributed\worker.py", line 2073, in gather_dep
    response = await get_data_from_worker(
               ^^^^^^^^^^^^^^^^^^^^^^^^^^^
        rpc=self.rpc, keys=to_gather, worker=worker, who=self.address
        ^^^^^^^^^^^^^^^^^^^^^^^^^^^^^^^^^^^^^^^^^^^^^^^^^^^^^^^^^^^^^
    )
    ^
  File "c:\Users\mtt1e23\OneDrive - University of Southampton\Documents\python-PIVTOOLs\env\Lib\site-packages\distributed\worker.py", line 2879, in get_data_from_worker
    response = await send_recv(
               ^^^^^^^^^^^^^^^^
    ...<6 lines>...
    )
    ^
  File "c:\Users\mtt1e23\OneDrive - University of Southampton\Documents\python-PIVTOOLs\env\Lib\site-packages\distributed\core.py", line 1018, in send_recv
    response = await comm.read(deserializers=deserializers)
               ^^^^^^^^^^^^^^^^^^^^^^^^^^^^^^^^^^^^^^^^^^^^
  File "c:\Users\mtt1e23\OneDrive - University of Southampton\Documents\python-PIVTOOLs\env\Lib\site-packages\distributed\comm\tcp.py", line 237, in read
    convert_stream_closed_error(self, e)
    ~~~~~~~~~~~~~~~~~~~~~~~~~~~^^^^^^^^^
  File "c:\Users\mtt1e23\OneDrive - University of Southampton\Documents\python-PIVTOOLs\env\Lib\site-packages\distributed\comm\tcp.py", line 143, in convert_stream_closed_error
    raise CommClosedError(f"in {obj}: {exc.__class__.__name__}: {exc}") from exc
distributed.comm.core.CommClosedError: in <TCP (closed) Ephemeral Worker->Worker for gather local=tcp://127.0.0.1:62552 remote=tcp://127.0.0.1:58494>: ConnectionResetError: [WinError 10054] An existing connection was forcibly closed by the remote host
2025-11-04 10:44:59,074 - distributed.worker - ERROR - Worker stream died during communication: tcp://127.0.0.1:58494
Traceback (most recent call last):
  File "c:\Users\mtt1e23\OneDrive - University of Southampton\Documents\python-PIVTOOLs\env\Lib\site-packages\tornado\iostream.py", line 861, in _read_to_buffer
    bytes_read = self.read_from_fd(buf)
  File "c:\Users\mtt1e23\OneDrive - University of Southampton\Documents\python-PIVTOOLs\env\Lib\site-packages\tornado\iostream.py", line 1113, in read_from_fd
    return self.socket.recv_into(buf, len(buf))
           ~~~~~~~~~~~~~~~~~~~~~^^^^^^^^^^^^^^^
ConnectionResetError: [WinError 10054] An existing connection was forcibly closed by the remote host

The above exception was the direct cause of the following exception:

Traceback (most recent call last):
  File "c:\Users\mtt1e23\OneDrive - University of Southampton\Documents\python-PIVTOOLs\env\Lib\site-packages\distributed\worker.py", line 2073, in gather_dep
    response = await get_data_from_worker(
               ^^^^^^^^^^^^^^^^^^^^^^^^^^^
        rpc=self.rpc, keys=to_gather, worker=worker, who=self.address
        ^^^^^^^^^^^^^^^^^^^^^^^^^^^^^^^^^^^^^^^^^^^^^^^^^^^^^^^^^^^^^
    )
    ^
  File "c:\Users\mtt1e23\OneDrive - University of Southampton\Documents\python-PIVTOOLs\env\Lib\site-packages\distributed\worker.py", line 2879, in get_data_from_worker
    response = await send_recv(
               ^^^^^^^^^^^^^^^^
    ...<6 lines>...
    )
    ^
  File "c:\Users\mtt1e23\OneDrive - University of Southampton\Documents\python-PIVTOOLs\env\Lib\site-packages\distributed\core.py", line 1018, in send_recv
    response = await comm.read(deserializers=deserializers)
               ^^^^^^^^^^^^^^^^^^^^^^^^^^^^^^^^^^^^^^^^^^^^
  File "c:\Users\mtt1e23\OneDrive - University of Southampton\Documents\python-PIVTOOLs\env\Lib\site-packages\distributed\comm\tcp.py", line 237, in read
    convert_stream_closed_error(self, e)
    ~~~~~~~~~~~~~~~~~~~~~~~~~~~^^^^^^^^^
  File "c:\Users\mtt1e23\OneDrive - University of Southampton\Documents\python-PIVTOOLs\env\Lib\site-packages\distributed\comm\tcp.py", line 143, in convert_stream_closed_error
    raise CommClosedError(f"in {obj}: {exc.__class__.__name__}: {exc}") from exc
distributed.comm.core.CommClosedError: in <TCP (closed) Ephemeral Worker->Worker for gather local=tcp://127.0.0.1:62554 remote=tcp://127.0.0.1:58494>: ConnectionResetError: [WinError 10054] An existing connection was forcibly closed by the remote host
2025-11-04 10:44:59,074 - distributed.worker - ERROR - Worker stream died during communication: tcp://127.0.0.1:58494
Traceback (most recent call last):
  File "c:\Users\mtt1e23\OneDrive - University of Southampton\Documents\python-PIVTOOLs\env\Lib\site-packages\tornado\iostream.py", line 861, in _read_to_buffer
    bytes_read = self.read_from_fd(buf)
  File "c:\Users\mtt1e23\OneDrive - University of Southampton\Documents\python-PIVTOOLs\env\Lib\site-packages\tornado\iostream.py", line 1113, in read_from_fd
    return self.socket.recv_into(buf, len(buf))
           ~~~~~~~~~~~~~~~~~~~~~^^^^^^^^^^^^^^^
ConnectionResetError: [WinError 10054] An existing connection was forcibly closed by the remote host

The above exception was the direct cause of the following exception:

Traceback (most recent call last):
  File "c:\Users\mtt1e23\OneDrive - University of Southampton\Documents\python-PIVTOOLs\env\Lib\site-packages\distributed\worker.py", line 2073, in gather_dep
    response = await get_data_from_worker(
               ^^^^^^^^^^^^^^^^^^^^^^^^^^^
        rpc=self.rpc, keys=to_gather, worker=worker, who=self.address
        ^^^^^^^^^^^^^^^^^^^^^^^^^^^^^^^^^^^^^^^^^^^^^^^^^^^^^^^^^^^^^
    )
    ^
  File "c:\Users\mtt1e23\OneDrive - University of Southampton\Documents\python-PIVTOOLs\env\Lib\site-packages\distributed\worker.py", line 2879, in get_data_from_worker
    response = await send_recv(
               ^^^^^^^^^^^^^^^^
    ...<6 lines>...
    )
    ^
  File "c:\Users\mtt1e23\OneDrive - University of Southampton\Documents\python-PIVTOOLs\env\Lib\site-packages\distributed\core.py", line 1018, in send_recv
    response = await comm.read(deserializers=deserializers)
               ^^^^^^^^^^^^^^^^^^^^^^^^^^^^^^^^^^^^^^^^^^^^
  File "c:\Users\mtt1e23\OneDrive - University of Southampton\Documents\python-PIVTOOLs\env\Lib\site-packages\distributed\comm\tcp.py", line 237, in read
    convert_stream_closed_error(self, e)
    ~~~~~~~~~~~~~~~~~~~~~~~~~~~^^^^^^^^^
  File "c:\Users\mtt1e23\OneDrive - University of Southampton\Documents\python-PIVTOOLs\env\Lib\site-packages\distributed\comm\tcp.py", line 143, in convert_stream_closed_error
    raise CommClosedError(f"in {obj}: {exc.__class__.__name__}: {exc}") from exc
distributed.comm.core.CommClosedError: in <TCP (closed) Ephemeral Worker->Worker for gather local=tcp://127.0.0.1:62557 remote=tcp://127.0.0.1:58494>: ConnectionResetError: [WinError 10054] An existing connection was forcibly closed by the remote host
2025-11-04 10:44:59,074 - distributed.worker - ERROR - Worker stream died during communication: tcp://127.0.0.1:58494
Traceback (most recent call last):
  File "c:\Users\mtt1e23\OneDrive - University of Southampton\Documents\python-PIVTOOLs\env\Lib\site-packages\tornado\iostream.py", line 861, in _read_to_buffer
    bytes_read = self.read_from_fd(buf)
  File "c:\Users\mtt1e23\OneDrive - University of Southampton\Documents\python-PIVTOOLs\env\Lib\site-packages\tornado\iostream.py", line 1113, in read_from_fd
    return self.socket.recv_into(buf, len(buf))
           ~~~~~~~~~~~~~~~~~~~~~^^^^^^^^^^^^^^^
ConnectionResetError: [WinError 10054] An existing connection was forcibly closed by the remote host

The above exception was the direct cause of the following exception:

Traceback (most recent call last):
  File "c:\Users\mtt1e23\OneDrive - University of Southampton\Documents\python-PIVTOOLs\env\Lib\site-packages\distributed\worker.py", line 2073, in gather_dep
    response = await get_data_from_worker(
               ^^^^^^^^^^^^^^^^^^^^^^^^^^^
        rpc=self.rpc, keys=to_gather, worker=worker, who=self.address
        ^^^^^^^^^^^^^^^^^^^^^^^^^^^^^^^^^^^^^^^^^^^^^^^^^^^^^^^^^^^^^
    )
    ^
  File "c:\Users\mtt1e23\OneDrive - University of Southampton\Documents\python-PIVTOOLs\env\Lib\site-packages\distributed\worker.py", line 2879, in get_data_from_worker
    response = await send_recv(
               ^^^^^^^^^^^^^^^^
    ...<6 lines>...
    )
    ^
  File "c:\Users\mtt1e23\OneDrive - University of Southampton\Documents\python-PIVTOOLs\env\Lib\site-packages\distributed\core.py", line 1018, in send_recv
    response = await comm.read(deserializers=deserializers)
               ^^^^^^^^^^^^^^^^^^^^^^^^^^^^^^^^^^^^^^^^^^^^
  File "c:\Users\mtt1e23\OneDrive - University of Southampton\Documents\python-PIVTOOLs\env\Lib\site-packages\distributed\comm\tcp.py", line 237, in read
    convert_stream_closed_error(self, e)
    ~~~~~~~~~~~~~~~~~~~~~~~~~~~^^^^^^^^^
  File "c:\Users\mtt1e23\OneDrive - University of Southampton\Documents\python-PIVTOOLs\env\Lib\site-packages\distributed\comm\tcp.py", line 143, in convert_stream_closed_error
    raise CommClosedError(f"in {obj}: {exc.__class__.__name__}: {exc}") from exc
distributed.comm.core.CommClosedError: in <TCP (closed) Ephemeral Worker->Worker for gather local=tcp://127.0.0.1:62543 remote=tcp://127.0.0.1:58494>: ConnectionResetError: [WinError 10054] An existing connection was forcibly closed by the remote host
2025-11-04 10:44:59,207 - distributed.nanny - WARNING - Restarting worker
2025-11-04 10:45:01,233 [INFO] Logging initialized. Level: INFO, File: pypiv.log
2025-11-04 10:45:04,398 - distributed.worker - ERROR - Worker stream died during communication: tcp://127.0.0.1:56811
Traceback (most recent call last):
  File "c:\Users\mtt1e23\OneDrive - University of Southampton\Documents\python-PIVTOOLs\env\Lib\site-packages\distributed\core.py", line 1485, in connect
    return await self._connect(addr=addr, timeout=timeout)
           ^^^^^^^^^^^^^^^^^^^^^^^^^^^^^^^^^^^^^^^^^^^^^^^
  File "c:\Users\mtt1e23\OneDrive - University of Southampton\Documents\python-PIVTOOLs\env\Lib\site-packages\distributed\core.py", line 1429, in _connect
    comm = await connect(
           ^^^^^^^^^^^^^^
    ...<4 lines>...
    )
    ^
  File "c:\Users\mtt1e23\OneDrive - University of Southampton\Documents\python-PIVTOOLs\env\Lib\site-packages\distributed\comm\core.py", line 342, in connect
    comm = await wait_for(
           ^^^^^^^^^^^^^^^
    ...<2 lines>...
    )
    ^
  File "c:\Users\mtt1e23\OneDrive - University of Southampton\Documents\python-PIVTOOLs\env\Lib\site-packages\distributed\utils.py", line 1923, in wait_for
    return await fut
           ^^^^^^^^^
  File "c:\Users\mtt1e23\OneDrive - University of Southampton\Documents\python-PIVTOOLs\env\Lib\site-packages\distributed\comm\tcp.py", line 547, in connect
    stream = await self.client.connect(
             ^^^^^^^^^^^^^^^^^^^^^^^^^^
        ip, port, max_buffer_size=MAX_BUFFER_SIZE, **kwargs
        ^^^^^^^^^^^^^^^^^^^^^^^^^^^^^^^^^^^^^^^^^^^^^^^^^^^
    )
    ^
  File "c:\Users\mtt1e23\OneDrive - University of Southampton\Documents\python-PIVTOOLs\env\Lib\site-packages\tornado\tcpclient.py", line 279, in connect
    af, addr, stream = await connector.start(connect_timeout=timeout)
                       ^^^^^^^^^^^^^^^^^^^^^^^^^^^^^^^^^^^^^^^^^^^^^^
asyncio.exceptions.CancelledError

The above exception was the direct cause of the following exception:

Traceback (most recent call last):
  File "c:\Users\mtt1e23\OneDrive - University of Southampton\Documents\python-PIVTOOLs\env\Lib\site-packages\distributed\core.py", line 1476, in connect
    async with asyncio.timeout(math.inf) as scope:
               ~~~~~~~~~~~~~~~^^^^^^^^^^
  File "C:\Python313\Lib\asyncio\timeouts.py", line 116, in __aexit__
    raise TimeoutError from exc_val
TimeoutError

During handling of the above exception, another exception occurred:

Traceback (most recent call last):
  File "c:\Users\mtt1e23\OneDrive - University of Southampton\Documents\python-PIVTOOLs\env\Lib\site-packages\distributed\worker.py", line 2073, in gather_dep
    response = await get_data_from_worker(
               ^^^^^^^^^^^^^^^^^^^^^^^^^^^
        rpc=self.rpc, keys=to_gather, worker=worker, who=self.address
        ^^^^^^^^^^^^^^^^^^^^^^^^^^^^^^^^^^^^^^^^^^^^^^^^^^^^^^^^^^^^^
    )
    ^
  File "c:\Users\mtt1e23\OneDrive - University of Southampton\Documents\python-PIVTOOLs\env\Lib\site-packages\distributed\worker.py", line 2876, in get_data_from_worker
    comm = await rpc.connect(worker)
           ^^^^^^^^^^^^^^^^^^^^^^^^^
  File "c:\Users\mtt1e23\OneDrive - University of Southampton\Documents\python-PIVTOOLs\env\Lib\site-packages\distributed\core.py", line 1497, in connect
    raise CommClosedError(reason)
distributed.comm.core.CommClosedError: Address removed.
2025-11-04 10:45:04,442 - distributed.worker - ERROR - Worker stream died during communication: tcp://127.0.0.1:54142
Traceback (most recent call last):
  File "c:\Users\mtt1e23\OneDrive - University of Southampton\Documents\python-PIVTOOLs\env\Lib\site-packages\distributed\core.py", line 1485, in connect
    return await self._connect(addr=addr, timeout=timeout)
           ^^^^^^^^^^^^^^^^^^^^^^^^^^^^^^^^^^^^^^^^^^^^^^^
  File "c:\Users\mtt1e23\OneDrive - University of Southampton\Documents\python-PIVTOOLs\env\Lib\site-packages\distributed\core.py", line 1429, in _connect
    comm = await connect(
           ^^^^^^^^^^^^^^
    ...<4 lines>...
    )
    ^
  File "c:\Users\mtt1e23\OneDrive - University of Southampton\Documents\python-PIVTOOLs\env\Lib\site-packages\distributed\comm\core.py", line 342, in connect
    comm = await wait_for(
           ^^^^^^^^^^^^^^^
    ...<2 lines>...
    )
    ^
  File "c:\Users\mtt1e23\OneDrive - University of Southampton\Documents\python-PIVTOOLs\env\Lib\site-packages\distributed\utils.py", line 1923, in wait_for
    return await fut
           ^^^^^^^^^
  File "c:\Users\mtt1e23\OneDrive - University of Southampton\Documents\python-PIVTOOLs\env\Lib\site-packages\distributed\comm\tcp.py", line 547, in connect
    stream = await self.client.connect(
             ^^^^^^^^^^^^^^^^^^^^^^^^^^
        ip, port, max_buffer_size=MAX_BUFFER_SIZE, **kwargs
        ^^^^^^^^^^^^^^^^^^^^^^^^^^^^^^^^^^^^^^^^^^^^^^^^^^^
    )
    ^
  File "c:\Users\mtt1e23\OneDrive - University of Southampton\Documents\python-PIVTOOLs\env\Lib\site-packages\tornado\tcpclient.py", line 279, in connect
    af, addr, stream = await connector.start(connect_timeout=timeout)
                       ^^^^^^^^^^^^^^^^^^^^^^^^^^^^^^^^^^^^^^^^^^^^^^
asyncio.exceptions.CancelledError

The above exception was the direct cause of the following exception:

Traceback (most recent call last):
  File "c:\Users\mtt1e23\OneDrive - University of Southampton\Documents\python-PIVTOOLs\env\Lib\site-packages\distributed\core.py", line 1476, in connect
    async with asyncio.timeout(math.inf) as scope:
               ~~~~~~~~~~~~~~~^^^^^^^^^^
  File "C:\Python313\Lib\asyncio\timeouts.py", line 116, in __aexit__
    raise TimeoutError from exc_val
TimeoutError

During handling of the above exception, another exception occurred:

Traceback (most recent call last):
  File "c:\Users\mtt1e23\OneDrive - University of Southampton\Documents\python-PIVTOOLs\env\Lib\site-packages\distributed\worker.py", line 2073, in gather_dep
    response = await get_data_from_worker(
               ^^^^^^^^^^^^^^^^^^^^^^^^^^^
        rpc=self.rpc, keys=to_gather, worker=worker, who=self.address
        ^^^^^^^^^^^^^^^^^^^^^^^^^^^^^^^^^^^^^^^^^^^^^^^^^^^^^^^^^^^^^
    )
    ^
  File "c:\Users\mtt1e23\OneDrive - University of Southampton\Documents\python-PIVTOOLs\env\Lib\site-packages\distributed\worker.py", line 2876, in get_data_from_worker
    comm = await rpc.connect(worker)
           ^^^^^^^^^^^^^^^^^^^^^^^^^
  File "c:\Users\mtt1e23\OneDrive - University of Southampton\Documents\python-PIVTOOLs\env\Lib\site-packages\distributed\core.py", line 1497, in connect
    raise CommClosedError(reason)
distributed.comm.core.CommClosedError: Address removed.
2025-11-04 10:45:04,446 - distributed.worker - ERROR - Worker stream died during communication: tcp://127.0.0.1:58494
Traceback (most recent call last):
  File "c:\Users\mtt1e23\OneDrive - University of Southampton\Documents\python-PIVTOOLs\env\Lib\site-packages\distributed\core.py", line 1485, in connect
    return await self._connect(addr=addr, timeout=timeout)
           ^^^^^^^^^^^^^^^^^^^^^^^^^^^^^^^^^^^^^^^^^^^^^^^
  File "c:\Users\mtt1e23\OneDrive - University of Southampton\Documents\python-PIVTOOLs\env\Lib\site-packages\distributed\core.py", line 1429, in _connect
    comm = await connect(
           ^^^^^^^^^^^^^^
    ...<4 lines>...
    )
    ^
  File "c:\Users\mtt1e23\OneDrive - University of Southampton\Documents\python-PIVTOOLs\env\Lib\site-packages\distributed\comm\core.py", line 342, in connect
    comm = await wait_for(
           ^^^^^^^^^^^^^^^
    ...<2 lines>...
    )
    ^
  File "c:\Users\mtt1e23\OneDrive - University of Southampton\Documents\python-PIVTOOLs\env\Lib\site-packages\distributed\utils.py", line 1923, in wait_for
    return await fut
           ^^^^^^^^^
  File "c:\Users\mtt1e23\OneDrive - University of Southampton\Documents\python-PIVTOOLs\env\Lib\site-packages\distributed\comm\tcp.py", line 547, in connect
    stream = await self.client.connect(
             ^^^^^^^^^^^^^^^^^^^^^^^^^^
        ip, port, max_buffer_size=MAX_BUFFER_SIZE, **kwargs
        ^^^^^^^^^^^^^^^^^^^^^^^^^^^^^^^^^^^^^^^^^^^^^^^^^^^
    )
    ^
  File "c:\Users\mtt1e23\OneDrive - University of Southampton\Documents\python-PIVTOOLs\env\Lib\site-packages\tornado\tcpclient.py", line 279, in connect
    af, addr, stream = await connector.start(connect_timeout=timeout)
                       ^^^^^^^^^^^^^^^^^^^^^^^^^^^^^^^^^^^^^^^^^^^^^^
asyncio.exceptions.CancelledError

The above exception was the direct cause of the following exception:

Traceback (most recent call last):
  File "c:\Users\mtt1e23\OneDrive - University of Southampton\Documents\python-PIVTOOLs\env\Lib\site-packages\distributed\core.py", line 1476, in connect
    async with asyncio.timeout(math.inf) as scope:
               ~~~~~~~~~~~~~~~^^^^^^^^^^
  File "C:\Python313\Lib\asyncio\timeouts.py", line 116, in __aexit__
    raise TimeoutError from exc_val
TimeoutError

During handling of the above exception, another exception occurred:

Traceback (most recent call last):
  File "c:\Users\mtt1e23\OneDrive - University of Southampton\Documents\python-PIVTOOLs\env\Lib\site-packages\distributed\worker.py", line 2073, in gather_dep
    response = await get_data_from_worker(
               ^^^^^^^^^^^^^^^^^^^^^^^^^^^
        rpc=self.rpc, keys=to_gather, worker=worker, who=self.address
        ^^^^^^^^^^^^^^^^^^^^^^^^^^^^^^^^^^^^^^^^^^^^^^^^^^^^^^^^^^^^^
    )
    ^
  File "c:\Users\mtt1e23\OneDrive - University of Southampton\Documents\python-PIVTOOLs\env\Lib\site-packages\distributed\worker.py", line 2876, in get_data_from_worker
    comm = await rpc.connect(worker)
           ^^^^^^^^^^^^^^^^^^^^^^^^^
  File "c:\Users\mtt1e23\OneDrive - University of Southampton\Documents\python-PIVTOOLs\env\Lib\site-packages\distributed\core.py", line 1497, in connect
    raise CommClosedError(reason)
distributed.comm.core.CommClosedError: Address removed.
2025-11-04 10:45:04,447 - distributed.worker - ERROR - Worker stream died during communication: tcp://127.0.0.1:54142
Traceback (most recent call last):
  File "c:\Users\mtt1e23\OneDrive - University of Southampton\Documents\python-PIVTOOLs\env\Lib\site-packages\distributed\core.py", line 1485, in connect
    return await self._connect(addr=addr, timeout=timeout)
           ^^^^^^^^^^^^^^^^^^^^^^^^^^^^^^^^^^^^^^^^^^^^^^^
  File "c:\Users\mtt1e23\OneDrive - University of Southampton\Documents\python-PIVTOOLs\env\Lib\site-packages\distributed\core.py", line 1429, in _connect
    comm = await connect(
           ^^^^^^^^^^^^^^
    ...<4 lines>...
    )
    ^
  File "c:\Users\mtt1e23\OneDrive - University of Southampton\Documents\python-PIVTOOLs\env\Lib\site-packages\distributed\comm\core.py", line 342, in connect
    comm = await wait_for(
           ^^^^^^^^^^^^^^^
    ...<2 lines>...
    )
    ^
  File "c:\Users\mtt1e23\OneDrive - University of Southampton\Documents\python-PIVTOOLs\env\Lib\site-packages\distributed\utils.py", line 1923, in wait_for
    return await fut
           ^^^^^^^^^
  File "c:\Users\mtt1e23\OneDrive - University of Southampton\Documents\python-PIVTOOLs\env\Lib\site-packages\distributed\comm\tcp.py", line 547, in connect
    stream = await self.client.connect(
             ^^^^^^^^^^^^^^^^^^^^^^^^^^
        ip, port, max_buffer_size=MAX_BUFFER_SIZE, **kwargs
        ^^^^^^^^^^^^^^^^^^^^^^^^^^^^^^^^^^^^^^^^^^^^^^^^^^^
    )
    ^
  File "c:\Users\mtt1e23\OneDrive - University of Southampton\Documents\python-PIVTOOLs\env\Lib\site-packages\tornado\tcpclient.py", line 279, in connect
    af, addr, stream = await connector.start(connect_timeout=timeout)
                       ^^^^^^^^^^^^^^^^^^^^^^^^^^^^^^^^^^^^^^^^^^^^^^
asyncio.exceptions.CancelledError

The above exception was the direct cause of the following exception:

Traceback (most recent call last):
  File "c:\Users\mtt1e23\OneDrive - University of Southampton\Documents\python-PIVTOOLs\env\Lib\site-packages\distributed\core.py", line 1476, in connect
    async with asyncio.timeout(math.inf) as scope:
               ~~~~~~~~~~~~~~~^^^^^^^^^^
  File "C:\Python313\Lib\asyncio\timeouts.py", line 116, in __aexit__
    raise TimeoutError from exc_val
TimeoutError

During handling of the above exception, another exception occurred:

Traceback (most recent call last):
  File "c:\Users\mtt1e23\OneDrive - University of Southampton\Documents\python-PIVTOOLs\env\Lib\site-packages\distributed\worker.py", line 2073, in gather_dep
    response = await get_data_from_worker(
               ^^^^^^^^^^^^^^^^^^^^^^^^^^^
        rpc=self.rpc, keys=to_gather, worker=worker, who=self.address
        ^^^^^^^^^^^^^^^^^^^^^^^^^^^^^^^^^^^^^^^^^^^^^^^^^^^^^^^^^^^^^
    )
    ^
  File "c:\Users\mtt1e23\OneDrive - University of Southampton\Documents\python-PIVTOOLs\env\Lib\site-packages\distributed\worker.py", line 2876, in get_data_from_worker
    comm = await rpc.connect(worker)
           ^^^^^^^^^^^^^^^^^^^^^^^^^
  File "c:\Users\mtt1e23\OneDrive - University of Southampton\Documents\python-PIVTOOLs\env\Lib\site-packages\distributed\core.py", line 1497, in connect
    raise CommClosedError(reason)
distributed.comm.core.CommClosedError: Address removed.
2025-11-04 10:45:06,464 - distributed.nanny.memory - WARNING - Worker tcp://127.0.0.1:54210 (pid=27208) exceeded 95% memory budget. Restarting...
2025-11-04 10:45:06,470 - distributed.scheduler - ERROR - Task _piv_single_pass-7257927a93bf7c47718d3042835c20c0 marked as failed because 4 workers died while trying to run it
2025-11-04 10:45:06,470 - distributed.scheduler - WARNING - Removing worker 'tcp://127.0.0.1:54210' caused the cluster to lose already computed task(s), which will be recomputed elsewhere: {('stack-1fee21bec461f0f670da366072be43e2', 38, 0, 0, 0), ('stack-1fee21bec461f0f670da366072be43e2', 33, 0, 0, 0), ('stack-1fee21bec461f0f670da366072be43e2', 32, 0, 0, 0), ('stack-1fee21bec461f0f670da366072be43e2', 10, 0, 0, 0), ('stack-1fee21bec461f0f670da366072be43e2', 5, 0, 0, 0), ('stack-1fee21bec461f0f670da366072be43e2', 35, 0, 0, 0), 'save_piv_result_distributed-3a31e9e23e9f6db7fd4a2b1fb3011537', ('stack-1fee21bec461f0f670da366072be43e2', 34, 0, 0, 0), ('stack-1fee21bec461f0f670da366072be43e2', 31, 0, 0, 0)} (stimulus_id='handle-worker-cleanup-1762253106.4701376')
2025-11-04 10:45:06,483 - distributed.worker - ERROR - Worker stream died during communication: tcp://127.0.0.1:54210
Traceback (most recent call last):
  File "c:\Users\mtt1e23\OneDrive - University of Southampton\Documents\python-PIVTOOLs\env\Lib\site-packages\tornado\iostream.py", line 861, in _read_to_buffer
    bytes_read = self.read_from_fd(buf)
  File "c:\Users\mtt1e23\OneDrive - University of Southampton\Documents\python-PIVTOOLs\env\Lib\site-packages\tornado\iostream.py", line 1113, in read_from_fd
    return self.socket.recv_into(buf, len(buf))
           ~~~~~~~~~~~~~~~~~~~~~^^^^^^^^^^^^^^^
ConnectionResetError: [WinError 10054] An existing connection was forcibly closed by the remote host

The above exception was the direct cause of the following exception:

Traceback (most recent call last):
  File "c:\Users\mtt1e23\OneDrive - University of Southampton\Documents\python-PIVTOOLs\env\Lib\site-packages\distributed\worker.py", line 2073, in gather_dep
    response = await get_data_from_worker(
               ^^^^^^^^^^^^^^^^^^^^^^^^^^^
        rpc=self.rpc, keys=to_gather, worker=worker, who=self.address
        ^^^^^^^^^^^^^^^^^^^^^^^^^^^^^^^^^^^^^^^^^^^^^^^^^^^^^^^^^^^^^
    )
    ^
  File "c:\Users\mtt1e23\OneDrive - University of Southampton\Documents\python-PIVTOOLs\env\Lib\site-packages\distributed\worker.py", line 2879, in get_data_from_worker
    response = await send_recv(
               ^^^^^^^^^^^^^^^^
    ...<6 lines>...
    )
    ^
  File "c:\Users\mtt1e23\OneDrive - University of Southampton\Documents\python-PIVTOOLs\env\Lib\site-packages\distributed\core.py", line 1018, in send_recv
    response = await comm.read(deserializers=deserializers)
               ^^^^^^^^^^^^^^^^^^^^^^^^^^^^^^^^^^^^^^^^^^^^
  File "c:\Users\mtt1e23\OneDrive - University of Southampton\Documents\python-PIVTOOLs\env\Lib\site-packages\distributed\comm\tcp.py", line 237, in read
    convert_stream_closed_error(self, e)
    ~~~~~~~~~~~~~~~~~~~~~~~~~~~^^^^^^^^^
  File "c:\Users\mtt1e23\OneDrive - University of Southampton\Documents\python-PIVTOOLs\env\Lib\site-packages\distributed\comm\tcp.py", line 143, in convert_stream_closed_error
    raise CommClosedError(f"in {obj}: {exc.__class__.__name__}: {exc}") from exc
distributed.comm.core.CommClosedError: in <TCP (closed) Ephemeral Worker->Worker for gather local=tcp://127.0.0.1:56757 remote=tcp://127.0.0.1:54210>: ConnectionResetError: [WinError 10054] An existing connection was forcibly closed by the remote host
2025-11-04 10:45:06,512 - distributed.worker - ERROR - Worker stream died during communication: tcp://127.0.0.1:54210
Traceback (most recent call last):
  File "c:\Users\mtt1e23\OneDrive - University of Southampton\Documents\python-PIVTOOLs\env\Lib\site-packages\tornado\iostream.py", line 861, in _read_to_buffer
    bytes_read = self.read_from_fd(buf)
  File "c:\Users\mtt1e23\OneDrive - University of Southampton\Documents\python-PIVTOOLs\env\Lib\site-packages\tornado\iostream.py", line 1113, in read_from_fd
    return self.socket.recv_into(buf, len(buf))
           ~~~~~~~~~~~~~~~~~~~~~^^^^^^^^^^^^^^^
ConnectionResetError: [WinError 10054] An existing connection was forcibly closed by the remote host

The above exception was the direct cause of the following exception:

Traceback (most recent call last):
  File "c:\Users\mtt1e23\OneDrive - University of Southampton\Documents\python-PIVTOOLs\env\Lib\site-packages\distributed\worker.py", line 2073, in gather_dep
    response = await get_data_from_worker(
               ^^^^^^^^^^^^^^^^^^^^^^^^^^^
        rpc=self.rpc, keys=to_gather, worker=worker, who=self.address
        ^^^^^^^^^^^^^^^^^^^^^^^^^^^^^^^^^^^^^^^^^^^^^^^^^^^^^^^^^^^^^
    )
    ^
  File "c:\Users\mtt1e23\OneDrive - University of Southampton\Documents\python-PIVTOOLs\env\Lib\site-packages\distributed\worker.py", line 2879, in get_data_from_worker
    response = await send_recv(
               ^^^^^^^^^^^^^^^^
    ...<6 lines>...
    )
    ^
  File "c:\Users\mtt1e23\OneDrive - University of Southampton\Documents\python-PIVTOOLs\env\Lib\site-packages\distributed\core.py", line 1018, in send_recv
    response = await comm.read(deserializers=deserializers)
               ^^^^^^^^^^^^^^^^^^^^^^^^^^^^^^^^^^^^^^^^^^^^
  File "c:\Users\mtt1e23\OneDrive - University of Southampton\Documents\python-PIVTOOLs\env\Lib\site-packages\distributed\comm\tcp.py", line 237, in read
    convert_stream_closed_error(self, e)
    ~~~~~~~~~~~~~~~~~~~~~~~~~~~^^^^^^^^^
  File "c:\Users\mtt1e23\OneDrive - University of Southampton\Documents\python-PIVTOOLs\env\Lib\site-packages\distributed\comm\tcp.py", line 143, in convert_stream_closed_error
    raise CommClosedError(f"in {obj}: {exc.__class__.__name__}: {exc}") from exc
distributed.comm.core.CommClosedError: in <TCP (closed) Ephemeral Worker->Worker for gather local=tcp://127.0.0.1:56758 remote=tcp://127.0.0.1:54210>: ConnectionResetError: [WinError 10054] An existing connection was forcibly closed by the remote host
2025-11-04 10:45:06,512 - distributed.worker - ERROR - Worker stream died during communication: tcp://127.0.0.1:54210
Traceback (most recent call last):
  File "c:\Users\mtt1e23\OneDrive - University of Southampton\Documents\python-PIVTOOLs\env\Lib\site-packages\tornado\iostream.py", line 861, in _read_to_buffer
    bytes_read = self.read_from_fd(buf)
  File "c:\Users\mtt1e23\OneDrive - University of Southampton\Documents\python-PIVTOOLs\env\Lib\site-packages\tornado\iostream.py", line 1113, in read_from_fd
    return self.socket.recv_into(buf, len(buf))
           ~~~~~~~~~~~~~~~~~~~~~^^^^^^^^^^^^^^^
ConnectionResetError: [WinError 10054] An existing connection was forcibly closed by the remote host

The above exception was the direct cause of the following exception:

Traceback (most recent call last):
  File "c:\Users\mtt1e23\OneDrive - University of Southampton\Documents\python-PIVTOOLs\env\Lib\site-packages\distributed\worker.py", line 2073, in gather_dep
    response = await get_data_from_worker(
               ^^^^^^^^^^^^^^^^^^^^^^^^^^^
        rpc=self.rpc, keys=to_gather, worker=worker, who=self.address
        ^^^^^^^^^^^^^^^^^^^^^^^^^^^^^^^^^^^^^^^^^^^^^^^^^^^^^^^^^^^^^
    )
    ^
  File "c:\Users\mtt1e23\OneDrive - University of Southampton\Documents\python-PIVTOOLs\env\Lib\site-packages\distributed\worker.py", line 2879, in get_data_from_worker
    response = await send_recv(
               ^^^^^^^^^^^^^^^^
    ...<6 lines>...
    )
    ^
  File "c:\Users\mtt1e23\OneDrive - University of Southampton\Documents\python-PIVTOOLs\env\Lib\site-packages\distributed\core.py", line 1018, in send_recv
    response = await comm.read(deserializers=deserializers)
               ^^^^^^^^^^^^^^^^^^^^^^^^^^^^^^^^^^^^^^^^^^^^
  File "c:\Users\mtt1e23\OneDrive - University of Southampton\Documents\python-PIVTOOLs\env\Lib\site-packages\distributed\comm\tcp.py", line 237, in read
    convert_stream_closed_error(self, e)
    ~~~~~~~~~~~~~~~~~~~~~~~~~~~^^^^^^^^^
  File "c:\Users\mtt1e23\OneDrive - University of Southampton\Documents\python-PIVTOOLs\env\Lib\site-packages\distributed\comm\tcp.py", line 143, in convert_stream_closed_error
    raise CommClosedError(f"in {obj}: {exc.__class__.__name__}: {exc}") from exc
distributed.comm.core.CommClosedError: in <TCP (closed) Ephemeral Worker->Worker for gather local=tcp://127.0.0.1:58250 remote=tcp://127.0.0.1:54210>: ConnectionResetError: [WinError 10054] An existing connection was forcibly closed by the remote host
2025-11-04 10:45:06,514 - distributed.worker - ERROR - Worker stream died during communication: tcp://127.0.0.1:54210
Traceback (most recent call last):
  File "c:\Users\mtt1e23\OneDrive - University of Southampton\Documents\python-PIVTOOLs\env\Lib\site-packages\tornado\iostream.py", line 861, in _read_to_buffer
    bytes_read = self.read_from_fd(buf)
  File "c:\Users\mtt1e23\OneDrive - University of Southampton\Documents\python-PIVTOOLs\env\Lib\site-packages\tornado\iostream.py", line 1113, in read_from_fd
    return self.socket.recv_into(buf, len(buf))
           ~~~~~~~~~~~~~~~~~~~~~^^^^^^^^^^^^^^^
ConnectionResetError: [WinError 10054] An existing connection was forcibly closed by the remote host

The above exception was the direct cause of the following exception:

Traceback (most recent call last):
  File "c:\Users\mtt1e23\OneDrive - University of Southampton\Documents\python-PIVTOOLs\env\Lib\site-packages\distributed\worker.py", line 2073, in gather_dep
    response = await get_data_from_worker(
               ^^^^^^^^^^^^^^^^^^^^^^^^^^^
        rpc=self.rpc, keys=to_gather, worker=worker, who=self.address
        ^^^^^^^^^^^^^^^^^^^^^^^^^^^^^^^^^^^^^^^^^^^^^^^^^^^^^^^^^^^^^
    )
    ^
  File "c:\Users\mtt1e23\OneDrive - University of Southampton\Documents\python-PIVTOOLs\env\Lib\site-packages\distributed\worker.py", line 2879, in get_data_from_worker
    response = await send_recv(
               ^^^^^^^^^^^^^^^^
    ...<6 lines>...
    )
    ^
  File "c:\Users\mtt1e23\OneDrive - University of Southampton\Documents\python-PIVTOOLs\env\Lib\site-packages\distributed\core.py", line 1018, in send_recv
    response = await comm.read(deserializers=deserializers)
               ^^^^^^^^^^^^^^^^^^^^^^^^^^^^^^^^^^^^^^^^^^^^
  File "c:\Users\mtt1e23\OneDrive - University of Southampton\Documents\python-PIVTOOLs\env\Lib\site-packages\distributed\comm\tcp.py", line 237, in read
    convert_stream_closed_error(self, e)
    ~~~~~~~~~~~~~~~~~~~~~~~~~~~^^^^^^^^^
  File "c:\Users\mtt1e23\OneDrive - University of Southampton\Documents\python-PIVTOOLs\env\Lib\site-packages\distributed\comm\tcp.py", line 143, in convert_stream_closed_error
    raise CommClosedError(f"in {obj}: {exc.__class__.__name__}: {exc}") from exc
distributed.comm.core.CommClosedError: in <TCP (closed) Ephemeral Worker->Worker for gather local=tcp://127.0.0.1:62573 remote=tcp://127.0.0.1:54210>: ConnectionResetError: [WinError 10054] An existing connection was forcibly closed by the remote host
2025-11-04 10:45:06,512 - distributed.worker - ERROR - Worker stream died during communication: tcp://127.0.0.1:54210
Traceback (most recent call last):
  File "c:\Users\mtt1e23\OneDrive - University of Southampton\Documents\python-PIVTOOLs\env\Lib\site-packages\tornado\iostream.py", line 861, in _read_to_buffer
    bytes_read = self.read_from_fd(buf)
  File "c:\Users\mtt1e23\OneDrive - University of Southampton\Documents\python-PIVTOOLs\env\Lib\site-packages\tornado\iostream.py", line 1113, in read_from_fd
    return self.socket.recv_into(buf, len(buf))
           ~~~~~~~~~~~~~~~~~~~~~^^^^^^^^^^^^^^^
ConnectionResetError: [WinError 10054] An existing connection was forcibly closed by the remote host

The above exception was the direct cause of the following exception:

Traceback (most recent call last):
  File "c:\Users\mtt1e23\OneDrive - University of Southampton\Documents\python-PIVTOOLs\env\Lib\site-packages\distributed\worker.py", line 2073, in gather_dep
    response = await get_data_from_worker(
               ^^^^^^^^^^^^^^^^^^^^^^^^^^^
        rpc=self.rpc, keys=to_gather, worker=worker, who=self.address
        ^^^^^^^^^^^^^^^^^^^^^^^^^^^^^^^^^^^^^^^^^^^^^^^^^^^^^^^^^^^^^
    )
    ^
  File "c:\Users\mtt1e23\OneDrive - University of Southampton\Documents\python-PIVTOOLs\env\Lib\site-packages\distributed\worker.py", line 2879, in get_data_from_worker
    response = await send_recv(
               ^^^^^^^^^^^^^^^^
    ...<6 lines>...
    )
    ^
  File "c:\Users\mtt1e23\OneDrive - University of Southampton\Documents\python-PIVTOOLs\env\Lib\site-packages\distributed\core.py", line 1018, in send_recv
    response = await comm.read(deserializers=deserializers)
               ^^^^^^^^^^^^^^^^^^^^^^^^^^^^^^^^^^^^^^^^^^^^
  File "c:\Users\mtt1e23\OneDrive - University of Southampton\Documents\python-PIVTOOLs\env\Lib\site-packages\distributed\comm\tcp.py", line 237, in read
    convert_stream_closed_error(self, e)
    ~~~~~~~~~~~~~~~~~~~~~~~~~~~^^^^^^^^^
  File "c:\Users\mtt1e23\OneDrive - University of Southampton\Documents\python-PIVTOOLs\env\Lib\site-packages\distributed\comm\tcp.py", line 143, in convert_stream_closed_error
    raise CommClosedError(f"in {obj}: {exc.__class__.__name__}: {exc}") from exc
distributed.comm.core.CommClosedError: in <TCP (closed) Ephemeral Worker->Worker for gather local=tcp://127.0.0.1:62589 remote=tcp://127.0.0.1:54210>: ConnectionResetError: [WinError 10054] An existing connection was forcibly closed by the remote host
2025-11-04 10:45:06,512 - distributed.worker - ERROR - Worker stream died during communication: tcp://127.0.0.1:54210
Traceback (most recent call last):
  File "c:\Users\mtt1e23\OneDrive - University of Southampton\Documents\python-PIVTOOLs\env\Lib\site-packages\tornado\iostream.py", line 861, in _read_to_buffer
    bytes_read = self.read_from_fd(buf)
  File "c:\Users\mtt1e23\OneDrive - University of Southampton\Documents\python-PIVTOOLs\env\Lib\site-packages\tornado\iostream.py", line 1113, in read_from_fd
    return self.socket.recv_into(buf, len(buf))
           ~~~~~~~~~~~~~~~~~~~~~^^^^^^^^^^^^^^^
ConnectionResetError: [WinError 10054] An existing connection was forcibly closed by the remote host

The above exception was the direct cause of the following exception:

Traceback (most recent call last):
  File "c:\Users\mtt1e23\OneDrive - University of Southampton\Documents\python-PIVTOOLs\env\Lib\site-packages\distributed\worker.py", line 2073, in gather_dep
    response = await get_data_from_worker(
               ^^^^^^^^^^^^^^^^^^^^^^^^^^^
        rpc=self.rpc, keys=to_gather, worker=worker, who=self.address
        ^^^^^^^^^^^^^^^^^^^^^^^^^^^^^^^^^^^^^^^^^^^^^^^^^^^^^^^^^^^^^
    )
    ^
  File "c:\Users\mtt1e23\OneDrive - University of Southampton\Documents\python-PIVTOOLs\env\Lib\site-packages\distributed\worker.py", line 2879, in get_data_from_worker
    response = await send_recv(
               ^^^^^^^^^^^^^^^^
    ...<6 lines>...
    )
    ^
  File "c:\Users\mtt1e23\OneDrive - University of Southampton\Documents\python-PIVTOOLs\env\Lib\site-packages\distributed\core.py", line 1018, in send_recv
    response = await comm.read(deserializers=deserializers)
               ^^^^^^^^^^^^^^^^^^^^^^^^^^^^^^^^^^^^^^^^^^^^
  File "c:\Users\mtt1e23\OneDrive - University of Southampton\Documents\python-PIVTOOLs\env\Lib\site-packages\distributed\comm\tcp.py", line 237, in read
    convert_stream_closed_error(self, e)
    ~~~~~~~~~~~~~~~~~~~~~~~~~~~^^^^^^^^^
  File "c:\Users\mtt1e23\OneDrive - University of Southampton\Documents\python-PIVTOOLs\env\Lib\site-packages\distributed\comm\tcp.py", line 143, in convert_stream_closed_error
    raise CommClosedError(f"in {obj}: {exc.__class__.__name__}: {exc}") from exc
distributed.comm.core.CommClosedError: in <TCP (closed) Ephemeral Worker->Worker for gather local=tcp://127.0.0.1:62615 remote=tcp://127.0.0.1:54210>: ConnectionResetError: [WinError 10054] An existing connection was forcibly closed by the remote host
2025-11-04 10:45:06,555 - distributed.worker - ERROR - Worker stream died during communication: tcp://127.0.0.1:54210
Traceback (most recent call last):
  File "c:\Users\mtt1e23\OneDrive - University of Southampton\Documents\python-PIVTOOLs\env\Lib\site-packages\tornado\iostream.py", line 861, in _read_to_buffer
    bytes_read = self.read_from_fd(buf)
  File "c:\Users\mtt1e23\OneDrive - University of Southampton\Documents\python-PIVTOOLs\env\Lib\site-packages\tornado\iostream.py", line 1113, in read_from_fd
    return self.socket.recv_into(buf, len(buf))
           ~~~~~~~~~~~~~~~~~~~~~^^^^^^^^^^^^^^^
ConnectionResetError: [WinError 10054] An existing connection was forcibly closed by the remote host

The above exception was the direct cause of the following exception:

Traceback (most recent call last):
  File "c:\Users\mtt1e23\OneDrive - University of Southampton\Documents\python-PIVTOOLs\env\Lib\site-packages\distributed\worker.py", line 2073, in gather_dep
    response = await get_data_from_worker(
               ^^^^^^^^^^^^^^^^^^^^^^^^^^^
        rpc=self.rpc, keys=to_gather, worker=worker, who=self.address
        ^^^^^^^^^^^^^^^^^^^^^^^^^^^^^^^^^^^^^^^^^^^^^^^^^^^^^^^^^^^^^
    )
    ^
  File "c:\Users\mtt1e23\OneDrive - University of Southampton\Documents\python-PIVTOOLs\env\Lib\site-packages\distributed\worker.py", line 2879, in get_data_from_worker
    response = await send_recv(
               ^^^^^^^^^^^^^^^^
    ...<6 lines>...
    )
    ^
  File "c:\Users\mtt1e23\OneDrive - University of Southampton\Documents\python-PIVTOOLs\env\Lib\site-packages\distributed\core.py", line 1018, in send_recv
    response = await comm.read(deserializers=deserializers)
               ^^^^^^^^^^^^^^^^^^^^^^^^^^^^^^^^^^^^^^^^^^^^
  File "c:\Users\mtt1e23\OneDrive - University of Southampton\Documents\python-PIVTOOLs\env\Lib\site-packages\distributed\comm\tcp.py", line 237, in read
    convert_stream_closed_error(self, e)
    ~~~~~~~~~~~~~~~~~~~~~~~~~~~^^^^^^^^^
  File "c:\Users\mtt1e23\OneDrive - University of Southampton\Documents\python-PIVTOOLs\env\Lib\site-packages\distributed\comm\tcp.py", line 143, in convert_stream_closed_error
    raise CommClosedError(f"in {obj}: {exc.__class__.__name__}: {exc}") from exc
distributed.comm.core.CommClosedError: in <TCP (closed) Ephemeral Worker->Worker for gather local=tcp://127.0.0.1:62610 remote=tcp://127.0.0.1:54210>: ConnectionResetError: [WinError 10054] An existing connection was forcibly closed by the remote host
2025-11-04 10:45:06,729 - distributed.nanny - WARNING - Restarting worker
2025-11-04 10:45:06,836 - distributed.worker - ERROR - Worker stream died during communication: tcp://127.0.0.1:54210
Traceback (most recent call last):
  File "c:\Users\mtt1e23\OneDrive - University of Southampton\Documents\python-PIVTOOLs\env\Lib\site-packages\tornado\iostream.py", line 861, in _read_to_buffer
    bytes_read = self.read_from_fd(buf)
  File "c:\Users\mtt1e23\OneDrive - University of Southampton\Documents\python-PIVTOOLs\env\Lib\site-packages\tornado\iostream.py", line 1113, in read_from_fd
    return self.socket.recv_into(buf, len(buf))
           ~~~~~~~~~~~~~~~~~~~~~^^^^^^^^^^^^^^^
ConnectionResetError: [WinError 10054] An existing connection was forcibly closed by the remote host

The above exception was the direct cause of the following exception:

Traceback (most recent call last):
  File "c:\Users\mtt1e23\OneDrive - University of Southampton\Documents\python-PIVTOOLs\env\Lib\site-packages\distributed\worker.py", line 2073, in gather_dep
    response = await get_data_from_worker(
               ^^^^^^^^^^^^^^^^^^^^^^^^^^^
        rpc=self.rpc, keys=to_gather, worker=worker, who=self.address
        ^^^^^^^^^^^^^^^^^^^^^^^^^^^^^^^^^^^^^^^^^^^^^^^^^^^^^^^^^^^^^
    )
    ^
  File "c:\Users\mtt1e23\OneDrive - University of Southampton\Documents\python-PIVTOOLs\env\Lib\site-packages\distributed\worker.py", line 2879, in get_data_from_worker
    response = await send_recv(
               ^^^^^^^^^^^^^^^^
    ...<6 lines>...
    )
    ^
  File "c:\Users\mtt1e23\OneDrive - University of Southampton\Documents\python-PIVTOOLs\env\Lib\site-packages\distributed\core.py", line 1018, in send_recv
    response = await comm.read(deserializers=deserializers)
               ^^^^^^^^^^^^^^^^^^^^^^^^^^^^^^^^^^^^^^^^^^^^
  File "c:\Users\mtt1e23\OneDrive - University of Southampton\Documents\python-PIVTOOLs\env\Lib\site-packages\distributed\comm\tcp.py", line 237, in read
    convert_stream_closed_error(self, e)
    ~~~~~~~~~~~~~~~~~~~~~~~~~~~^^^^^^^^^
  File "c:\Users\mtt1e23\OneDrive - University of Southampton\Documents\python-PIVTOOLs\env\Lib\site-packages\distributed\comm\tcp.py", line 143, in convert_stream_closed_error
    raise CommClosedError(f"in {obj}: {exc.__class__.__name__}: {exc}") from exc
distributed.comm.core.CommClosedError: in <TCP (closed) Ephemeral Worker->Worker for gather local=tcp://127.0.0.1:56450 remote=tcp://127.0.0.1:54210>: ConnectionResetError: [WinError 10054] An existing connection was forcibly closed by the remote host
2025-11-04 10:45:09,026 [INFO] Logging initialized. Level: INFO, File: pypiv.log
2025-11-04 10:45:11,686 - distributed.nanny.memory - WARNING - Worker tcp://127.0.0.1:56830 (pid=5532) exceeded 95% memory budget. Restarting...
2025-11-04 10:45:11,975 - distributed.nanny - WARNING - Restarting worker
2025-11-04 10:45:12,293 - distributed.nanny.memory - WARNING - Worker tcp://127.0.0.1:58482 (pid=24232) exceeded 95% memory budget. Restarting...
2025-11-04 10:45:12,408 - distributed.worker.memory - WARNING - Worker is at 92% memory usage. Pausing worker.  Process memory: 2.46 GiB -- Worker memory limit: 2.66 GiB
2025-11-04 10:45:12,444 - distributed.nanny.memory - WARNING - Worker tcp://127.0.0.1:56806 (pid=32564) exceeded 95% memory budget. Restarting...
2025-11-04 10:45:12,469 - distributed.scheduler - ERROR - Task _piv_single_pass-fc0ae6dd0ad46b9e74dc3a69fde03302 marked as failed because 4 workers died while trying to run it
2025-11-04 10:45:12,469 - distributed.scheduler - ERROR - Task _piv_single_pass-712ac8425d5b8bc6af3e097dcbd6880a marked as failed because 4 workers died while trying to run it
2025-11-04 10:45:12,820 - distributed.nanny - WARNING - Restarting worker
2025-11-04 10:45:12,872 - distributed.nanny - WARNING - Restarting worker
2025-11-04 10:45:13,405 - distributed.worker - ERROR - Worker stream died during communication: tcp://127.0.0.1:56806
Traceback (most recent call last):
  File "c:\Users\mtt1e23\OneDrive - University of Southampton\Documents\python-PIVTOOLs\env\Lib\site-packages\tornado\iostream.py", line 861, in _read_to_buffer
    bytes_read = self.read_from_fd(buf)
  File "c:\Users\mtt1e23\OneDrive - University of Southampton\Documents\python-PIVTOOLs\env\Lib\site-packages\tornado\iostream.py", line 1113, in read_from_fd
    return self.socket.recv_into(buf, len(buf))
           ~~~~~~~~~~~~~~~~~~~~~^^^^^^^^^^^^^^^
ConnectionResetError: [WinError 10054] An existing connection was forcibly closed by the remote host

The above exception was the direct cause of the following exception:

Traceback (most recent call last):
  File "c:\Users\mtt1e23\OneDrive - University of Southampton\Documents\python-PIVTOOLs\env\Lib\site-packages\distributed\worker.py", line 2073, in gather_dep
    response = await get_data_from_worker(
               ^^^^^^^^^^^^^^^^^^^^^^^^^^^
        rpc=self.rpc, keys=to_gather, worker=worker, who=self.address
        ^^^^^^^^^^^^^^^^^^^^^^^^^^^^^^^^^^^^^^^^^^^^^^^^^^^^^^^^^^^^^
    )
    ^
  File "c:\Users\mtt1e23\OneDrive - University of Southampton\Documents\python-PIVTOOLs\env\Lib\site-packages\distributed\worker.py", line 2876, in get_data_from_worker
    comm = await rpc.connect(worker)
           ^^^^^^^^^^^^^^^^^^^^^^^^^
  File "c:\Users\mtt1e23\OneDrive - University of Southampton\Documents\python-PIVTOOLs\env\Lib\site-packages\distributed\core.py", line 1485, in connect
    return await self._connect(addr=addr, timeout=timeout)
           ^^^^^^^^^^^^^^^^^^^^^^^^^^^^^^^^^^^^^^^^^^^^^^^
  File "c:\Users\mtt1e23\OneDrive - University of Southampton\Documents\python-PIVTOOLs\env\Lib\site-packages\distributed\core.py", line 1429, in _connect
    comm = await connect(
           ^^^^^^^^^^^^^^
    ...<4 lines>...
    )
    ^
  File "c:\Users\mtt1e23\OneDrive - University of Southampton\Documents\python-PIVTOOLs\env\Lib\site-packages\distributed\comm\core.py", line 377, in connect
    handshake = await comm.read()
                ^^^^^^^^^^^^^^^^^
  File "c:\Users\mtt1e23\OneDrive - University of Southampton\Documents\python-PIVTOOLs\env\Lib\site-packages\distributed\comm\tcp.py", line 237, in read
    convert_stream_closed_error(self, e)
    ~~~~~~~~~~~~~~~~~~~~~~~~~~~^^^^^^^^^
  File "c:\Users\mtt1e23\OneDrive - University of Southampton\Documents\python-PIVTOOLs\env\Lib\site-packages\distributed\comm\tcp.py", line 143, in convert_stream_closed_error
    raise CommClosedError(f"in {obj}: {exc.__class__.__name__}: {exc}") from exc
distributed.comm.core.CommClosedError: in <TCP (closed)  local=tcp://127.0.0.1:62681 remote=tcp://127.0.0.1:56806>: ConnectionResetError: [WinError 10054] An existing connection was forcibly closed by the remote host
2025-11-04 10:45:14,225 - distributed.nanny.memory - WARNING - Worker tcp://127.0.0.1:58488 (pid=20448) exceeded 95% memory budget. Restarting...
2025-11-04 10:45:14,271 - distributed.scheduler - WARNING - Removing worker 'tcp://127.0.0.1:58488' caused the cluster to lose already computed task(s), which will be recomputed elsewhere: {('stack-1fee21bec461f0f670da366072be43e2', 19, 0, 0, 0)} (stimulus_id='handle-worker-cleanup-1762253114.2717044')
2025-11-04 10:45:14,275 - distributed.worker - ERROR - Worker stream died during communication: tcp://127.0.0.1:58488
Traceback (most recent call last):
  File "c:\Users\mtt1e23\OneDrive - University of Southampton\Documents\python-PIVTOOLs\env\Lib\site-packages\tornado\iostream.py", line 861, in _read_to_buffer
    bytes_read = self.read_from_fd(buf)
  File "c:\Users\mtt1e23\OneDrive - University of Southampton\Documents\python-PIVTOOLs\env\Lib\site-packages\tornado\iostream.py", line 1113, in read_from_fd
    return self.socket.recv_into(buf, len(buf))
           ~~~~~~~~~~~~~~~~~~~~~^^^^^^^^^^^^^^^
ConnectionResetError: [WinError 10054] An existing connection was forcibly closed by the remote host

The above exception was the direct cause of the following exception:

Traceback (most recent call last):
  File "c:\Users\mtt1e23\OneDrive - University of Southampton\Documents\python-PIVTOOLs\env\Lib\site-packages\distributed\worker.py", line 2073, in gather_dep
    response = await get_data_from_worker(
               ^^^^^^^^^^^^^^^^^^^^^^^^^^^
        rpc=self.rpc, keys=to_gather, worker=worker, who=self.address
        ^^^^^^^^^^^^^^^^^^^^^^^^^^^^^^^^^^^^^^^^^^^^^^^^^^^^^^^^^^^^^
    )
    ^
  File "c:\Users\mtt1e23\OneDrive - University of Southampton\Documents\python-PIVTOOLs\env\Lib\site-packages\distributed\worker.py", line 2879, in get_data_from_worker
    response = await send_recv(
               ^^^^^^^^^^^^^^^^
    ...<6 lines>...
    )
    ^
  File "c:\Users\mtt1e23\OneDrive - University of Southampton\Documents\python-PIVTOOLs\env\Lib\site-packages\distributed\core.py", line 1018, in send_recv
    response = await comm.read(deserializers=deserializers)
               ^^^^^^^^^^^^^^^^^^^^^^^^^^^^^^^^^^^^^^^^^^^^
  File "c:\Users\mtt1e23\OneDrive - University of Southampton\Documents\python-PIVTOOLs\env\Lib\site-packages\distributed\comm\tcp.py", line 237, in read
    convert_stream_closed_error(self, e)
    ~~~~~~~~~~~~~~~~~~~~~~~~~~~^^^^^^^^^
  File "c:\Users\mtt1e23\OneDrive - University of Southampton\Documents\python-PIVTOOLs\env\Lib\site-packages\distributed\comm\tcp.py", line 143, in convert_stream_closed_error
    raise CommClosedError(f"in {obj}: {exc.__class__.__name__}: {exc}") from exc
distributed.comm.core.CommClosedError: in <TCP (closed) Ephemeral Worker->Worker for gather local=tcp://127.0.0.1:62582 remote=tcp://127.0.0.1:58488>: ConnectionResetError: [WinError 10054] An existing connection was forcibly closed by the remote host
2025-11-04 10:45:14,281 - distributed.worker - ERROR - Worker stream died during communication: tcp://127.0.0.1:58488
Traceback (most recent call last):
  File "c:\Users\mtt1e23\OneDrive - University of Southampton\Documents\python-PIVTOOLs\env\Lib\site-packages\tornado\iostream.py", line 861, in _read_to_buffer
    bytes_read = self.read_from_fd(buf)
  File "c:\Users\mtt1e23\OneDrive - University of Southampton\Documents\python-PIVTOOLs\env\Lib\site-packages\tornado\iostream.py", line 1113, in read_from_fd
    return self.socket.recv_into(buf, len(buf))
           ~~~~~~~~~~~~~~~~~~~~~^^^^^^^^^^^^^^^
ConnectionResetError: [WinError 10054] An existing connection was forcibly closed by the remote host

The above exception was the direct cause of the following exception:

Traceback (most recent call last):
  File "c:\Users\mtt1e23\OneDrive - University of Southampton\Documents\python-PIVTOOLs\env\Lib\site-packages\distributed\worker.py", line 2073, in gather_dep
    response = await get_data_from_worker(
               ^^^^^^^^^^^^^^^^^^^^^^^^^^^
        rpc=self.rpc, keys=to_gather, worker=worker, who=self.address
        ^^^^^^^^^^^^^^^^^^^^^^^^^^^^^^^^^^^^^^^^^^^^^^^^^^^^^^^^^^^^^
    )
    ^
  File "c:\Users\mtt1e23\OneDrive - University of Southampton\Documents\python-PIVTOOLs\env\Lib\site-packages\distributed\worker.py", line 2879, in get_data_from_worker
    response = await send_recv(
               ^^^^^^^^^^^^^^^^
    ...<6 lines>...
    )
    ^
  File "c:\Users\mtt1e23\OneDrive - University of Southampton\Documents\python-PIVTOOLs\env\Lib\site-packages\distributed\core.py", line 1018, in send_recv
    response = await comm.read(deserializers=deserializers)
               ^^^^^^^^^^^^^^^^^^^^^^^^^^^^^^^^^^^^^^^^^^^^
  File "c:\Users\mtt1e23\OneDrive - University of Southampton\Documents\python-PIVTOOLs\env\Lib\site-packages\distributed\comm\tcp.py", line 237, in read
    convert_stream_closed_error(self, e)
    ~~~~~~~~~~~~~~~~~~~~~~~~~~~^^^^^^^^^
  File "c:\Users\mtt1e23\OneDrive - University of Southampton\Documents\python-PIVTOOLs\env\Lib\site-packages\distributed\comm\tcp.py", line 143, in convert_stream_closed_error
    raise CommClosedError(f"in {obj}: {exc.__class__.__name__}: {exc}") from exc
distributed.comm.core.CommClosedError: in <TCP (closed) Ephemeral Worker->Worker for gather local=tcp://127.0.0.1:62692 remote=tcp://127.0.0.1:58488>: ConnectionResetError: [WinError 10054] An existing connection was forcibly closed by the remote host
2025-11-04 10:45:14,282 - distributed.worker - ERROR - Worker stream died during communication: tcp://127.0.0.1:58488
Traceback (most recent call last):
  File "c:\Users\mtt1e23\OneDrive - University of Southampton\Documents\python-PIVTOOLs\env\Lib\site-packages\tornado\iostream.py", line 861, in _read_to_buffer
    bytes_read = self.read_from_fd(buf)
  File "c:\Users\mtt1e23\OneDrive - University of Southampton\Documents\python-PIVTOOLs\env\Lib\site-packages\tornado\iostream.py", line 1113, in read_from_fd
    return self.socket.recv_into(buf, len(buf))
           ~~~~~~~~~~~~~~~~~~~~~^^^^^^^^^^^^^^^
ConnectionResetError: [WinError 10054] An existing connection was forcibly closed by the remote host

The above exception was the direct cause of the following exception:

Traceback (most recent call last):
  File "c:\Users\mtt1e23\OneDrive - University of Southampton\Documents\python-PIVTOOLs\env\Lib\site-packages\distributed\worker.py", line 2073, in gather_dep
    response = await get_data_from_worker(
               ^^^^^^^^^^^^^^^^^^^^^^^^^^^
        rpc=self.rpc, keys=to_gather, worker=worker, who=self.address
        ^^^^^^^^^^^^^^^^^^^^^^^^^^^^^^^^^^^^^^^^^^^^^^^^^^^^^^^^^^^^^
    )
    ^
  File "c:\Users\mtt1e23\OneDrive - University of Southampton\Documents\python-PIVTOOLs\env\Lib\site-packages\distributed\worker.py", line 2879, in get_data_from_worker
    response = await send_recv(
               ^^^^^^^^^^^^^^^^
    ...<6 lines>...
    )
    ^
  File "c:\Users\mtt1e23\OneDrive - University of Southampton\Documents\python-PIVTOOLs\env\Lib\site-packages\distributed\core.py", line 1018, in send_recv
    response = await comm.read(deserializers=deserializers)
               ^^^^^^^^^^^^^^^^^^^^^^^^^^^^^^^^^^^^^^^^^^^^
  File "c:\Users\mtt1e23\OneDrive - University of Southampton\Documents\python-PIVTOOLs\env\Lib\site-packages\distributed\comm\tcp.py", line 237, in read
    convert_stream_closed_error(self, e)
    ~~~~~~~~~~~~~~~~~~~~~~~~~~~^^^^^^^^^
  File "c:\Users\mtt1e23\OneDrive - University of Southampton\Documents\python-PIVTOOLs\env\Lib\site-packages\distributed\comm\tcp.py", line 143, in convert_stream_closed_error
    raise CommClosedError(f"in {obj}: {exc.__class__.__name__}: {exc}") from exc
distributed.comm.core.CommClosedError: in <TCP (closed) Ephemeral Worker->Worker for gather local=tcp://127.0.0.1:62682 remote=tcp://127.0.0.1:58488>: ConnectionResetError: [WinError 10054] An existing connection was forcibly closed by the remote host
2025-11-04 10:45:14,320 [INFO] Logging initialized. Level: INFO, File: pypiv.log
2025-11-04 10:45:14,562 - distributed.nanny - WARNING - Restarting worker
2025-11-04 10:45:15,129 [INFO] Logging initialized. Level: INFO, File: pypiv.log
2025-11-04 10:45:15,130 [INFO] Logging initialized. Level: INFO, File: pypiv.log
2025-11-04 10:45:15,710 - distributed.worker.memory - WARNING - Worker is at 85% memory usage. Pausing worker.  Process memory: 2.29 GiB -- Worker memory limit: 2.66 GiB
2025-11-04 10:45:15,724 - distributed.worker.memory - WARNING - Unmanaged memory use is high. This may indicate a memory leak or the memory may not be released to the OS; see https://distributed.dask.org/en/latest/worker-memory.html#memory-not-released-back-to-the-os for more information. -- Unmanaged memory: 1.66 GiB -- Worker memory limit: 2.66 GiB
2025-11-04 10:45:15,828 - distributed.nanny.memory - WARNING - Worker tcp://127.0.0.1:58509 (pid=30672) exceeded 95% memory budget. Restarting...
2025-11-04 10:45:15,887 - distributed.worker - ERROR - Worker stream died during communication: tcp://127.0.0.1:58509
Traceback (most recent call last):
  File "c:\Users\mtt1e23\OneDrive - University of Southampton\Documents\python-PIVTOOLs\env\Lib\site-packages\tornado\iostream.py", line 861, in _read_to_buffer
    bytes_read = self.read_from_fd(buf)
  File "c:\Users\mtt1e23\OneDrive - University of Southampton\Documents\python-PIVTOOLs\env\Lib\site-packages\tornado\iostream.py", line 1113, in read_from_fd
    return self.socket.recv_into(buf, len(buf))
           ~~~~~~~~~~~~~~~~~~~~~^^^^^^^^^^^^^^^
ConnectionResetError: [WinError 10054] An existing connection was forcibly closed by the remote host

The above exception was the direct cause of the following exception:

Traceback (most recent call last):
  File "c:\Users\mtt1e23\OneDrive - University of Southampton\Documents\python-PIVTOOLs\env\Lib\site-packages\distributed\worker.py", line 2073, in gather_dep
    response = await get_data_from_worker(
               ^^^^^^^^^^^^^^^^^^^^^^^^^^^
        rpc=self.rpc, keys=to_gather, worker=worker, who=self.address
        ^^^^^^^^^^^^^^^^^^^^^^^^^^^^^^^^^^^^^^^^^^^^^^^^^^^^^^^^^^^^^
    )
    ^
  File "c:\Users\mtt1e23\OneDrive - University of Southampton\Documents\python-PIVTOOLs\env\Lib\site-packages\distributed\worker.py", line 2879, in get_data_from_worker
    response = await send_recv(
               ^^^^^^^^^^^^^^^^
    ...<6 lines>...
    )
    ^
  File "c:\Users\mtt1e23\OneDrive - University of Southampton\Documents\python-PIVTOOLs\env\Lib\site-packages\distributed\core.py", line 1018, in send_recv
    response = await comm.read(deserializers=deserializers)
               ^^^^^^^^^^^^^^^^^^^^^^^^^^^^^^^^^^^^^^^^^^^^
  File "c:\Users\mtt1e23\OneDrive - University of Southampton\Documents\python-PIVTOOLs\env\Lib\site-packages\distributed\comm\tcp.py", line 237, in read
    convert_stream_closed_error(self, e)
    ~~~~~~~~~~~~~~~~~~~~~~~~~~~^^^^^^^^^
  File "c:\Users\mtt1e23\OneDrive - University of Southampton\Documents\python-PIVTOOLs\env\Lib\site-packages\distributed\comm\tcp.py", line 143, in convert_stream_closed_error
    raise CommClosedError(f"in {obj}: {exc.__class__.__name__}: {exc}") from exc
distributed.comm.core.CommClosedError: in <TCP (closed) Ephemeral Worker->Worker for gather local=tcp://127.0.0.1:62650 remote=tcp://127.0.0.1:58509>: ConnectionResetError: [WinError 10054] An existing connection was forcibly closed by the remote host
2025-11-04 10:45:15,890 - distributed.scheduler - WARNING - Removing worker 'tcp://127.0.0.1:58509' caused the cluster to lose already computed task(s), which will be recomputed elsewhere: {('stack-1fee21bec461f0f670da366072be43e2', 12, 0, 0, 0)} (stimulus_id='handle-worker-cleanup-1762253115.8908024')
2025-11-04 10:45:16,122 - distributed.worker.memory - WARNING - Worker is at 80% memory usage. Pausing worker.  Process memory: 2.15 GiB -- Worker memory limit: 2.66 GiB
2025-11-04 10:45:16,167 - distributed.nanny - WARNING - Restarting worker
2025-11-04 10:45:16,236 - distributed.nanny.memory - WARNING - Worker tcp://127.0.0.1:56825 (pid=29144) exceeded 95% memory budget. Restarting...
2025-11-04 10:45:16,299 - distributed.scheduler - ERROR - Task _piv_single_pass-f02b4b54a8089c9f86f709b85bf837d7 marked as failed because 4 workers died while trying to run it
2025-11-04 10:45:16,299 - distributed.scheduler - ERROR - Task getitem-rechunk-merge-finalize-hlgfinalizecompute-f26d5761f5c7472b9f64ebb0eb1024e6 marked as failed because 4 workers died while trying to run it
2025-11-04 10:45:16,299 - distributed.worker - ERROR - failed during get data with tcp://127.0.0.1:58483 -> tcp://127.0.0.1:56825
Traceback (most recent call last):
  File "c:\Users\mtt1e23\OneDrive - University of Southampton\Documents\python-PIVTOOLs\env\Lib\site-packages\tornado\iostream.py", line 861, in _read_to_buffer
    bytes_read = self.read_from_fd(buf)
  File "c:\Users\mtt1e23\OneDrive - University of Southampton\Documents\python-PIVTOOLs\env\Lib\site-packages\tornado\iostream.py", line 1113, in read_from_fd
    return self.socket.recv_into(buf, len(buf))
           ~~~~~~~~~~~~~~~~~~~~~^^^^^^^^^^^^^^^
ConnectionResetError: [WinError 10054] An existing connection was forcibly closed by the remote host

The above exception was the direct cause of the following exception:

Traceback (most recent call last):
  File "c:\Users\mtt1e23\OneDrive - University of Southampton\Documents\python-PIVTOOLs\env\Lib\site-packages\distributed\worker.py", line 1795, in get_data
    response = await comm.read(deserializers=serializers)
               ^^^^^^^^^^^^^^^^^^^^^^^^^^^^^^^^^^^^^^^^^^
  File "c:\Users\mtt1e23\OneDrive - University of Southampton\Documents\python-PIVTOOLs\env\Lib\site-packages\distributed\comm\tcp.py", line 237, in read
    convert_stream_closed_error(self, e)
    ~~~~~~~~~~~~~~~~~~~~~~~~~~~^^^^^^^^^
  File "c:\Users\mtt1e23\OneDrive - University of Southampton\Documents\python-PIVTOOLs\env\Lib\site-packages\distributed\comm\tcp.py", line 143, in convert_stream_closed_error
    raise CommClosedError(f"in {obj}: {exc.__class__.__name__}: {exc}") from exc
distributed.comm.core.CommClosedError: in <TCP (closed)  local=tcp://127.0.0.1:58483 remote=tcp://127.0.0.1:62618>: ConnectionResetError: [WinError 10054] An existing connection was forcibly closed by the remote host
2025-11-04 10:45:16,723 [INFO] Logging initialized. Level: INFO, File: pypiv.log
2025-11-04 10:45:16,787 - distributed.nanny - WARNING - Restarting worker
2025-11-04 10:45:18,143 [INFO] Logging initialized. Level: INFO, File: pypiv.log
2025-11-04 10:45:18,750 [INFO] Logging initialized. Level: INFO, File: pypiv.log
2025-11-04 10:45:19,835 - distributed.worker - ERROR - Worker stream died during communication: tcp://127.0.0.1:58509
Traceback (most recent call last):
  File "c:\Users\mtt1e23\OneDrive - University of Southampton\Documents\python-PIVTOOLs\env\Lib\site-packages\tornado\iostream.py", line 861, in _read_to_buffer
    bytes_read = self.read_from_fd(buf)
  File "c:\Users\mtt1e23\OneDrive - University of Southampton\Documents\python-PIVTOOLs\env\Lib\site-packages\tornado\iostream.py", line 1113, in read_from_fd
    return self.socket.recv_into(buf, len(buf))
           ~~~~~~~~~~~~~~~~~~~~~^^^^^^^^^^^^^^^
ConnectionResetError: [WinError 10054] An existing connection was forcibly closed by the remote host

The above exception was the direct cause of the following exception:

Traceback (most recent call last):
  File "c:\Users\mtt1e23\OneDrive - University of Southampton\Documents\python-PIVTOOLs\env\Lib\site-packages\distributed\worker.py", line 2073, in gather_dep
    response = await get_data_from_worker(
               ^^^^^^^^^^^^^^^^^^^^^^^^^^^
        rpc=self.rpc, keys=to_gather, worker=worker, who=self.address
        ^^^^^^^^^^^^^^^^^^^^^^^^^^^^^^^^^^^^^^^^^^^^^^^^^^^^^^^^^^^^^
    )
    ^
  File "c:\Users\mtt1e23\OneDrive - University of Southampton\Documents\python-PIVTOOLs\env\Lib\site-packages\distributed\worker.py", line 2876, in get_data_from_worker
    comm = await rpc.connect(worker)
           ^^^^^^^^^^^^^^^^^^^^^^^^^
  File "c:\Users\mtt1e23\OneDrive - University of Southampton\Documents\python-PIVTOOLs\env\Lib\site-packages\distributed\core.py", line 1485, in connect
    return await self._connect(addr=addr, timeout=timeout)
           ^^^^^^^^^^^^^^^^^^^^^^^^^^^^^^^^^^^^^^^^^^^^^^^
  File "c:\Users\mtt1e23\OneDrive - University of Southampton\Documents\python-PIVTOOLs\env\Lib\site-packages\distributed\core.py", line 1429, in _connect
    comm = await connect(
           ^^^^^^^^^^^^^^
    ...<4 lines>...
    )
    ^
  File "c:\Users\mtt1e23\OneDrive - University of Southampton\Documents\python-PIVTOOLs\env\Lib\site-packages\distributed\comm\core.py", line 377, in connect
    handshake = await comm.read()
                ^^^^^^^^^^^^^^^^^
  File "c:\Users\mtt1e23\OneDrive - University of Southampton\Documents\python-PIVTOOLs\env\Lib\site-packages\distributed\comm\tcp.py", line 237, in read
    convert_stream_closed_error(self, e)
    ~~~~~~~~~~~~~~~~~~~~~~~~~~~^^^^^^^^^
  File "c:\Users\mtt1e23\OneDrive - University of Southampton\Documents\python-PIVTOOLs\env\Lib\site-packages\distributed\comm\tcp.py", line 143, in convert_stream_closed_error
    raise CommClosedError(f"in {obj}: {exc.__class__.__name__}: {exc}") from exc
distributed.comm.core.CommClosedError: in <TCP (closed)  local=tcp://127.0.0.1:62633 remote=tcp://127.0.0.1:58509>: ConnectionResetError: [WinError 10054] An existing connection was forcibly closed by the remote host
2025-11-04 10:45:19,838 - distributed.worker - ERROR - Worker stream died during communication: tcp://127.0.0.1:58488
Traceback (most recent call last):
  File "c:\Users\mtt1e23\OneDrive - University of Southampton\Documents\python-PIVTOOLs\env\Lib\site-packages\tornado\iostream.py", line 861, in _read_to_buffer
    bytes_read = self.read_from_fd(buf)
  File "c:\Users\mtt1e23\OneDrive - University of Southampton\Documents\python-PIVTOOLs\env\Lib\site-packages\tornado\iostream.py", line 1113, in read_from_fd
    return self.socket.recv_into(buf, len(buf))
           ~~~~~~~~~~~~~~~~~~~~~^^^^^^^^^^^^^^^
ConnectionResetError: [WinError 10054] An existing connection was forcibly closed by the remote host

The above exception was the direct cause of the following exception:

Traceback (most recent call last):
  File "c:\Users\mtt1e23\OneDrive - University of Southampton\Documents\python-PIVTOOLs\env\Lib\site-packages\distributed\worker.py", line 2073, in gather_dep
    response = await get_data_from_worker(
               ^^^^^^^^^^^^^^^^^^^^^^^^^^^
        rpc=self.rpc, keys=to_gather, worker=worker, who=self.address
        ^^^^^^^^^^^^^^^^^^^^^^^^^^^^^^^^^^^^^^^^^^^^^^^^^^^^^^^^^^^^^
    )
    ^
  File "c:\Users\mtt1e23\OneDrive - University of Southampton\Documents\python-PIVTOOLs\env\Lib\site-packages\distributed\worker.py", line 2876, in get_data_from_worker
    comm = await rpc.connect(worker)
           ^^^^^^^^^^^^^^^^^^^^^^^^^
  File "c:\Users\mtt1e23\OneDrive - University of Southampton\Documents\python-PIVTOOLs\env\Lib\site-packages\distributed\core.py", line 1485, in connect
    return await self._connect(addr=addr, timeout=timeout)
           ^^^^^^^^^^^^^^^^^^^^^^^^^^^^^^^^^^^^^^^^^^^^^^^
  File "c:\Users\mtt1e23\OneDrive - University of Southampton\Documents\python-PIVTOOLs\env\Lib\site-packages\distributed\core.py", line 1429, in _connect
    comm = await connect(
           ^^^^^^^^^^^^^^
    ...<4 lines>...
    )
    ^
  File "c:\Users\mtt1e23\OneDrive - University of Southampton\Documents\python-PIVTOOLs\env\Lib\site-packages\distributed\comm\core.py", line 377, in connect
    handshake = await comm.read()
                ^^^^^^^^^^^^^^^^^
  File "c:\Users\mtt1e23\OneDrive - University of Southampton\Documents\python-PIVTOOLs\env\Lib\site-packages\distributed\comm\tcp.py", line 237, in read
    convert_stream_closed_error(self, e)
    ~~~~~~~~~~~~~~~~~~~~~~~~~~~^^^^^^^^^
  File "c:\Users\mtt1e23\OneDrive - University of Southampton\Documents\python-PIVTOOLs\env\Lib\site-packages\distributed\comm\tcp.py", line 143, in convert_stream_closed_error
    raise CommClosedError(f"in {obj}: {exc.__class__.__name__}: {exc}") from exc
distributed.comm.core.CommClosedError: in <TCP (closed)  local=tcp://127.0.0.1:62636 remote=tcp://127.0.0.1:58488>: ConnectionResetError: [WinError 10054] An existing connection was forcibly closed by the remote host
2025-11-04 10:45:19,839 - distributed.worker - ERROR - Worker stream died during communication: tcp://127.0.0.1:58488
Traceback (most recent call last):
  File "c:\Users\mtt1e23\OneDrive - University of Southampton\Documents\python-PIVTOOLs\env\Lib\site-packages\tornado\iostream.py", line 861, in _read_to_buffer
    bytes_read = self.read_from_fd(buf)
  File "c:\Users\mtt1e23\OneDrive - University of Southampton\Documents\python-PIVTOOLs\env\Lib\site-packages\tornado\iostream.py", line 1113, in read_from_fd
    return self.socket.recv_into(buf, len(buf))
           ~~~~~~~~~~~~~~~~~~~~~^^^^^^^^^^^^^^^
ConnectionResetError: [WinError 10054] An existing connection was forcibly closed by the remote host

The above exception was the direct cause of the following exception:

Traceback (most recent call last):
  File "c:\Users\mtt1e23\OneDrive - University of Southampton\Documents\python-PIVTOOLs\env\Lib\site-packages\distributed\worker.py", line 2073, in gather_dep
    response = await get_data_from_worker(
               ^^^^^^^^^^^^^^^^^^^^^^^^^^^
        rpc=self.rpc, keys=to_gather, worker=worker, who=self.address
        ^^^^^^^^^^^^^^^^^^^^^^^^^^^^^^^^^^^^^^^^^^^^^^^^^^^^^^^^^^^^^
    )
    ^
  File "c:\Users\mtt1e23\OneDrive - University of Southampton\Documents\python-PIVTOOLs\env\Lib\site-packages\distributed\worker.py", line 2876, in get_data_from_worker
    comm = await rpc.connect(worker)
           ^^^^^^^^^^^^^^^^^^^^^^^^^
  File "c:\Users\mtt1e23\OneDrive - University of Southampton\Documents\python-PIVTOOLs\env\Lib\site-packages\distributed\core.py", line 1485, in connect
    return await self._connect(addr=addr, timeout=timeout)
           ^^^^^^^^^^^^^^^^^^^^^^^^^^^^^^^^^^^^^^^^^^^^^^^
  File "c:\Users\mtt1e23\OneDrive - University of Southampton\Documents\python-PIVTOOLs\env\Lib\site-packages\distributed\core.py", line 1429, in _connect
    comm = await connect(
           ^^^^^^^^^^^^^^
    ...<4 lines>...
    )
    ^
  File "c:\Users\mtt1e23\OneDrive - University of Southampton\Documents\python-PIVTOOLs\env\Lib\site-packages\distributed\comm\core.py", line 377, in connect
    handshake = await comm.read()
                ^^^^^^^^^^^^^^^^^
  File "c:\Users\mtt1e23\OneDrive - University of Southampton\Documents\python-PIVTOOLs\env\Lib\site-packages\distributed\comm\tcp.py", line 237, in read
    convert_stream_closed_error(self, e)
    ~~~~~~~~~~~~~~~~~~~~~~~~~~~^^^^^^^^^
  File "c:\Users\mtt1e23\OneDrive - University of Southampton\Documents\python-PIVTOOLs\env\Lib\site-packages\distributed\comm\tcp.py", line 143, in convert_stream_closed_error
    raise CommClosedError(f"in {obj}: {exc.__class__.__name__}: {exc}") from exc
distributed.comm.core.CommClosedError: in <TCP (closed)  local=tcp://127.0.0.1:62639 remote=tcp://127.0.0.1:58488>: ConnectionResetError: [WinError 10054] An existing connection was forcibly closed by the remote host
2025-11-04 10:45:19,841 - distributed.worker - ERROR - Worker stream died during communication: tcp://127.0.0.1:58509
Traceback (most recent call last):
  File "c:\Users\mtt1e23\OneDrive - University of Southampton\Documents\python-PIVTOOLs\env\Lib\site-packages\tornado\iostream.py", line 861, in _read_to_buffer
    bytes_read = self.read_from_fd(buf)
  File "c:\Users\mtt1e23\OneDrive - University of Southampton\Documents\python-PIVTOOLs\env\Lib\site-packages\tornado\iostream.py", line 1113, in read_from_fd
    return self.socket.recv_into(buf, len(buf))
           ~~~~~~~~~~~~~~~~~~~~~^^^^^^^^^^^^^^^
ConnectionResetError: [WinError 10054] An existing connection was forcibly closed by the remote host

The above exception was the direct cause of the following exception:

Traceback (most recent call last):
  File "c:\Users\mtt1e23\OneDrive - University of Southampton\Documents\python-PIVTOOLs\env\Lib\site-packages\distributed\worker.py", line 2073, in gather_dep
    response = await get_data_from_worker(
               ^^^^^^^^^^^^^^^^^^^^^^^^^^^
        rpc=self.rpc, keys=to_gather, worker=worker, who=self.address
        ^^^^^^^^^^^^^^^^^^^^^^^^^^^^^^^^^^^^^^^^^^^^^^^^^^^^^^^^^^^^^
    )
    ^
  File "c:\Users\mtt1e23\OneDrive - University of Southampton\Documents\python-PIVTOOLs\env\Lib\site-packages\distributed\worker.py", line 2876, in get_data_from_worker
    comm = await rpc.connect(worker)
           ^^^^^^^^^^^^^^^^^^^^^^^^^
  File "c:\Users\mtt1e23\OneDrive - University of Southampton\Documents\python-PIVTOOLs\env\Lib\site-packages\distributed\core.py", line 1485, in connect
    return await self._connect(addr=addr, timeout=timeout)
           ^^^^^^^^^^^^^^^^^^^^^^^^^^^^^^^^^^^^^^^^^^^^^^^
  File "c:\Users\mtt1e23\OneDrive - University of Southampton\Documents\python-PIVTOOLs\env\Lib\site-packages\distributed\core.py", line 1429, in _connect
    comm = await connect(
           ^^^^^^^^^^^^^^
    ...<4 lines>...
    )
    ^
  File "c:\Users\mtt1e23\OneDrive - University of Southampton\Documents\python-PIVTOOLs\env\Lib\site-packages\distributed\comm\core.py", line 377, in connect
    handshake = await comm.read()
                ^^^^^^^^^^^^^^^^^
  File "c:\Users\mtt1e23\OneDrive - University of Southampton\Documents\python-PIVTOOLs\env\Lib\site-packages\distributed\comm\tcp.py", line 237, in read
    convert_stream_closed_error(self, e)
    ~~~~~~~~~~~~~~~~~~~~~~~~~~~^^^^^^^^^
  File "c:\Users\mtt1e23\OneDrive - University of Southampton\Documents\python-PIVTOOLs\env\Lib\site-packages\distributed\comm\tcp.py", line 143, in convert_stream_closed_error
    raise CommClosedError(f"in {obj}: {exc.__class__.__name__}: {exc}") from exc
distributed.comm.core.CommClosedError: in <TCP (closed)  local=tcp://127.0.0.1:62598 remote=tcp://127.0.0.1:58509>: ConnectionResetError: [WinError 10054] An existing connection was forcibly closed by the remote host
2025-11-04 10:45:19,852 - distributed.worker - ERROR - Worker stream died during communication: tcp://127.0.0.1:58509
Traceback (most recent call last):
  File "c:\Users\mtt1e23\OneDrive - University of Southampton\Documents\python-PIVTOOLs\env\Lib\site-packages\tornado\iostream.py", line 861, in _read_to_buffer
    bytes_read = self.read_from_fd(buf)
  File "c:\Users\mtt1e23\OneDrive - University of Southampton\Documents\python-PIVTOOLs\env\Lib\site-packages\tornado\iostream.py", line 1113, in read_from_fd
    return self.socket.recv_into(buf, len(buf))
           ~~~~~~~~~~~~~~~~~~~~~^^^^^^^^^^^^^^^
ConnectionResetError: [WinError 10054] An existing connection was forcibly closed by the remote host

The above exception was the direct cause of the following exception:

Traceback (most recent call last):
  File "c:\Users\mtt1e23\OneDrive - University of Southampton\Documents\python-PIVTOOLs\env\Lib\site-packages\distributed\worker.py", line 2073, in gather_dep
    response = await get_data_from_worker(
               ^^^^^^^^^^^^^^^^^^^^^^^^^^^
        rpc=self.rpc, keys=to_gather, worker=worker, who=self.address
        ^^^^^^^^^^^^^^^^^^^^^^^^^^^^^^^^^^^^^^^^^^^^^^^^^^^^^^^^^^^^^
    )
    ^
  File "c:\Users\mtt1e23\OneDrive - University of Southampton\Documents\python-PIVTOOLs\env\Lib\site-packages\distributed\worker.py", line 2876, in get_data_from_worker
    comm = await rpc.connect(worker)
           ^^^^^^^^^^^^^^^^^^^^^^^^^
  File "c:\Users\mtt1e23\OneDrive - University of Southampton\Documents\python-PIVTOOLs\env\Lib\site-packages\distributed\core.py", line 1485, in connect
    return await self._connect(addr=addr, timeout=timeout)
           ^^^^^^^^^^^^^^^^^^^^^^^^^^^^^^^^^^^^^^^^^^^^^^^
  File "c:\Users\mtt1e23\OneDrive - University of Southampton\Documents\python-PIVTOOLs\env\Lib\site-packages\distributed\core.py", line 1429, in _connect
    comm = await connect(
           ^^^^^^^^^^^^^^
    ...<4 lines>...
    )
    ^
  File "c:\Users\mtt1e23\OneDrive - University of Southampton\Documents\python-PIVTOOLs\env\Lib\site-packages\distributed\comm\core.py", line 377, in connect
    handshake = await comm.read()
                ^^^^^^^^^^^^^^^^^
  File "c:\Users\mtt1e23\OneDrive - University of Southampton\Documents\python-PIVTOOLs\env\Lib\site-packages\distributed\comm\tcp.py", line 237, in read
    convert_stream_closed_error(self, e)
    ~~~~~~~~~~~~~~~~~~~~~~~~~~~^^^^^^^^^
  File "c:\Users\mtt1e23\OneDrive - University of Southampton\Documents\python-PIVTOOLs\env\Lib\site-packages\distributed\comm\tcp.py", line 143, in convert_stream_closed_error
    raise CommClosedError(f"in {obj}: {exc.__class__.__name__}: {exc}") from exc
distributed.comm.core.CommClosedError: in <TCP (closed)  local=tcp://127.0.0.1:62628 remote=tcp://127.0.0.1:58509>: ConnectionResetError: [WinError 10054] An existing connection was forcibly closed by the remote host
2025-11-04 10:45:20,514 - distributed.worker.memory - WARNING - Worker is at 92% memory usage. Pausing worker.  Process memory: 2.47 GiB -- Worker memory limit: 2.66 GiB
2025-11-04 10:45:20,783 - distributed.worker.memory - WARNING - Worker is at 53% memory usage. Resuming worker. Process memory: 1.43 GiB -- Worker memory limit: 2.66 GiB
2025-11-04 10:45:20,880 - distributed.nanny.memory - WARNING - Worker tcp://127.0.0.1:62528 (pid=24948) exceeded 95% memory budget. Restarting...
2025-11-04 10:45:20,891 - distributed.nanny.memory - WARNING - Worker tcp://127.0.0.1:56837 (pid=33024) exceeded 95% memory budget. Restarting...
2025-11-04 10:45:20,893 - distributed.scheduler - ERROR - Task getitem-rechunk-merge-finalize-hlgfinalizecompute-c52cc4759c59454bb129326ee042d4ef marked as failed because 4 workers died while trying to run it
2025-11-04 10:45:20,917 - distributed.scheduler - ERROR - Task _piv_single_pass-411ca248b7fa48068aac791b12a5db59 marked as failed because 4 workers died while trying to run it
2025-11-04 10:45:20,917 - distributed.scheduler - ERROR - Task _piv_single_pass-b40d3473f95fa0f40ede70d06a0890e9 marked as failed because 4 workers died while trying to run it
2025-11-04 10:45:21,072 - distributed.nanny - WARNING - Restarting worker
2025-11-04 10:45:21,074 - distributed.nanny - WARNING - Restarting worker
2025-11-04 10:45:21,144 [ERROR] PIV processing failed: Attempted to run task 'getitem-rechunk-merge-finalize-hlgfinalizecompute-c52cc4759c59454bb129326ee042d4ef' on 4 different workers, but all those workers died while running it. The last worker that attempt to run the task was tcp://127.0.0.1:62528. Inspecting worker logs is often a good next step to diagnose what went wrong. For more information see https://distributed.dask.org/en/stable/killed.html.
2025-11-04 10:45:21,215 [WARNING] PIVResult has no passes for frame 25. Skipping save.
2025-11-04 10:45:21,354 - distributed.worker.memory - WARNING - Worker is at 96% memory usage. Pausing worker.  Process memory: 2.56 GiB -- Worker memory limit: 2.66 GiB
2025-11-04 10:45:21,358 - distributed.nanny.memory - WARNING - Worker tcp://127.0.0.1:62657 (pid=32096) exceeded 95% memory budget. Restarting...
2025-11-04 10:45:21,473 - distributed.nanny.memory - WARNING - Worker tcp://127.0.0.1:54136 (pid=11208) exceeded 95% memory budget. Restarting...
2025-11-04 10:45:21,478 - distributed.scheduler - ERROR - Task _piv_single_pass-af587f2c797746f794530c83be6b438f marked as failed because 4 workers died while trying to run it
2025-11-04 10:45:21,479 - distributed.scheduler - WARNING - Removing worker 'tcp://127.0.0.1:54136' caused the cluster to lose already computed task(s), which will be recomputed elsewhere: {('stack-1fee21bec461f0f670da366072be43e2', 30, 0, 0, 0), ('stack-1fee21bec461f0f670da366072be43e2', 46, 0, 0, 0), 'save_coordinates_from_config_distributed-72ac6b211fd09fad2f8a940e0848f099', ('stack-1fee21bec461f0f670da366072be43e2', 37, 0, 0, 0), ('stack-1fee21bec461f0f670da366072be43e2', 41, 0, 0, 0), ('stack-1fee21bec461f0f670da366072be43e2', 44, 0, 0, 0), ('stack-1fee21bec461f0f670da366072be43e2', 39, 0, 0, 0), ('stack-1fee21bec461f0f670da366072be43e2', 36, 0, 0, 0), ('stack-1fee21bec461f0f670da366072be43e2', 40, 0, 0, 0), ('stack-1fee21bec461f0f670da366072be43e2', 45, 0, 0, 0), ('stack-1fee21bec461f0f670da366072be43e2', 43, 0, 0, 0), ('stack-1fee21bec461f0f670da366072be43e2', 49, 0, 0, 0), ('stack-1fee21bec461f0f670da366072be43e2', 48, 0, 0, 0), ('stack-1fee21bec461f0f670da366072be43e2', 47, 0, 0, 0)} (stimulus_id='handle-worker-cleanup-1762253121.4783928')
2025-11-04 10:45:21,519 [INFO] Worker saved coordinates to C:\Users\mtt1e23\OneDrive - University of Southampton\Documents\#current_processing\query_JHTDB\Planar_Images_with_wall\im7\uncalibrated_piv\50\Cam1\instantaneous\coordinates.mat
2025-11-04 10:45:21,583 - distributed.worker - ERROR - Worker stream died during communication: tcp://127.0.0.1:54136
Traceback (most recent call last):
  File "c:\Users\mtt1e23\OneDrive - University of Southampton\Documents\python-PIVTOOLs\env\Lib\site-packages\tornado\iostream.py", line 861, in _read_to_buffer
    bytes_read = self.read_from_fd(buf)
  File "c:\Users\mtt1e23\OneDrive - University of Southampton\Documents\python-PIVTOOLs\env\Lib\site-packages\tornado\iostream.py", line 1113, in read_from_fd
    return self.socket.recv_into(buf, len(buf))
           ~~~~~~~~~~~~~~~~~~~~~^^^^^^^^^^^^^^^
ConnectionResetError: [WinError 10054] An existing connection was forcibly closed by the remote host

The above exception was the direct cause of the following exception:

Traceback (most recent call last):
  File "c:\Users\mtt1e23\OneDrive - University of Southampton\Documents\python-PIVTOOLs\env\Lib\site-packages\distributed\worker.py", line 2073, in gather_dep
    response = await get_data_from_worker(
               ^^^^^^^^^^^^^^^^^^^^^^^^^^^
        rpc=self.rpc, keys=to_gather, worker=worker, who=self.address
        ^^^^^^^^^^^^^^^^^^^^^^^^^^^^^^^^^^^^^^^^^^^^^^^^^^^^^^^^^^^^^
    )
    ^
  File "c:\Users\mtt1e23\OneDrive - University of Southampton\Documents\python-PIVTOOLs\env\Lib\site-packages\distributed\worker.py", line 2879, in get_data_from_worker
    response = await send_recv(
               ^^^^^^^^^^^^^^^^
    ...<6 lines>...
    )
    ^
  File "c:\Users\mtt1e23\OneDrive - University of Southampton\Documents\python-PIVTOOLs\env\Lib\site-packages\distributed\core.py", line 1018, in send_recv
    response = await comm.read(deserializers=deserializers)
               ^^^^^^^^^^^^^^^^^^^^^^^^^^^^^^^^^^^^^^^^^^^^
  File "c:\Users\mtt1e23\OneDrive - University of Southampton\Documents\python-PIVTOOLs\env\Lib\site-packages\distributed\comm\tcp.py", line 237, in read
    convert_stream_closed_error(self, e)
    ~~~~~~~~~~~~~~~~~~~~~~~~~~~^^^^^^^^^
  File "c:\Users\mtt1e23\OneDrive - University of Southampton\Documents\python-PIVTOOLs\env\Lib\site-packages\distributed\comm\tcp.py", line 143, in convert_stream_closed_error
    raise CommClosedError(f"in {obj}: {exc.__class__.__name__}: {exc}") from exc
distributed.comm.core.CommClosedError: in <TCP (closed) Ephemeral Worker->Worker for gather local=tcp://127.0.0.1:58267 remote=tcp://127.0.0.1:54136>: ConnectionResetError: [WinError 10054] An existing connection was forcibly closed by the remote host
2025-11-04 10:45:21,928 - distributed.nanny - WARNING - Restarting worker
2025-11-04 10:45:22,195 - distributed.nanny.memory - WARNING - Worker tcp://127.0.0.1:62522 (pid=17348) exceeded 95% memory budget. Restarting...
2025-11-04 10:45:22,311 - distributed.nanny - WARNING - Restarting worker
2025-11-04 10:45:23,315 [INFO] Logging initialized. Level: INFO, File: pypiv.log
2025-11-04 10:45:23,322 [INFO] Logging initialized. Level: INFO, File: pypiv.log
2025-11-04 10:45:23,697 - distributed.nanny.memory - WARNING - Worker tcp://127.0.0.1:58489 (pid=9384) exceeded 95% memory budget. Restarting...
2025-11-04 10:45:23,731 - distributed.worker - ERROR - failed during get data with tcp://127.0.0.1:58483 -> tcp://127.0.0.1:58489
Traceback (most recent call last):
  File "c:\Users\mtt1e23\OneDrive - University of Southampton\Documents\python-PIVTOOLs\env\Lib\site-packages\tornado\iostream.py", line 861, in _read_to_buffer
    bytes_read = self.read_from_fd(buf)
  File "c:\Users\mtt1e23\OneDrive - University of Southampton\Documents\python-PIVTOOLs\env\Lib\site-packages\tornado\iostream.py", line 1113, in read_from_fd
    return self.socket.recv_into(buf, len(buf))
           ~~~~~~~~~~~~~~~~~~~~~^^^^^^^^^^^^^^^
ConnectionResetError: [WinError 10054] An existing connection was forcibly closed by the remote host

The above exception was the direct cause of the following exception:

Traceback (most recent call last):
  File "c:\Users\mtt1e23\OneDrive - University of Southampton\Documents\python-PIVTOOLs\env\Lib\site-packages\distributed\worker.py", line 1795, in get_data
    response = await comm.read(deserializers=serializers)
               ^^^^^^^^^^^^^^^^^^^^^^^^^^^^^^^^^^^^^^^^^^
  File "c:\Users\mtt1e23\OneDrive - University of Southampton\Documents\python-PIVTOOLs\env\Lib\site-packages\distributed\comm\tcp.py", line 237, in read
    convert_stream_closed_error(self, e)
    ~~~~~~~~~~~~~~~~~~~~~~~~~~~^^^^^^^^^
  File "c:\Users\mtt1e23\OneDrive - University of Southampton\Documents\python-PIVTOOLs\env\Lib\site-packages\distributed\comm\tcp.py", line 143, in convert_stream_closed_error
    raise CommClosedError(f"in {obj}: {exc.__class__.__name__}: {exc}") from exc
distributed.comm.core.CommClosedError: in <TCP (closed)  local=tcp://127.0.0.1:58483 remote=tcp://127.0.0.1:62609>: ConnectionResetError: [WinError 10054] An existing connection was forcibly closed by the remote host
2025-11-04 10:45:23,731 - distributed.scheduler - ERROR - Task _piv_single_pass-932f6288e0a8fc2d82f4b36941daf184 marked as failed because 4 workers died while trying to run it
2025-11-04 10:45:23,731 - distributed.scheduler - ERROR - Task _piv_single_pass-9be5537f32868bb5b937727148f81e6a marked as failed because 4 workers died while trying to run it
2025-11-04 10:45:23,731 - distributed.scheduler - ERROR - Task _piv_single_pass-50bfdf13c3908033fa0805319ff9f8ff marked as failed because 4 workers died while trying to run it
2025-11-04 10:45:23,732 - distributed.scheduler - ERROR - Task _piv_single_pass-692bf4902f3b6cc4ad308afc1da91264 marked as failed because 4 workers died while trying to run it
2025-11-04 10:45:23,732 - distributed.scheduler - WARNING - Removing worker 'tcp://127.0.0.1:58489' caused the cluster to lose already computed task(s), which will be recomputed elsewhere: {('stack-1fee21bec461f0f670da366072be43e2', 26, 0, 0, 0), ('stack-1fee21bec461f0f670da366072be43e2', 25, 0, 0, 0), 'save_piv_result_distributed-6dca0ea2fc227dd8c0df0dc9d2691bb3', ('stack-1fee21bec461f0f670da366072be43e2', 23, 0, 0, 0), ('stack-1fee21bec461f0f670da366072be43e2', 22, 0, 0, 0), ('stack-1fee21bec461f0f670da366072be43e2', 27, 0, 0, 0), ('stack-1fee21bec461f0f670da366072be43e2', 21, 0, 0, 0), ('stack-1fee21bec461f0f670da366072be43e2', 24, 0, 0, 0), ('stack-1fee21bec461f0f670da366072be43e2', 28, 0, 0, 0)} (stimulus_id='handle-worker-cleanup-1762253123.731531')
2025-11-04 10:45:23,733 - distributed.worker - ERROR - Worker stream died during communication: tcp://127.0.0.1:58489
Traceback (most recent call last):
  File "c:\Users\mtt1e23\OneDrive - University of Southampton\Documents\python-PIVTOOLs\env\Lib\site-packages\tornado\iostream.py", line 861, in _read_to_buffer
    bytes_read = self.read_from_fd(buf)
  File "c:\Users\mtt1e23\OneDrive - University of Southampton\Documents\python-PIVTOOLs\env\Lib\site-packages\tornado\iostream.py", line 1113, in read_from_fd
    return self.socket.recv_into(buf, len(buf))
           ~~~~~~~~~~~~~~~~~~~~~^^^^^^^^^^^^^^^
ConnectionResetError: [WinError 10054] An existing connection was forcibly closed by the remote host

The above exception was the direct cause of the following exception:

Traceback (most recent call last):
  File "c:\Users\mtt1e23\OneDrive - University of Southampton\Documents\python-PIVTOOLs\env\Lib\site-packages\distributed\worker.py", line 2073, in gather_dep
    response = await get_data_from_worker(
               ^^^^^^^^^^^^^^^^^^^^^^^^^^^
        rpc=self.rpc, keys=to_gather, worker=worker, who=self.address
        ^^^^^^^^^^^^^^^^^^^^^^^^^^^^^^^^^^^^^^^^^^^^^^^^^^^^^^^^^^^^^
    )
    ^
  File "c:\Users\mtt1e23\OneDrive - University of Southampton\Documents\python-PIVTOOLs\env\Lib\site-packages\distributed\worker.py", line 2879, in get_data_from_worker
    response = await send_recv(
               ^^^^^^^^^^^^^^^^
    ...<6 lines>...
    )
    ^
  File "c:\Users\mtt1e23\OneDrive - University of Southampton\Documents\python-PIVTOOLs\env\Lib\site-packages\distributed\core.py", line 1018, in send_recv
    response = await comm.read(deserializers=deserializers)
               ^^^^^^^^^^^^^^^^^^^^^^^^^^^^^^^^^^^^^^^^^^^^
  File "c:\Users\mtt1e23\OneDrive - University of Southampton\Documents\python-PIVTOOLs\env\Lib\site-packages\distributed\comm\tcp.py", line 237, in read
    convert_stream_closed_error(self, e)
    ~~~~~~~~~~~~~~~~~~~~~~~~~~~^^^^^^^^^
  File "c:\Users\mtt1e23\OneDrive - University of Southampton\Documents\python-PIVTOOLs\env\Lib\site-packages\distributed\comm\tcp.py", line 143, in convert_stream_closed_error
    raise CommClosedError(f"in {obj}: {exc.__class__.__name__}: {exc}") from exc
distributed.comm.core.CommClosedError: in <TCP (closed) Ephemeral Worker->Worker for gather local=tcp://127.0.0.1:62553 remote=tcp://127.0.0.1:58489>: ConnectionResetError: [WinError 10054] An existing connection was forcibly closed by the remote host
2025-11-04 10:45:23,963 - distributed.nanny - WARNING - Restarting worker
2025-11-04 10:45:24,032 [INFO] Logging initialized. Level: INFO, File: pypiv.log
2025-11-04 10:45:24,566 [INFO] Logging initialized. Level: INFO, File: pypiv.log
2025-11-04 10:45:26,145 [INFO] Logging initialized. Level: INFO, File: pypiv.log
2025-11-04 10:45:48,523 - distributed.worker.memory - WARNING - Worker is at 88% memory usage. Pausing worker.  Process memory: 2.35 GiB -- Worker memory limit: 2.66 GiB
2025-11-04 10:45:48,644 - distributed.nanny.memory - WARNING - Worker tcp://127.0.0.1:62517 (pid=8660) exceeded 95% memory budget. Restarting...
2025-11-04 10:45:48,660 - distributed.scheduler - WARNING - Removing worker 'tcp://127.0.0.1:62517' caused the cluster to lose already computed task(s), which will be recomputed elsewhere: {('stack-1fee21bec461f0f670da366072be43e2', 29, 0, 0, 0), ('stack-1fee21bec461f0f670da366072be43e2', 35, 0, 0, 0)} (stimulus_id='handle-worker-cleanup-1762253148.6604528')
2025-11-04 10:45:48,894 - distributed.nanny - WARNING - Restarting worker
2025-11-04 10:45:48,908 - distributed.worker.memory - WARNING - Worker is at 90% memory usage. Pausing worker.  Process memory: 2.40 GiB -- Worker memory limit: 2.66 GiB
2025-11-04 10:45:48,959 - distributed.nanny.memory - WARNING - Worker tcp://127.0.0.1:58474 (pid=26672) exceeded 95% memory budget. Restarting...
2025-11-04 10:45:49,005 - distributed.worker.memory - WARNING - Worker is at 84% memory usage. Pausing worker.  Process memory: 2.26 GiB -- Worker memory limit: 2.66 GiB
2025-11-04 10:45:49,016 - distributed.worker - ERROR - Worker stream died during communication: tcp://127.0.0.1:58474
Traceback (most recent call last):
  File "c:\Users\mtt1e23\OneDrive - University of Southampton\Documents\python-PIVTOOLs\env\Lib\site-packages\tornado\iostream.py", line 861, in _read_to_buffer
    bytes_read = self.read_from_fd(buf)
  File "c:\Users\mtt1e23\OneDrive - University of Southampton\Documents\python-PIVTOOLs\env\Lib\site-packages\tornado\iostream.py", line 1113, in read_from_fd
    return self.socket.recv_into(buf, len(buf))
           ~~~~~~~~~~~~~~~~~~~~~^^^^^^^^^^^^^^^
ConnectionResetError: [WinError 10054] An existing connection was forcibly closed by the remote host

The above exception was the direct cause of the following exception:

Traceback (most recent call last):
  File "c:\Users\mtt1e23\OneDrive - University of Southampton\Documents\python-PIVTOOLs\env\Lib\site-packages\distributed\worker.py", line 2073, in gather_dep
    response = await get_data_from_worker(
               ^^^^^^^^^^^^^^^^^^^^^^^^^^^
        rpc=self.rpc, keys=to_gather, worker=worker, who=self.address
        ^^^^^^^^^^^^^^^^^^^^^^^^^^^^^^^^^^^^^^^^^^^^^^^^^^^^^^^^^^^^^
    )
    ^
  File "c:\Users\mtt1e23\OneDrive - University of Southampton\Documents\python-PIVTOOLs\env\Lib\site-packages\distributed\worker.py", line 2876, in get_data_from_worker
    comm = await rpc.connect(worker)
           ^^^^^^^^^^^^^^^^^^^^^^^^^
  File "c:\Users\mtt1e23\OneDrive - University of Southampton\Documents\python-PIVTOOLs\env\Lib\site-packages\distributed\core.py", line 1485, in connect
    return await self._connect(addr=addr, timeout=timeout)
           ^^^^^^^^^^^^^^^^^^^^^^^^^^^^^^^^^^^^^^^^^^^^^^^
  File "c:\Users\mtt1e23\OneDrive - University of Southampton\Documents\python-PIVTOOLs\env\Lib\site-packages\distributed\core.py", line 1429, in _connect
    comm = await connect(
           ^^^^^^^^^^^^^^
    ...<4 lines>...
    )
    ^
  File "c:\Users\mtt1e23\OneDrive - University of Southampton\Documents\python-PIVTOOLs\env\Lib\site-packages\distributed\comm\core.py", line 377, in connect
    handshake = await comm.read()
                ^^^^^^^^^^^^^^^^^
  File "c:\Users\mtt1e23\OneDrive - University of Southampton\Documents\python-PIVTOOLs\env\Lib\site-packages\distributed\comm\tcp.py", line 237, in read
    convert_stream_closed_error(self, e)
    ~~~~~~~~~~~~~~~~~~~~~~~~~~~^^^^^^^^^
  File "c:\Users\mtt1e23\OneDrive - University of Southampton\Documents\python-PIVTOOLs\env\Lib\site-packages\distributed\comm\tcp.py", line 143, in convert_stream_closed_error
    raise CommClosedError(f"in {obj}: {exc.__class__.__name__}: {exc}") from exc
distributed.comm.core.CommClosedError: in <TCP (closed)  local=tcp://127.0.0.1:65171 remote=tcp://127.0.0.1:58474>: ConnectionResetError: [WinError 10054] An existing connection was forcibly closed by the remote host
2025-11-04 10:45:49,049 - distributed.scheduler - WARNING - Removing worker 'tcp://127.0.0.1:58474' caused the cluster to lose already computed task(s), which will be recomputed elsewhere: {('stack-1fee21bec461f0f670da366072be43e2', 34, 0, 0, 0), ('stack-1fee21bec461f0f670da366072be43e2', 36, 0, 0, 0)} (stimulus_id='handle-worker-cleanup-1762253149.04912')
2025-11-04 10:45:49,186 - distributed.nanny.memory - WARNING - Worker tcp://127.0.0.1:62512 (pid=32060) exceeded 95% memory budget. Restarting...
2025-11-04 10:45:49,267 - distributed.nanny - WARNING - Restarting worker
2025-11-04 10:45:49,278 - distributed.nanny.memory - WARNING - Worker tcp://127.0.0.1:62512 (pid=32060) is slow to terminate; trying again
2025-11-04 10:45:49,281 - distributed.scheduler - WARNING - Removing worker 'tcp://127.0.0.1:62512' caused the cluster to lose already computed task(s), which will be recomputed elsewhere: {('stack-1fee21bec461f0f670da366072be43e2', 41, 0, 0, 0)} (stimulus_id='handle-worker-cleanup-1762253149.2816737')
2025-11-04 10:45:49,649 - distributed.nanny - WARNING - Restarting worker
2025-11-04 10:45:49,709 - distributed.worker - ERROR - Worker stream died during communication: tcp://127.0.0.1:58474
Traceback (most recent call last):
  File "c:\Users\mtt1e23\OneDrive - University of Southampton\Documents\python-PIVTOOLs\env\Lib\site-packages\tornado\iostream.py", line 861, in _read_to_buffer
    bytes_read = self.read_from_fd(buf)
  File "c:\Users\mtt1e23\OneDrive - University of Southampton\Documents\python-PIVTOOLs\env\Lib\site-packages\tornado\iostream.py", line 1113, in read_from_fd
    return self.socket.recv_into(buf, len(buf))
           ~~~~~~~~~~~~~~~~~~~~~^^^^^^^^^^^^^^^
ConnectionResetError: [WinError 10054] An existing connection was forcibly closed by the remote host

The above exception was the direct cause of the following exception:

Traceback (most recent call last):
  File "c:\Users\mtt1e23\OneDrive - University of Southampton\Documents\python-PIVTOOLs\env\Lib\site-packages\distributed\worker.py", line 2073, in gather_dep
    response = await get_data_from_worker(
               ^^^^^^^^^^^^^^^^^^^^^^^^^^^
        rpc=self.rpc, keys=to_gather, worker=worker, who=self.address
        ^^^^^^^^^^^^^^^^^^^^^^^^^^^^^^^^^^^^^^^^^^^^^^^^^^^^^^^^^^^^^
    )
    ^
  File "c:\Users\mtt1e23\OneDrive - University of Southampton\Documents\python-PIVTOOLs\env\Lib\site-packages\distributed\worker.py", line 2879, in get_data_from_worker
    response = await send_recv(
               ^^^^^^^^^^^^^^^^
    ...<6 lines>...
    )
    ^
  File "c:\Users\mtt1e23\OneDrive - University of Southampton\Documents\python-PIVTOOLs\env\Lib\site-packages\distributed\core.py", line 1018, in send_recv
    response = await comm.read(deserializers=deserializers)
               ^^^^^^^^^^^^^^^^^^^^^^^^^^^^^^^^^^^^^^^^^^^^
  File "c:\Users\mtt1e23\OneDrive - University of Southampton\Documents\python-PIVTOOLs\env\Lib\site-packages\distributed\comm\tcp.py", line 237, in read
    convert_stream_closed_error(self, e)
    ~~~~~~~~~~~~~~~~~~~~~~~~~~~^^^^^^^^^
  File "c:\Users\mtt1e23\OneDrive - University of Southampton\Documents\python-PIVTOOLs\env\Lib\site-packages\distributed\comm\tcp.py", line 143, in convert_stream_closed_error
    raise CommClosedError(f"in {obj}: {exc.__class__.__name__}: {exc}") from exc
distributed.comm.core.CommClosedError: in <TCP (closed) Ephemeral Worker->Worker for gather local=tcp://127.0.0.1:62637 remote=tcp://127.0.0.1:58474>: ConnectionResetError: [WinError 10054] An existing connection was forcibly closed by the remote host
2025-11-04 10:45:49,754 - distributed.worker.memory - WARNING - Worker is at 87% memory usage. Pausing worker.  Process memory: 2.33 GiB -- Worker memory limit: 2.66 GiB
2025-11-04 10:45:49,790 - distributed.worker.memory - WARNING - Worker is at 89% memory usage. Pausing worker.  Process memory: 2.37 GiB -- Worker memory limit: 2.66 GiB
2025-11-04 10:45:49,800 - distributed.worker.memory - WARNING - Worker is at 85% memory usage. Pausing worker.  Process memory: 2.29 GiB -- Worker memory limit: 2.66 GiB
2025-11-04 10:45:49,854 - distributed.nanny.memory - WARNING - Worker tcp://127.0.0.1:65064 (pid=13072) exceeded 95% memory budget. Restarting...
2025-11-04 10:45:49,922 - distributed.nanny.memory - WARNING - Worker tcp://127.0.0.1:58477 (pid=3552) exceeded 95% memory budget. Restarting...
2025-11-04 10:45:49,926 - distributed.nanny.memory - WARNING - Worker tcp://127.0.0.1:62568 (pid=32704) exceeded 95% memory budget. Restarting...
2025-11-04 10:45:49,927 - distributed.nanny.memory - WARNING - Worker tcp://127.0.0.1:65064 (pid=13072) is slow to terminate; trying again
2025-11-04 10:45:49,973 - distributed.scheduler - WARNING - Removing worker 'tcp://127.0.0.1:65064' caused the cluster to lose already computed task(s), which will be recomputed elsewhere: {('stack-1fee21bec461f0f670da366072be43e2', 44, 0, 0, 0)} (stimulus_id='handle-worker-cleanup-1762253149.973784')
2025-11-04 10:45:50,016 - distributed.worker - ERROR - failed during get data with tcp://127.0.0.1:62710 -> tcp://127.0.0.1:58477
Traceback (most recent call last):
  File "c:\Users\mtt1e23\OneDrive - University of Southampton\Documents\python-PIVTOOLs\env\Lib\site-packages\tornado\iostream.py", line 861, in _read_to_buffer
    bytes_read = self.read_from_fd(buf)
  File "c:\Users\mtt1e23\OneDrive - University of Southampton\Documents\python-PIVTOOLs\env\Lib\site-packages\tornado\iostream.py", line 1113, in read_from_fd
    return self.socket.recv_into(buf, len(buf))
           ~~~~~~~~~~~~~~~~~~~~~^^^^^^^^^^^^^^^
ConnectionResetError: [WinError 10054] An existing connection was forcibly closed by the remote host

The above exception was the direct cause of the following exception:

Traceback (most recent call last):
  File "c:\Users\mtt1e23\OneDrive - University of Southampton\Documents\python-PIVTOOLs\env\Lib\site-packages\distributed\worker.py", line 1795, in get_data
    response = await comm.read(deserializers=serializers)
               ^^^^^^^^^^^^^^^^^^^^^^^^^^^^^^^^^^^^^^^^^^
  File "c:\Users\mtt1e23\OneDrive - University of Southampton\Documents\python-PIVTOOLs\env\Lib\site-packages\distributed\comm\tcp.py", line 237, in read
    convert_stream_closed_error(self, e)
    ~~~~~~~~~~~~~~~~~~~~~~~~~~~^^^^^^^^^
  File "c:\Users\mtt1e23\OneDrive - University of Southampton\Documents\python-PIVTOOLs\env\Lib\site-packages\distributed\comm\tcp.py", line 143, in convert_stream_closed_error
    raise CommClosedError(f"in {obj}: {exc.__class__.__name__}: {exc}") from exc
distributed.comm.core.CommClosedError: in <TCP (closed)  local=tcp://127.0.0.1:62710 remote=tcp://127.0.0.1:65172>: ConnectionResetError: [WinError 10054] An existing connection was forcibly closed by the remote host
2025-11-04 10:45:50,119 - distributed.scheduler - WARNING - Removing worker 'tcp://127.0.0.1:58477' caused the cluster to lose already computed task(s), which will be recomputed elsewhere: {('stack-1fee21bec461f0f670da366072be43e2', 33, 0, 0, 0), ('stack-1fee21bec461f0f670da366072be43e2', 37, 0, 0, 0), ('stack-1fee21bec461f0f670da366072be43e2', 42, 0, 0, 0)} (stimulus_id='handle-worker-cleanup-1762253150.1191955')
2025-11-04 10:45:50,120 - distributed.scheduler - ERROR - Task getitem-rechunk-merge-finalize-hlgfinalizecompute-b2cf65eceb78418abb2ea44bc6832da9 marked as failed because 4 workers died while trying to run it
2025-11-04 10:45:50,120 - distributed.scheduler - WARNING - Removing worker 'tcp://127.0.0.1:62568' caused the cluster to lose already computed task(s), which will be recomputed elsewhere: {('stack-1fee21bec461f0f670da366072be43e2', 32, 0, 0, 0), ('stack-1fee21bec461f0f670da366072be43e2', 38, 0, 0, 0)} (stimulus_id='handle-worker-cleanup-1762253150.1204693')
2025-11-04 10:45:50,369 - distributed.worker.memory - WARNING - Worker is at 89% memory usage. Pausing worker.  Process memory: 2.39 GiB -- Worker memory limit: 2.66 GiB
2025-11-04 10:45:50,485 - distributed.worker - ERROR - Worker stream died during communication: tcp://127.0.0.1:58477
Traceback (most recent call last):
  File "c:\Users\mtt1e23\OneDrive - University of Southampton\Documents\python-PIVTOOLs\env\Lib\site-packages\tornado\iostream.py", line 861, in _read_to_buffer
    bytes_read = self.read_from_fd(buf)
  File "c:\Users\mtt1e23\OneDrive - University of Southampton\Documents\python-PIVTOOLs\env\Lib\site-packages\tornado\iostream.py", line 1113, in read_from_fd
    return self.socket.recv_into(buf, len(buf))
           ~~~~~~~~~~~~~~~~~~~~~^^^^^^^^^^^^^^^
ConnectionResetError: [WinError 10054] An existing connection was forcibly closed by the remote host

The above exception was the direct cause of the following exception:

Traceback (most recent call last):
  File "c:\Users\mtt1e23\OneDrive - University of Southampton\Documents\python-PIVTOOLs\env\Lib\site-packages\distributed\worker.py", line 2073, in gather_dep
    response = await get_data_from_worker(
               ^^^^^^^^^^^^^^^^^^^^^^^^^^^
        rpc=self.rpc, keys=to_gather, worker=worker, who=self.address
        ^^^^^^^^^^^^^^^^^^^^^^^^^^^^^^^^^^^^^^^^^^^^^^^^^^^^^^^^^^^^^
    )
    ^
  File "c:\Users\mtt1e23\OneDrive - University of Southampton\Documents\python-PIVTOOLs\env\Lib\site-packages\distributed\worker.py", line 2879, in get_data_from_worker
    response = await send_recv(
               ^^^^^^^^^^^^^^^^
    ...<6 lines>...
    )
    ^
  File "c:\Users\mtt1e23\OneDrive - University of Southampton\Documents\python-PIVTOOLs\env\Lib\site-packages\distributed\core.py", line 1018, in send_recv
    response = await comm.read(deserializers=deserializers)
               ^^^^^^^^^^^^^^^^^^^^^^^^^^^^^^^^^^^^^^^^^^^^
  File "c:\Users\mtt1e23\OneDrive - University of Southampton\Documents\python-PIVTOOLs\env\Lib\site-packages\distributed\comm\tcp.py", line 237, in read
    convert_stream_closed_error(self, e)
    ~~~~~~~~~~~~~~~~~~~~~~~~~~~^^^^^^^^^
  File "c:\Users\mtt1e23\OneDrive - University of Southampton\Documents\python-PIVTOOLs\env\Lib\site-packages\distributed\comm\tcp.py", line 143, in convert_stream_closed_error
    raise CommClosedError(f"in {obj}: {exc.__class__.__name__}: {exc}") from exc
distributed.comm.core.CommClosedError: in <TCP (closed) Ephemeral Worker->Worker for gather local=tcp://127.0.0.1:62613 remote=tcp://127.0.0.1:58477>: ConnectionResetError: [WinError 10054] An existing connection was forcibly closed by the remote host
2025-11-04 10:45:50,567 - distributed.nanny.memory - WARNING - Worker tcp://127.0.0.1:58483 (pid=16524) exceeded 95% memory budget. Restarting...
2025-11-04 10:45:50,573 - distributed.worker.memory - WARNING - Worker is at 91% memory usage. Pausing worker.  Process memory: 2.43 GiB -- Worker memory limit: 2.66 GiB
2025-11-04 10:45:50,589 - distributed.worker - ERROR - Worker stream died during communication: tcp://127.0.0.1:58483
Traceback (most recent call last):
  File "c:\Users\mtt1e23\OneDrive - University of Southampton\Documents\python-PIVTOOLs\env\Lib\site-packages\tornado\iostream.py", line 861, in _read_to_buffer
    bytes_read = self.read_from_fd(buf)
  File "c:\Users\mtt1e23\OneDrive - University of Southampton\Documents\python-PIVTOOLs\env\Lib\site-packages\tornado\iostream.py", line 1113, in read_from_fd
    return self.socket.recv_into(buf, len(buf))
           ~~~~~~~~~~~~~~~~~~~~~^^^^^^^^^^^^^^^
ConnectionResetError: [WinError 10054] An existing connection was forcibly closed by the remote host

The above exception was the direct cause of the following exception:

Traceback (most recent call last):
  File "c:\Users\mtt1e23\OneDrive - University of Southampton\Documents\python-PIVTOOLs\env\Lib\site-packages\distributed\worker.py", line 2073, in gather_dep
    response = await get_data_from_worker(
               ^^^^^^^^^^^^^^^^^^^^^^^^^^^
        rpc=self.rpc, keys=to_gather, worker=worker, who=self.address
        ^^^^^^^^^^^^^^^^^^^^^^^^^^^^^^^^^^^^^^^^^^^^^^^^^^^^^^^^^^^^^
    )
    ^
  File "c:\Users\mtt1e23\OneDrive - University of Southampton\Documents\python-PIVTOOLs\env\Lib\site-packages\distributed\worker.py", line 2879, in get_data_from_worker
    response = await send_recv(
               ^^^^^^^^^^^^^^^^
    ...<6 lines>...
    )
    ^
  File "c:\Users\mtt1e23\OneDrive - University of Southampton\Documents\python-PIVTOOLs\env\Lib\site-packages\distributed\core.py", line 1018, in send_recv
    response = await comm.read(deserializers=deserializers)
               ^^^^^^^^^^^^^^^^^^^^^^^^^^^^^^^^^^^^^^^^^^^^
  File "c:\Users\mtt1e23\OneDrive - University of Southampton\Documents\python-PIVTOOLs\env\Lib\site-packages\distributed\comm\tcp.py", line 237, in read
    convert_stream_closed_error(self, e)
    ~~~~~~~~~~~~~~~~~~~~~~~~~~~^^^^^^^^^
  File "c:\Users\mtt1e23\OneDrive - University of Southampton\Documents\python-PIVTOOLs\env\Lib\site-packages\distributed\comm\tcp.py", line 143, in convert_stream_closed_error
    raise CommClosedError(f"in {obj}: {exc.__class__.__name__}: {exc}") from exc
distributed.comm.core.CommClosedError: in <TCP (closed) Ephemeral Worker->Worker for gather local=tcp://127.0.0.1:65164 remote=tcp://127.0.0.1:58483>: ConnectionResetError: [WinError 10054] An existing connection was forcibly closed by the remote host
2025-11-04 10:45:50,703 - distributed.nanny - WARNING - Restarting worker
2025-11-04 10:45:50,706 - distributed.scheduler - ERROR - Task _piv_single_pass-53c9ec79c5bba227fc728df073472136 marked as failed because 4 workers died while trying to run it
2025-11-04 10:45:50,707 - distributed.scheduler - ERROR - Task _piv_single_pass-13f182a51b93483aa9737d0bc5a1b3ff marked as failed because 4 workers died while trying to run it
2025-11-04 10:45:50,707 - distributed.scheduler - ERROR - Task _piv_single_pass-0ddc0c882a52bc2203260b2d13794a5d marked as failed because 4 workers died while trying to run it
2025-11-04 10:45:50,707 - distributed.scheduler - ERROR - Task _piv_single_pass-e039738034319a5ff400a89860c4a069 marked as failed because 4 workers died while trying to run it
2025-11-04 10:45:50,708 - distributed.scheduler - ERROR - Task _piv_single_pass-30e6c04d4bb45b2b000e9f9062e8facb marked as failed because 4 workers died while trying to run it
2025-11-04 10:45:50,708 - distributed.scheduler - ERROR - Task _piv_single_pass-19b4066c1e6699db4e7434d7ad6d7d88 marked as failed because 4 workers died while trying to run it
2025-11-04 10:45:50,708 - distributed.scheduler - ERROR - Task _piv_single_pass-78bc31d9ae36cc7a1808300d0974032e marked as failed because 4 workers died while trying to run it
2025-11-04 10:45:50,708 - distributed.scheduler - WARNING - Removing worker 'tcp://127.0.0.1:58483' caused the cluster to lose already computed task(s), which will be recomputed elsewhere: {('stack-1fee21bec461f0f670da366072be43e2', 7, 0, 0, 0), ('stack-1fee21bec461f0f670da366072be43e2', 2, 0, 0, 0), ('stack-1fee21bec461f0f670da366072be43e2', 6, 0, 0, 0), ('stack-1fee21bec461f0f670da366072be43e2', 1, 0, 0, 0), ('stack-1fee21bec461f0f670da366072be43e2', 0, 0, 0, 0), ('stack-1fee21bec461f0f670da366072be43e2', 5, 0, 0, 0), ('stack-1fee21bec461f0f670da366072be43e2', 45, 0, 0, 0)} (stimulus_id='handle-worker-cleanup-1762253150.7065651')
2025-11-04 10:45:50,721 - distributed.worker.memory - WARNING - Worker is at 93% memory usage. Pausing worker.  Process memory: 2.50 GiB -- Worker memory limit: 2.66 GiB
2025-11-04 10:45:50,745 - distributed.worker.memory - WARNING - Worker is at 53% memory usage. Resuming worker. Process memory: 1.43 GiB -- Worker memory limit: 2.66 GiB
2025-11-04 10:45:50,826 - distributed.nanny - WARNING - Restarting worker
2025-11-04 10:45:50,829 - distributed.nanny - WARNING - Restarting worker
2025-11-04 10:45:50,859 - distributed.nanny.memory - WARNING - Worker tcp://127.0.0.1:58497 (pid=31852) exceeded 95% memory budget. Restarting...
2025-11-04 10:45:50,921 - distributed.scheduler - ERROR - Task _piv_single_pass-fba4ac1b458840b860658247140b6fd8 marked as failed because 4 workers died while trying to run it
2025-11-04 10:45:50,921 - distributed.scheduler - ERROR - Task _piv_single_pass-040aab84c472cff76b584fb846296974 marked as failed because 4 workers died while trying to run it
2025-11-04 10:45:50,921 - distributed.scheduler - ERROR - Task _piv_single_pass-11f201ea30b21353d0d693c1428e68c0 marked as failed because 4 workers died while trying to run it
2025-11-04 10:45:50,922 - distributed.scheduler - ERROR - Task _piv_single_pass-8aecd53ace385b6be0b920b65f7ad26c marked as failed because 4 workers died while trying to run it
2025-11-04 10:45:50,922 - distributed.scheduler - WARNING - Removing worker 'tcp://127.0.0.1:58497' caused the cluster to lose already computed task(s), which will be recomputed elsewhere: {'save_coordinates_from_config_distributed-72ac6b211fd09fad2f8a940e0848f099', ('stack-1fee21bec461f0f670da366072be43e2', 24, 0, 0, 0)} (stimulus_id='handle-worker-cleanup-1762253150.9209697')
2025-11-04 10:45:50,941 - distributed.nanny - WARNING - Restarting worker
2025-11-04 10:45:51,198 - distributed.nanny - WARNING - Restarting worker
2025-11-04 10:45:51,295 [INFO] Worker saved coordinates to C:\Users\mtt1e23\OneDrive - University of Southampton\Documents\#current_processing\query_JHTDB\Planar_Images_with_wall\im7\uncalibrated_piv\50\Cam1\instantaneous\coordinates.mat
2025-11-04 10:45:51,420 - distributed.worker.memory - WARNING - Worker is at 91% memory usage. Pausing worker.  Process memory: 2.44 GiB -- Worker memory limit: 2.66 GiB
2025-11-04 10:45:51,420 - distributed.worker.memory - WARNING - Unmanaged memory use is high. This may indicate a memory leak or the memory may not be released to the OS; see https://distributed.dask.org/en/latest/worker-memory.html#memory-not-released-back-to-the-os for more information. -- Unmanaged memory: 2.44 GiB -- Worker memory limit: 2.66 GiB
2025-11-04 10:45:51,552 - distributed.worker.memory - WARNING - Worker is at 53% memory usage. Resuming worker. Process memory: 1.43 GiB -- Worker memory limit: 2.66 GiB
2025-11-04 10:45:52,379 [INFO] Logging initialized. Level: INFO, File: pypiv.log
2025-11-04 10:45:52,506 [INFO] Logging initialized. Level: INFO, File: pypiv.log
2025-11-04 10:45:52,771 [INFO] Logging initialized. Level: INFO, File: pypiv.log
2025-11-04 10:45:53,319 [INFO] Logging initialized. Level: INFO, File: pypiv.log
2025-11-04 10:45:53,352 [INFO] Logging initialized. Level: INFO, File: pypiv.log
2025-11-04 10:45:53,385 [INFO] Logging initialized. Level: INFO, File: pypiv.log
2025-11-04 10:45:53,480 [INFO] Logging initialized. Level: INFO, File: pypiv.log
2025-11-04 10:45:53,667 [INFO] Logging initialized. Level: INFO, File: pypiv.log
2025-11-04 10:45:58,557 - distributed.worker.memory - WARNING - Worker is at 80% memory usage. Pausing worker.  Process memory: 2.14 GiB -- Worker memory limit: 2.66 GiB
2025-11-04 10:45:58,741 - distributed.worker.memory - WARNING - Worker is at 54% memory usage. Resuming worker. Process memory: 1.44 GiB -- Worker memory limit: 2.66 GiB
2025-11-04 10:45:58,743 - distributed.worker - ERROR - Worker stream died during communication: tcp://127.0.0.1:58497
Traceback (most recent call last):
  File "c:\Users\mtt1e23\OneDrive - University of Southampton\Documents\python-PIVTOOLs\env\Lib\site-packages\tornado\iostream.py", line 861, in _read_to_buffer
    bytes_read = self.read_from_fd(buf)
  File "c:\Users\mtt1e23\OneDrive - University of Southampton\Documents\python-PIVTOOLs\env\Lib\site-packages\tornado\iostream.py", line 1113, in read_from_fd
    return self.socket.recv_into(buf, len(buf))
           ~~~~~~~~~~~~~~~~~~~~~^^^^^^^^^^^^^^^
ConnectionResetError: [WinError 10054] An existing connection was forcibly closed by the remote host

The above exception was the direct cause of the following exception:

Traceback (most recent call last):
  File "c:\Users\mtt1e23\OneDrive - University of Southampton\Documents\python-PIVTOOLs\env\Lib\site-packages\distributed\worker.py", line 2073, in gather_dep
    response = await get_data_from_worker(
               ^^^^^^^^^^^^^^^^^^^^^^^^^^^
        rpc=self.rpc, keys=to_gather, worker=worker, who=self.address
        ^^^^^^^^^^^^^^^^^^^^^^^^^^^^^^^^^^^^^^^^^^^^^^^^^^^^^^^^^^^^^
    )
    ^
  File "c:\Users\mtt1e23\OneDrive - University of Southampton\Documents\python-PIVTOOLs\env\Lib\site-packages\distributed\worker.py", line 2879, in get_data_from_worker
    response = await send_recv(
               ^^^^^^^^^^^^^^^^
    ...<6 lines>...
    )
    ^
  File "c:\Users\mtt1e23\OneDrive - University of Southampton\Documents\python-PIVTOOLs\env\Lib\site-packages\distributed\core.py", line 1018, in send_recv
    response = await comm.read(deserializers=deserializers)
               ^^^^^^^^^^^^^^^^^^^^^^^^^^^^^^^^^^^^^^^^^^^^
  File "c:\Users\mtt1e23\OneDrive - University of Southampton\Documents\python-PIVTOOLs\env\Lib\site-packages\distributed\comm\tcp.py", line 237, in read
    convert_stream_closed_error(self, e)
    ~~~~~~~~~~~~~~~~~~~~~~~~~~~^^^^^^^^^
  File "c:\Users\mtt1e23\OneDrive - University of Southampton\Documents\python-PIVTOOLs\env\Lib\site-packages\distributed\comm\tcp.py", line 143, in convert_stream_closed_error
    raise CommClosedError(f"in {obj}: {exc.__class__.__name__}: {exc}") from exc
distributed.comm.core.CommClosedError: in <TCP (closed) Ephemeral Worker->Worker for gather local=tcp://127.0.0.1:64018 remote=tcp://127.0.0.1:58497>: ConnectionResetError: [WinError 10054] An existing connection was forcibly closed by the remote host
2025-11-04 10:45:59,707 - distributed.scheduler - ERROR - Task _piv_single_pass-77d65d9bb03814c2dd9f013377ba06ac marked as failed because 4 workers died while trying to run it
2025-11-04 10:45:59,707 - distributed.scheduler - ERROR - Task _piv_single_pass-bdf6bd96575dc13c490a99c5eec73f42 marked as failed because 4 workers died while trying to run it
2025-11-04 10:45:59,707 - distributed.scheduler - ERROR - Task _piv_single_pass-7e2b9a49a7cf305aed9602d57f147d05 marked as failed because 4 workers died while trying to run it
2025-11-04 10:45:59,707 - distributed.scheduler - ERROR - Task _piv_single_pass-6c23db5caf9d91cb57b1f078a137a98d marked as failed because 4 workers died while trying to run it
2025-11-04 10:45:59,707 - distributed.scheduler - WARNING - Removing worker 'tcp://127.0.0.1:65105' caused the cluster to lose already computed task(s), which will be recomputed elsewhere: {('stack-1fee21bec461f0f670da366072be43e2', 32, 0, 0, 0), ('from-value-read_pair-stack-1fee21bec461f0f670da366072be43e2', 18, 0, 0, 0)} (stimulus_id='handle-worker-cleanup-1762253159.7070336')
2025-11-04 10:45:59,777 - distributed.nanny - WARNING - Restarting worker
2025-11-04 10:46:01,869 [INFO] Logging initialized. Level: INFO, File: pypiv.log
2025-11-04 10:46:04,951 - distributed.worker - ERROR - Worker stream died during communication: tcp://127.0.0.1:65105
Traceback (most recent call last):
  File "c:\Users\mtt1e23\OneDrive - University of Southampton\Documents\python-PIVTOOLs\env\Lib\site-packages\distributed\core.py", line 1485, in connect
    return await self._connect(addr=addr, timeout=timeout)
           ^^^^^^^^^^^^^^^^^^^^^^^^^^^^^^^^^^^^^^^^^^^^^^^
  File "c:\Users\mtt1e23\OneDrive - University of Southampton\Documents\python-PIVTOOLs\env\Lib\site-packages\distributed\core.py", line 1429, in _connect
    comm = await connect(
           ^^^^^^^^^^^^^^
    ...<4 lines>...
    )
    ^
  File "c:\Users\mtt1e23\OneDrive - University of Southampton\Documents\python-PIVTOOLs\env\Lib\site-packages\distributed\comm\core.py", line 342, in connect
    comm = await wait_for(
           ^^^^^^^^^^^^^^^
    ...<2 lines>...
    )
    ^
  File "c:\Users\mtt1e23\OneDrive - University of Southampton\Documents\python-PIVTOOLs\env\Lib\site-packages\distributed\utils.py", line 1923, in wait_for
    return await fut
           ^^^^^^^^^
  File "c:\Users\mtt1e23\OneDrive - University of Southampton\Documents\python-PIVTOOLs\env\Lib\site-packages\distributed\comm\tcp.py", line 547, in connect
    stream = await self.client.connect(
             ^^^^^^^^^^^^^^^^^^^^^^^^^^
        ip, port, max_buffer_size=MAX_BUFFER_SIZE, **kwargs
        ^^^^^^^^^^^^^^^^^^^^^^^^^^^^^^^^^^^^^^^^^^^^^^^^^^^
    )
    ^
  File "c:\Users\mtt1e23\OneDrive - University of Southampton\Documents\python-PIVTOOLs\env\Lib\site-packages\tornado\tcpclient.py", line 279, in connect
    af, addr, stream = await connector.start(connect_timeout=timeout)
                       ^^^^^^^^^^^^^^^^^^^^^^^^^^^^^^^^^^^^^^^^^^^^^^
asyncio.exceptions.CancelledError

The above exception was the direct cause of the following exception:

Traceback (most recent call last):
  File "c:\Users\mtt1e23\OneDrive - University of Southampton\Documents\python-PIVTOOLs\env\Lib\site-packages\distributed\core.py", line 1476, in connect
    async with asyncio.timeout(math.inf) as scope:
               ~~~~~~~~~~~~~~~^^^^^^^^^^
  File "C:\Python313\Lib\asyncio\timeouts.py", line 116, in __aexit__
    raise TimeoutError from exc_val
TimeoutError

During handling of the above exception, another exception occurred:

Traceback (most recent call last):
  File "c:\Users\mtt1e23\OneDrive - University of Southampton\Documents\python-PIVTOOLs\env\Lib\site-packages\distributed\worker.py", line 2073, in gather_dep
    response = await get_data_from_worker(
               ^^^^^^^^^^^^^^^^^^^^^^^^^^^
        rpc=self.rpc, keys=to_gather, worker=worker, who=self.address
        ^^^^^^^^^^^^^^^^^^^^^^^^^^^^^^^^^^^^^^^^^^^^^^^^^^^^^^^^^^^^^
    )
    ^
  File "c:\Users\mtt1e23\OneDrive - University of Southampton\Documents\python-PIVTOOLs\env\Lib\site-packages\distributed\worker.py", line 2876, in get_data_from_worker
    comm = await rpc.connect(worker)
           ^^^^^^^^^^^^^^^^^^^^^^^^^
  File "c:\Users\mtt1e23\OneDrive - University of Southampton\Documents\python-PIVTOOLs\env\Lib\site-packages\distributed\core.py", line 1497, in connect
    raise CommClosedError(reason)
distributed.comm.core.CommClosedError: Address removed.
2025-11-04 10:46:04,966 - distributed.worker - ERROR - Worker stream died during communication: tcp://127.0.0.1:65105
Traceback (most recent call last):
  File "c:\Users\mtt1e23\OneDrive - University of Southampton\Documents\python-PIVTOOLs\env\Lib\site-packages\distributed\core.py", line 1485, in connect
    return await self._connect(addr=addr, timeout=timeout)
           ^^^^^^^^^^^^^^^^^^^^^^^^^^^^^^^^^^^^^^^^^^^^^^^
  File "c:\Users\mtt1e23\OneDrive - University of Southampton\Documents\python-PIVTOOLs\env\Lib\site-packages\distributed\core.py", line 1429, in _connect
    comm = await connect(
           ^^^^^^^^^^^^^^
    ...<4 lines>...
    )
    ^
  File "c:\Users\mtt1e23\OneDrive - University of Southampton\Documents\python-PIVTOOLs\env\Lib\site-packages\distributed\comm\core.py", line 342, in connect
    comm = await wait_for(
           ^^^^^^^^^^^^^^^
    ...<2 lines>...
    )
    ^
  File "c:\Users\mtt1e23\OneDrive - University of Southampton\Documents\python-PIVTOOLs\env\Lib\site-packages\distributed\utils.py", line 1923, in wait_for
    return await fut
           ^^^^^^^^^
  File "c:\Users\mtt1e23\OneDrive - University of Southampton\Documents\python-PIVTOOLs\env\Lib\site-packages\distributed\comm\tcp.py", line 547, in connect
    stream = await self.client.connect(
             ^^^^^^^^^^^^^^^^^^^^^^^^^^
        ip, port, max_buffer_size=MAX_BUFFER_SIZE, **kwargs
        ^^^^^^^^^^^^^^^^^^^^^^^^^^^^^^^^^^^^^^^^^^^^^^^^^^^
    )
    ^
  File "c:\Users\mtt1e23\OneDrive - University of Southampton\Documents\python-PIVTOOLs\env\Lib\site-packages\tornado\tcpclient.py", line 279, in connect
    af, addr, stream = await connector.start(connect_timeout=timeout)
                       ^^^^^^^^^^^^^^^^^^^^^^^^^^^^^^^^^^^^^^^^^^^^^^
asyncio.exceptions.CancelledError

The above exception was the direct cause of the following exception:

Traceback (most recent call last):
  File "c:\Users\mtt1e23\OneDrive - University of Southampton\Documents\python-PIVTOOLs\env\Lib\site-packages\distributed\core.py", line 1476, in connect
    async with asyncio.timeout(math.inf) as scope:
               ~~~~~~~~~~~~~~~^^^^^^^^^^
  File "C:\Python313\Lib\asyncio\timeouts.py", line 116, in __aexit__
    raise TimeoutError from exc_val
TimeoutError

During handling of the above exception, another exception occurred:

Traceback (most recent call last):
  File "c:\Users\mtt1e23\OneDrive - University of Southampton\Documents\python-PIVTOOLs\env\Lib\site-packages\distributed\worker.py", line 2073, in gather_dep
    response = await get_data_from_worker(
               ^^^^^^^^^^^^^^^^^^^^^^^^^^^
        rpc=self.rpc, keys=to_gather, worker=worker, who=self.address
        ^^^^^^^^^^^^^^^^^^^^^^^^^^^^^^^^^^^^^^^^^^^^^^^^^^^^^^^^^^^^^
    )
    ^
  File "c:\Users\mtt1e23\OneDrive - University of Southampton\Documents\python-PIVTOOLs\env\Lib\site-packages\distributed\worker.py", line 2876, in get_data_from_worker
    comm = await rpc.connect(worker)
           ^^^^^^^^^^^^^^^^^^^^^^^^^
  File "c:\Users\mtt1e23\OneDrive - University of Southampton\Documents\python-PIVTOOLs\env\Lib\site-packages\distributed\core.py", line 1497, in connect
    raise CommClosedError(reason)
distributed.comm.core.CommClosedError: Address removed.
2025-11-04 10:46:05,644 - distributed.worker.memory - WARNING - Worker is at 86% memory usage. Pausing worker.  Process memory: 2.30 GiB -- Worker memory limit: 2.66 GiB
2025-11-04 10:46:05,847 - distributed.worker.memory - WARNING - Worker is at 53% memory usage. Resuming worker. Process memory: 1.44 GiB -- Worker memory limit: 2.66 GiB
2025-11-04 10:46:06,750 - distributed.worker.memory - WARNING - Worker is at 87% memory usage. Pausing worker.  Process memory: 2.33 GiB -- Worker memory limit: 2.66 GiB
2025-11-04 10:46:06,836 - distributed.nanny.memory - WARNING - Worker tcp://127.0.0.1:54692 (pid=34516) exceeded 95% memory budget. Restarting...
2025-11-04 10:46:06,869 - distributed.scheduler - WARNING - Removing worker 'tcp://127.0.0.1:54692' caused the cluster to lose already computed task(s), which will be recomputed elsewhere: {'getitem-rechunk-merge-finalize-hlgfinalizecompute-97a68dc9ab9c41a9b717d418a41d3f06'} (stimulus_id='handle-worker-cleanup-1762253166.86962')
2025-11-04 10:46:07,029 - distributed.nanny - WARNING - Restarting worker
2025-11-04 10:46:07,229 - distributed.nanny.memory - WARNING - Worker tcp://127.0.0.1:56816 (pid=34644) exceeded 95% memory budget. Restarting...
2025-11-04 10:46:07,233 - distributed.scheduler - ERROR - Task _piv_single_pass-a63d1713bdf1ccb7feaf42998d7aa77a marked as failed because 4 workers died while trying to run it
2025-11-04 10:46:07,234 - distributed.scheduler - ERROR - Task _piv_single_pass-75d6facfecd104957ab14e7b7be01b14 marked as failed because 4 workers died while trying to run it
2025-11-04 10:46:07,234 - distributed.scheduler - ERROR - Task _piv_single_pass-f9ca1e5b461e07daa83e1bf0c53215f5 marked as failed because 4 workers died while trying to run it
2025-11-04 10:46:07,234 - distributed.scheduler - WARNING - Removing worker 'tcp://127.0.0.1:56816' caused the cluster to lose already computed task(s), which will be recomputed elsewhere: {('stack-1fee21bec461f0f670da366072be43e2', 29, 0, 0, 0), ('stack-1fee21bec461f0f670da366072be43e2', 7, 0, 0, 0), ('stack-1fee21bec461f0f670da366072be43e2', 26, 0, 0, 0), ('stack-1fee21bec461f0f670da366072be43e2', 25, 0, 0, 0), ('stack-1fee21bec461f0f670da366072be43e2', 28, 0, 0, 0), ('stack-1fee21bec461f0f670da366072be43e2', 23, 0, 0, 0), ('stack-1fee21bec461f0f670da366072be43e2', 27, 0, 0, 0), ('stack-1fee21bec461f0f670da366072be43e2', 3, 0, 0, 0), ('stack-1fee21bec461f0f670da366072be43e2', 24, 0, 0, 0), ('stack-1fee21bec461f0f670da366072be43e2', 8, 0, 0, 0), ('stack-1fee21bec461f0f670da366072be43e2', 31, 0, 0, 0), ('stack-1fee21bec461f0f670da366072be43e2', 4, 0, 0, 0), ('stack-1fee21bec461f0f670da366072be43e2', 21, 0, 0, 0), ('stack-1fee21bec461f0f670da366072be43e2', 9, 0, 0, 0), ('stack-1fee21bec461f0f670da366072be43e2', 20, 0, 0, 0)} (stimulus_id='handle-worker-cleanup-1762253167.2337897')
2025-11-04 10:46:07,233 - distributed.worker - ERROR - failed during get data with tcp://127.0.0.1:65069 -> tcp://127.0.0.1:56816
Traceback (most recent call last):
  File "c:\Users\mtt1e23\OneDrive - University of Southampton\Documents\python-PIVTOOLs\env\Lib\site-packages\tornado\iostream.py", line 861, in _read_to_buffer
    bytes_read = self.read_from_fd(buf)
  File "c:\Users\mtt1e23\OneDrive - University of Southampton\Documents\python-PIVTOOLs\env\Lib\site-packages\tornado\iostream.py", line 1113, in read_from_fd
    return self.socket.recv_into(buf, len(buf))
           ~~~~~~~~~~~~~~~~~~~~~^^^^^^^^^^^^^^^
ConnectionResetError: [WinError 10054] An existing connection was forcibly closed by the remote host

The above exception was the direct cause of the following exception:

Traceback (most recent call last):
  File "c:\Users\mtt1e23\OneDrive - University of Southampton\Documents\python-PIVTOOLs\env\Lib\site-packages\distributed\worker.py", line 1795, in get_data
    response = await comm.read(deserializers=serializers)
               ^^^^^^^^^^^^^^^^^^^^^^^^^^^^^^^^^^^^^^^^^^
  File "c:\Users\mtt1e23\OneDrive - University of Southampton\Documents\python-PIVTOOLs\env\Lib\site-packages\distributed\comm\tcp.py", line 237, in read
    convert_stream_closed_error(self, e)
    ~~~~~~~~~~~~~~~~~~~~~~~~~~~^^^^^^^^^
  File "c:\Users\mtt1e23\OneDrive - University of Southampton\Documents\python-PIVTOOLs\env\Lib\site-packages\distributed\comm\tcp.py", line 143, in convert_stream_closed_error
    raise CommClosedError(f"in {obj}: {exc.__class__.__name__}: {exc}") from exc
distributed.comm.core.CommClosedError: in <TCP (closed)  local=tcp://127.0.0.1:65069 remote=tcp://127.0.0.1:53616>: ConnectionResetError: [WinError 10054] An existing connection was forcibly closed by the remote host
2025-11-04 10:46:07,233 - distributed.worker - ERROR - Worker stream died during communication: tcp://127.0.0.1:56816
Traceback (most recent call last):
  File "c:\Users\mtt1e23\OneDrive - University of Southampton\Documents\python-PIVTOOLs\env\Lib\site-packages\tornado\iostream.py", line 861, in _read_to_buffer
    bytes_read = self.read_from_fd(buf)
  File "c:\Users\mtt1e23\OneDrive - University of Southampton\Documents\python-PIVTOOLs\env\Lib\site-packages\tornado\iostream.py", line 1113, in read_from_fd
    return self.socket.recv_into(buf, len(buf))
           ~~~~~~~~~~~~~~~~~~~~~^^^^^^^^^^^^^^^
ConnectionResetError: [WinError 10054] An existing connection was forcibly closed by the remote host

The above exception was the direct cause of the following exception:

Traceback (most recent call last):
  File "c:\Users\mtt1e23\OneDrive - University of Southampton\Documents\python-PIVTOOLs\env\Lib\site-packages\distributed\worker.py", line 2073, in gather_dep
    response = await get_data_from_worker(
               ^^^^^^^^^^^^^^^^^^^^^^^^^^^
        rpc=self.rpc, keys=to_gather, worker=worker, who=self.address
        ^^^^^^^^^^^^^^^^^^^^^^^^^^^^^^^^^^^^^^^^^^^^^^^^^^^^^^^^^^^^^
    )
    ^
  File "c:\Users\mtt1e23\OneDrive - University of Southampton\Documents\python-PIVTOOLs\env\Lib\site-packages\distributed\worker.py", line 2879, in get_data_from_worker
    response = await send_recv(
               ^^^^^^^^^^^^^^^^
    ...<6 lines>...
    )
    ^
  File "c:\Users\mtt1e23\OneDrive - University of Southampton\Documents\python-PIVTOOLs\env\Lib\site-packages\distributed\core.py", line 1018, in send_recv
    response = await comm.read(deserializers=deserializers)
               ^^^^^^^^^^^^^^^^^^^^^^^^^^^^^^^^^^^^^^^^^^^^
  File "c:\Users\mtt1e23\OneDrive - University of Southampton\Documents\python-PIVTOOLs\env\Lib\site-packages\distributed\comm\tcp.py", line 237, in read
    convert_stream_closed_error(self, e)
    ~~~~~~~~~~~~~~~~~~~~~~~~~~~^^^^^^^^^
  File "c:\Users\mtt1e23\OneDrive - University of Southampton\Documents\python-PIVTOOLs\env\Lib\site-packages\distributed\comm\tcp.py", line 143, in convert_stream_closed_error
    raise CommClosedError(f"in {obj}: {exc.__class__.__name__}: {exc}") from exc
distributed.comm.core.CommClosedError: in <TCP (closed) Ephemeral Worker->Worker for gather local=tcp://127.0.0.1:54763 remote=tcp://127.0.0.1:56816>: ConnectionResetError: [WinError 10054] An existing connection was forcibly closed by the remote host
2025-11-04 10:46:07,233 - distributed.worker - ERROR - Worker stream died during communication: tcp://127.0.0.1:56816
Traceback (most recent call last):
  File "c:\Users\mtt1e23\OneDrive - University of Southampton\Documents\python-PIVTOOLs\env\Lib\site-packages\tornado\iostream.py", line 861, in _read_to_buffer
    bytes_read = self.read_from_fd(buf)
  File "c:\Users\mtt1e23\OneDrive - University of Southampton\Documents\python-PIVTOOLs\env\Lib\site-packages\tornado\iostream.py", line 1113, in read_from_fd
    return self.socket.recv_into(buf, len(buf))
           ~~~~~~~~~~~~~~~~~~~~~^^^^^^^^^^^^^^^
ConnectionResetError: [WinError 10054] An existing connection was forcibly closed by the remote host

The above exception was the direct cause of the following exception:

Traceback (most recent call last):
  File "c:\Users\mtt1e23\OneDrive - University of Southampton\Documents\python-PIVTOOLs\env\Lib\site-packages\distributed\worker.py", line 2073, in gather_dep
    response = await get_data_from_worker(
               ^^^^^^^^^^^^^^^^^^^^^^^^^^^
        rpc=self.rpc, keys=to_gather, worker=worker, who=self.address
        ^^^^^^^^^^^^^^^^^^^^^^^^^^^^^^^^^^^^^^^^^^^^^^^^^^^^^^^^^^^^^
    )
    ^
  File "c:\Users\mtt1e23\OneDrive - University of Southampton\Documents\python-PIVTOOLs\env\Lib\site-packages\distributed\worker.py", line 2879, in get_data_from_worker
    response = await send_recv(
               ^^^^^^^^^^^^^^^^
    ...<6 lines>...
    )
    ^
  File "c:\Users\mtt1e23\OneDrive - University of Southampton\Documents\python-PIVTOOLs\env\Lib\site-packages\distributed\core.py", line 1018, in send_recv
    response = await comm.read(deserializers=deserializers)
               ^^^^^^^^^^^^^^^^^^^^^^^^^^^^^^^^^^^^^^^^^^^^
  File "c:\Users\mtt1e23\OneDrive - University of Southampton\Documents\python-PIVTOOLs\env\Lib\site-packages\distributed\comm\tcp.py", line 237, in read
    convert_stream_closed_error(self, e)
    ~~~~~~~~~~~~~~~~~~~~~~~~~~~^^^^^^^^^
  File "c:\Users\mtt1e23\OneDrive - University of Southampton\Documents\python-PIVTOOLs\env\Lib\site-packages\distributed\comm\tcp.py", line 143, in convert_stream_closed_error
    raise CommClosedError(f"in {obj}: {exc.__class__.__name__}: {exc}") from exc
distributed.comm.core.CommClosedError: in <TCP (closed) Ephemeral Worker->Worker for gather local=tcp://127.0.0.1:51974 remote=tcp://127.0.0.1:56816>: ConnectionResetError: [WinError 10054] An existing connection was forcibly closed by the remote host
2025-11-04 10:46:07,728 - distributed.nanny - WARNING - Restarting worker
2025-11-04 10:46:09,859 [INFO] Logging initialized. Level: INFO, File: pypiv.log
2025-11-04 10:46:10,236 [INFO] Logging initialized. Level: INFO, File: pypiv.log
2025-11-04 10:46:10,248 - distributed.nanny.memory - WARNING - Worker tcp://127.0.0.1:62707 (pid=11892) exceeded 95% memory budget. Restarting...
2025-11-04 10:46:10,290 - distributed.scheduler - ERROR - Task _piv_single_pass-b8dd2540ee5086a8ccb616ec950f63e1 marked as failed because 4 workers died while trying to run it
2025-11-04 10:46:10,290 - distributed.scheduler - WARNING - Removing worker 'tcp://127.0.0.1:62707' caused the cluster to lose already computed task(s), which will be recomputed elsewhere: {('stack-1fee21bec461f0f670da366072be43e2', 22, 0, 0, 0), ('stack-1fee21bec461f0f670da366072be43e2', 5, 0, 0, 0), ('stack-1fee21bec461f0f670da366072be43e2', 11, 0, 0, 0)} (stimulus_id='handle-worker-cleanup-1762253170.2901783')
2025-11-04 10:46:10,576 - distributed.nanny - WARNING - Restarting worker
2025-11-04 10:46:12,596 [INFO] Logging initialized. Level: INFO, File: pypiv.log
2025-11-04 10:46:16,002 - distributed.nanny.memory - WARNING - Worker tcp://127.0.0.1:65095 (pid=29456) exceeded 95% memory budget. Restarting...
2025-11-04 10:46:16,057 - distributed.scheduler - ERROR - Task _piv_single_pass-77b8fbaae496da4523174282f4303a68 marked as failed because 4 workers died while trying to run it
2025-11-04 10:46:16,057 - distributed.scheduler - ERROR - Task _piv_single_pass-64d2880c503535dbe7e7d4e521686e0e marked as failed because 4 workers died while trying to run it
2025-11-04 10:46:16,078 - distributed.nanny.memory - WARNING - Worker tcp://127.0.0.1:65096 (pid=33144) exceeded 95% memory budget. Restarting...
2025-11-04 10:46:16,287 - distributed.nanny.memory - WARNING - Worker tcp://127.0.0.1:65096 (pid=33144) is slow to terminate; trying again
2025-11-04 10:46:16,306 - distributed.nanny - WARNING - Restarting worker
2025-11-04 10:46:16,309 - distributed.worker - ERROR - Worker stream died during communication: tcp://127.0.0.1:65096
Traceback (most recent call last):
  File "c:\Users\mtt1e23\OneDrive - University of Southampton\Documents\python-PIVTOOLs\env\Lib\site-packages\tornado\iostream.py", line 861, in _read_to_buffer
    bytes_read = self.read_from_fd(buf)
  File "c:\Users\mtt1e23\OneDrive - University of Southampton\Documents\python-PIVTOOLs\env\Lib\site-packages\tornado\iostream.py", line 1113, in read_from_fd
    return self.socket.recv_into(buf, len(buf))
           ~~~~~~~~~~~~~~~~~~~~~^^^^^^^^^^^^^^^
ConnectionResetError: [WinError 10054] An existing connection was forcibly closed by the remote host

The above exception was the direct cause of the following exception:

Traceback (most recent call last):
  File "c:\Users\mtt1e23\OneDrive - University of Southampton\Documents\python-PIVTOOLs\env\Lib\site-packages\distributed\worker.py", line 2073, in gather_dep
    response = await get_data_from_worker(
               ^^^^^^^^^^^^^^^^^^^^^^^^^^^
        rpc=self.rpc, keys=to_gather, worker=worker, who=self.address
        ^^^^^^^^^^^^^^^^^^^^^^^^^^^^^^^^^^^^^^^^^^^^^^^^^^^^^^^^^^^^^
    )
    ^
  File "c:\Users\mtt1e23\OneDrive - University of Southampton\Documents\python-PIVTOOLs\env\Lib\site-packages\distributed\worker.py", line 2876, in get_data_from_worker
    comm = await rpc.connect(worker)
           ^^^^^^^^^^^^^^^^^^^^^^^^^
  File "c:\Users\mtt1e23\OneDrive - University of Southampton\Documents\python-PIVTOOLs\env\Lib\site-packages\distributed\core.py", line 1485, in connect
    return await self._connect(addr=addr, timeout=timeout)
           ^^^^^^^^^^^^^^^^^^^^^^^^^^^^^^^^^^^^^^^^^^^^^^^
  File "c:\Users\mtt1e23\OneDrive - University of Southampton\Documents\python-PIVTOOLs\env\Lib\site-packages\distributed\core.py", line 1429, in _connect
    comm = await connect(
           ^^^^^^^^^^^^^^
    ...<4 lines>...
    )
    ^
  File "c:\Users\mtt1e23\OneDrive - University of Southampton\Documents\python-PIVTOOLs\env\Lib\site-packages\distributed\comm\core.py", line 377, in connect
    handshake = await comm.read()
                ^^^^^^^^^^^^^^^^^
  File "c:\Users\mtt1e23\OneDrive - University of Southampton\Documents\python-PIVTOOLs\env\Lib\site-packages\distributed\comm\tcp.py", line 237, in read
    convert_stream_closed_error(self, e)
    ~~~~~~~~~~~~~~~~~~~~~~~~~~~^^^^^^^^^
  File "c:\Users\mtt1e23\OneDrive - University of Southampton\Documents\python-PIVTOOLs\env\Lib\site-packages\distributed\comm\tcp.py", line 143, in convert_stream_closed_error
    raise CommClosedError(f"in {obj}: {exc.__class__.__name__}: {exc}") from exc
distributed.comm.core.CommClosedError: in <TCP (closed)  local=tcp://127.0.0.1:52461 remote=tcp://127.0.0.1:65096>: ConnectionResetError: [WinError 10054] An existing connection was forcibly closed by the remote host
2025-11-04 10:46:16,315 - distributed.scheduler - ERROR - Task _piv_single_pass-615901ae45ede0218867ea08bb81233a marked as failed because 4 workers died while trying to run it
2025-11-04 10:46:16,315 - distributed.scheduler - ERROR - Task _piv_single_pass-1302655f674303a5b32d6ee7b70bb819 marked as failed because 4 workers died while trying to run it
2025-11-04 10:46:16,315 - distributed.scheduler - ERROR - Task _piv_single_pass-3e432c5ee087262daa8eb52c2a303418 marked as failed because 4 workers died while trying to run it
2025-11-04 10:46:16,315 - distributed.scheduler - WARNING - Removing worker 'tcp://127.0.0.1:65096' caused the cluster to lose already computed task(s), which will be recomputed elsewhere: {('stack-1fee21bec461f0f670da366072be43e2', 42, 0, 0, 0), ('stack-1fee21bec461f0f670da366072be43e2', 46, 0, 0, 0), ('stack-1fee21bec461f0f670da366072be43e2', 41, 0, 0, 0), ('stack-1fee21bec461f0f670da366072be43e2', 44, 0, 0, 0), ('stack-1fee21bec461f0f670da366072be43e2', 1, 0, 0, 0), ('stack-1fee21bec461f0f670da366072be43e2', 40, 0, 0, 0), ('stack-1fee21bec461f0f670da366072be43e2', 45, 0, 0, 0), ('stack-1fee21bec461f0f670da366072be43e2', 49, 0, 0, 0), ('stack-1fee21bec461f0f670da366072be43e2', 48, 0, 0, 0), ('stack-1fee21bec461f0f670da366072be43e2', 47, 0, 0, 0)} (stimulus_id='handle-worker-cleanup-1762253176.3149686')
2025-11-04 10:46:16,722 - distributed.nanny - WARNING - Restarting worker
2025-11-04 10:46:17,568 - distributed.nanny.memory - WARNING - Worker tcp://127.0.0.1:62710 (pid=20160) exceeded 95% memory budget. Restarting...
2025-11-04 10:46:17,585 - distributed.worker - ERROR - Worker stream died during communication: tcp://127.0.0.1:62710
Traceback (most recent call last):
  File "c:\Users\mtt1e23\OneDrive - University of Southampton\Documents\python-PIVTOOLs\env\Lib\site-packages\tornado\iostream.py", line 861, in _read_to_buffer
    bytes_read = self.read_from_fd(buf)
  File "c:\Users\mtt1e23\OneDrive - University of Southampton\Documents\python-PIVTOOLs\env\Lib\site-packages\tornado\iostream.py", line 1113, in read_from_fd
    return self.socket.recv_into(buf, len(buf))
           ~~~~~~~~~~~~~~~~~~~~~^^^^^^^^^^^^^^^
ConnectionResetError: [WinError 10054] An existing connection was forcibly closed by the remote host

The above exception was the direct cause of the following exception:

Traceback (most recent call last):
  File "c:\Users\mtt1e23\OneDrive - University of Southampton\Documents\python-PIVTOOLs\env\Lib\site-packages\distributed\worker.py", line 2073, in gather_dep
    response = await get_data_from_worker(
               ^^^^^^^^^^^^^^^^^^^^^^^^^^^
        rpc=self.rpc, keys=to_gather, worker=worker, who=self.address
        ^^^^^^^^^^^^^^^^^^^^^^^^^^^^^^^^^^^^^^^^^^^^^^^^^^^^^^^^^^^^^
    )
    ^
  File "c:\Users\mtt1e23\OneDrive - University of Southampton\Documents\python-PIVTOOLs\env\Lib\site-packages\distributed\worker.py", line 2879, in get_data_from_worker
    response = await send_recv(
               ^^^^^^^^^^^^^^^^
    ...<6 lines>...
    )
    ^
  File "c:\Users\mtt1e23\OneDrive - University of Southampton\Documents\python-PIVTOOLs\env\Lib\site-packages\distributed\core.py", line 1018, in send_recv
    response = await comm.read(deserializers=deserializers)
               ^^^^^^^^^^^^^^^^^^^^^^^^^^^^^^^^^^^^^^^^^^^^
  File "c:\Users\mtt1e23\OneDrive - University of Southampton\Documents\python-PIVTOOLs\env\Lib\site-packages\distributed\comm\tcp.py", line 237, in read
    convert_stream_closed_error(self, e)
    ~~~~~~~~~~~~~~~~~~~~~~~~~~~^^^^^^^^^
  File "c:\Users\mtt1e23\OneDrive - University of Southampton\Documents\python-PIVTOOLs\env\Lib\site-packages\distributed\comm\tcp.py", line 143, in convert_stream_closed_error
    raise CommClosedError(f"in {obj}: {exc.__class__.__name__}: {exc}") from exc
distributed.comm.core.CommClosedError: in <TCP (closed) Ephemeral Worker->Worker for gather local=tcp://127.0.0.1:53976 remote=tcp://127.0.0.1:62710>: ConnectionResetError: [WinError 10054] An existing connection was forcibly closed by the remote host
2025-11-04 10:46:17,587 - distributed.worker - ERROR - Worker stream died during communication: tcp://127.0.0.1:62710
Traceback (most recent call last):
  File "c:\Users\mtt1e23\OneDrive - University of Southampton\Documents\python-PIVTOOLs\env\Lib\site-packages\tornado\iostream.py", line 861, in _read_to_buffer
    bytes_read = self.read_from_fd(buf)
  File "c:\Users\mtt1e23\OneDrive - University of Southampton\Documents\python-PIVTOOLs\env\Lib\site-packages\tornado\iostream.py", line 1113, in read_from_fd
    return self.socket.recv_into(buf, len(buf))
           ~~~~~~~~~~~~~~~~~~~~~^^^^^^^^^^^^^^^
ConnectionResetError: [WinError 10054] An existing connection was forcibly closed by the remote host

The above exception was the direct cause of the following exception:

Traceback (most recent call last):
  File "c:\Users\mtt1e23\OneDrive - University of Southampton\Documents\python-PIVTOOLs\env\Lib\site-packages\distributed\worker.py", line 2073, in gather_dep
    response = await get_data_from_worker(
               ^^^^^^^^^^^^^^^^^^^^^^^^^^^
        rpc=self.rpc, keys=to_gather, worker=worker, who=self.address
        ^^^^^^^^^^^^^^^^^^^^^^^^^^^^^^^^^^^^^^^^^^^^^^^^^^^^^^^^^^^^^
    )
    ^
  File "c:\Users\mtt1e23\OneDrive - University of Southampton\Documents\python-PIVTOOLs\env\Lib\site-packages\distributed\worker.py", line 2879, in get_data_from_worker
    response = await send_recv(
               ^^^^^^^^^^^^^^^^
    ...<6 lines>...
    )
    ^
  File "c:\Users\mtt1e23\OneDrive - University of Southampton\Documents\python-PIVTOOLs\env\Lib\site-packages\distributed\core.py", line 1018, in send_recv
    response = await comm.read(deserializers=deserializers)
               ^^^^^^^^^^^^^^^^^^^^^^^^^^^^^^^^^^^^^^^^^^^^
  File "c:\Users\mtt1e23\OneDrive - University of Southampton\Documents\python-PIVTOOLs\env\Lib\site-packages\distributed\comm\tcp.py", line 237, in read
    convert_stream_closed_error(self, e)
    ~~~~~~~~~~~~~~~~~~~~~~~~~~~^^^^^^^^^
  File "c:\Users\mtt1e23\OneDrive - University of Southampton\Documents\python-PIVTOOLs\env\Lib\site-packages\distributed\comm\tcp.py", line 143, in convert_stream_closed_error
    raise CommClosedError(f"in {obj}: {exc.__class__.__name__}: {exc}") from exc
distributed.comm.core.CommClosedError: in <TCP (closed) Ephemeral Worker->Worker for gather local=tcp://127.0.0.1:52450 remote=tcp://127.0.0.1:62710>: ConnectionResetError: [WinError 10054] An existing connection was forcibly closed by the remote host
2025-11-04 10:46:17,980 - distributed.nanny - WARNING - Restarting worker
2025-11-04 10:46:18,129 - distributed.worker.memory - WARNING - Worker is at 80% memory usage. Pausing worker.  Process memory: 2.14 GiB -- Worker memory limit: 2.66 GiB
2025-11-04 10:46:18,307 - distributed.worker.memory - WARNING - Worker is at 81% memory usage. Pausing worker.  Process memory: 2.17 GiB -- Worker memory limit: 2.66 GiB
2025-11-04 10:46:18,407 - distributed.nanny.memory - WARNING - Worker tcp://127.0.0.1:62698 (pid=28124) exceeded 95% memory budget. Restarting...
2025-11-04 10:46:18,469 - distributed.worker.memory - WARNING - Worker is at 53% memory usage. Resuming worker. Process memory: 1.43 GiB -- Worker memory limit: 2.66 GiB
2025-11-04 10:46:18,682 - distributed.nanny - WARNING - Restarting worker
2025-11-04 10:46:18,992 - distributed.nanny.memory - WARNING - Worker tcp://127.0.0.1:65124 (pid=6336) exceeded 95% memory budget. Restarting...
2025-11-04 10:46:19,029 - distributed.worker - ERROR - Worker stream died during communication: tcp://127.0.0.1:65124
Traceback (most recent call last):
  File "c:\Users\mtt1e23\OneDrive - University of Southampton\Documents\python-PIVTOOLs\env\Lib\site-packages\tornado\iostream.py", line 861, in _read_to_buffer
    bytes_read = self.read_from_fd(buf)
  File "c:\Users\mtt1e23\OneDrive - University of Southampton\Documents\python-PIVTOOLs\env\Lib\site-packages\tornado\iostream.py", line 1113, in read_from_fd
    return self.socket.recv_into(buf, len(buf))
           ~~~~~~~~~~~~~~~~~~~~~^^^^^^^^^^^^^^^
ConnectionResetError: [WinError 10054] An existing connection was forcibly closed by the remote host

The above exception was the direct cause of the following exception:

Traceback (most recent call last):
  File "c:\Users\mtt1e23\OneDrive - University of Southampton\Documents\python-PIVTOOLs\env\Lib\site-packages\distributed\worker.py", line 2073, in gather_dep
    response = await get_data_from_worker(
               ^^^^^^^^^^^^^^^^^^^^^^^^^^^
        rpc=self.rpc, keys=to_gather, worker=worker, who=self.address
        ^^^^^^^^^^^^^^^^^^^^^^^^^^^^^^^^^^^^^^^^^^^^^^^^^^^^^^^^^^^^^
    )
    ^
  File "c:\Users\mtt1e23\OneDrive - University of Southampton\Documents\python-PIVTOOLs\env\Lib\site-packages\distributed\worker.py", line 2879, in get_data_from_worker
    response = await send_recv(
               ^^^^^^^^^^^^^^^^
    ...<6 lines>...
    )
    ^
  File "c:\Users\mtt1e23\OneDrive - University of Southampton\Documents\python-PIVTOOLs\env\Lib\site-packages\distributed\core.py", line 1018, in send_recv
    response = await comm.read(deserializers=deserializers)
               ^^^^^^^^^^^^^^^^^^^^^^^^^^^^^^^^^^^^^^^^^^^^
  File "c:\Users\mtt1e23\OneDrive - University of Southampton\Documents\python-PIVTOOLs\env\Lib\site-packages\distributed\comm\tcp.py", line 237, in read
    convert_stream_closed_error(self, e)
    ~~~~~~~~~~~~~~~~~~~~~~~~~~~^^^^^^^^^
  File "c:\Users\mtt1e23\OneDrive - University of Southampton\Documents\python-PIVTOOLs\env\Lib\site-packages\distributed\comm\tcp.py", line 143, in convert_stream_closed_error
    raise CommClosedError(f"in {obj}: {exc.__class__.__name__}: {exc}") from exc
distributed.comm.core.CommClosedError: in <TCP (closed) Ephemeral Worker->Worker for gather local=tcp://127.0.0.1:60871 remote=tcp://127.0.0.1:65124>: ConnectionResetError: [WinError 10054] An existing connection was forcibly closed by the remote host
2025-11-04 10:46:19,030 - distributed.worker - ERROR - Worker stream died during communication: tcp://127.0.0.1:65124
Traceback (most recent call last):
  File "c:\Users\mtt1e23\OneDrive - University of Southampton\Documents\python-PIVTOOLs\env\Lib\site-packages\tornado\iostream.py", line 861, in _read_to_buffer
    bytes_read = self.read_from_fd(buf)
  File "c:\Users\mtt1e23\OneDrive - University of Southampton\Documents\python-PIVTOOLs\env\Lib\site-packages\tornado\iostream.py", line 1113, in read_from_fd
    return self.socket.recv_into(buf, len(buf))
           ~~~~~~~~~~~~~~~~~~~~~^^^^^^^^^^^^^^^
ConnectionResetError: [WinError 10054] An existing connection was forcibly closed by the remote host

The above exception was the direct cause of the following exception:

Traceback (most recent call last):
  File "c:\Users\mtt1e23\OneDrive - University of Southampton\Documents\python-PIVTOOLs\env\Lib\site-packages\distributed\worker.py", line 2073, in gather_dep
    response = await get_data_from_worker(
               ^^^^^^^^^^^^^^^^^^^^^^^^^^^
        rpc=self.rpc, keys=to_gather, worker=worker, who=self.address
        ^^^^^^^^^^^^^^^^^^^^^^^^^^^^^^^^^^^^^^^^^^^^^^^^^^^^^^^^^^^^^
    )
    ^
  File "c:\Users\mtt1e23\OneDrive - University of Southampton\Documents\python-PIVTOOLs\env\Lib\site-packages\distributed\worker.py", line 2879, in get_data_from_worker
    response = await send_recv(
               ^^^^^^^^^^^^^^^^
    ...<6 lines>...
    )
    ^
  File "c:\Users\mtt1e23\OneDrive - University of Southampton\Documents\python-PIVTOOLs\env\Lib\site-packages\distributed\core.py", line 1018, in send_recv
    response = await comm.read(deserializers=deserializers)
               ^^^^^^^^^^^^^^^^^^^^^^^^^^^^^^^^^^^^^^^^^^^^
  File "c:\Users\mtt1e23\OneDrive - University of Southampton\Documents\python-PIVTOOLs\env\Lib\site-packages\distributed\comm\tcp.py", line 237, in read
    convert_stream_closed_error(self, e)
    ~~~~~~~~~~~~~~~~~~~~~~~~~~~^^^^^^^^^
  File "c:\Users\mtt1e23\OneDrive - University of Southampton\Documents\python-PIVTOOLs\env\Lib\site-packages\distributed\comm\tcp.py", line 143, in convert_stream_closed_error
    raise CommClosedError(f"in {obj}: {exc.__class__.__name__}: {exc}") from exc
distributed.comm.core.CommClosedError: in <TCP (closed) Ephemeral Worker->Worker for gather local=tcp://127.0.0.1:52446 remote=tcp://127.0.0.1:65124>: ConnectionResetError: [WinError 10054] An existing connection was forcibly closed by the remote host
2025-11-04 10:46:19,029 - distributed.worker - ERROR - Worker stream died during communication: tcp://127.0.0.1:65124
Traceback (most recent call last):
  File "c:\Users\mtt1e23\OneDrive - University of Southampton\Documents\python-PIVTOOLs\env\Lib\site-packages\tornado\iostream.py", line 861, in _read_to_buffer
    bytes_read = self.read_from_fd(buf)
  File "c:\Users\mtt1e23\OneDrive - University of Southampton\Documents\python-PIVTOOLs\env\Lib\site-packages\tornado\iostream.py", line 1113, in read_from_fd
    return self.socket.recv_into(buf, len(buf))
           ~~~~~~~~~~~~~~~~~~~~~^^^^^^^^^^^^^^^
ConnectionResetError: [WinError 10054] An existing connection was forcibly closed by the remote host

The above exception was the direct cause of the following exception:

Traceback (most recent call last):
  File "c:\Users\mtt1e23\OneDrive - University of Southampton\Documents\python-PIVTOOLs\env\Lib\site-packages\distributed\worker.py", line 2073, in gather_dep
    response = await get_data_from_worker(
               ^^^^^^^^^^^^^^^^^^^^^^^^^^^
        rpc=self.rpc, keys=to_gather, worker=worker, who=self.address
        ^^^^^^^^^^^^^^^^^^^^^^^^^^^^^^^^^^^^^^^^^^^^^^^^^^^^^^^^^^^^^
    )
    ^
  File "c:\Users\mtt1e23\OneDrive - University of Southampton\Documents\python-PIVTOOLs\env\Lib\site-packages\distributed\worker.py", line 2879, in get_data_from_worker
    response = await send_recv(
               ^^^^^^^^^^^^^^^^
    ...<6 lines>...
    )
    ^
  File "c:\Users\mtt1e23\OneDrive - University of Southampton\Documents\python-PIVTOOLs\env\Lib\site-packages\distributed\core.py", line 1018, in send_recv
    response = await comm.read(deserializers=deserializers)
               ^^^^^^^^^^^^^^^^^^^^^^^^^^^^^^^^^^^^^^^^^^^^
  File "c:\Users\mtt1e23\OneDrive - University of Southampton\Documents\python-PIVTOOLs\env\Lib\site-packages\distributed\comm\tcp.py", line 237, in read
    convert_stream_closed_error(self, e)
    ~~~~~~~~~~~~~~~~~~~~~~~~~~~^^^^^^^^^
  File "c:\Users\mtt1e23\OneDrive - University of Southampton\Documents\python-PIVTOOLs\env\Lib\site-packages\distributed\comm\tcp.py", line 143, in convert_stream_closed_error
    raise CommClosedError(f"in {obj}: {exc.__class__.__name__}: {exc}") from exc
distributed.comm.core.CommClosedError: in <TCP (closed) Ephemeral Worker->Worker for gather local=tcp://127.0.0.1:52475 remote=tcp://127.0.0.1:65124>: ConnectionResetError: [WinError 10054] An existing connection was forcibly closed by the remote host
2025-11-04 10:46:19,057 - distributed.scheduler - ERROR - Task _piv_single_pass-c109b9032fb8c2a89abf57ac7f5c4e29 marked as failed because 4 workers died while trying to run it
2025-11-04 10:46:19,057 - distributed.scheduler - ERROR - Task _piv_single_pass-3d20971055dc1a9b670ed01267afd251 marked as failed because 4 workers died while trying to run it
2025-11-04 10:46:19,057 - distributed.scheduler - ERROR - Task _piv_single_pass-6fb149f06ba9c9c333cdd93d17bfe6bf marked as failed because 4 workers died while trying to run it
2025-11-04 10:46:19,057 - distributed.scheduler - ERROR - Task _piv_single_pass-c7372841c001c193ea311d382a2469d2 marked as failed because 4 workers died while trying to run it
2025-11-04 10:46:19,156 - distributed.worker.memory - WARNING - Worker is at 90% memory usage. Pausing worker.  Process memory: 2.40 GiB -- Worker memory limit: 2.66 GiB
2025-11-04 10:46:19,271 - distributed.nanny.memory - WARNING - Worker tcp://127.0.0.1:57244 (pid=9220) exceeded 95% memory budget. Restarting...
2025-11-04 10:46:19,292 - distributed.nanny - WARNING - Restarting worker
2025-11-04 10:46:19,302 - distributed.nanny.memory - WARNING - Worker tcp://127.0.0.1:57244 (pid=9220) is slow to terminate; trying again
2025-11-04 10:46:19,398 - distributed.worker - ERROR - Worker stream died during communication: tcp://127.0.0.1:57244
Traceback (most recent call last):
  File "c:\Users\mtt1e23\OneDrive - University of Southampton\Documents\python-PIVTOOLs\env\Lib\site-packages\tornado\iostream.py", line 861, in _read_to_buffer
    bytes_read = self.read_from_fd(buf)
  File "c:\Users\mtt1e23\OneDrive - University of Southampton\Documents\python-PIVTOOLs\env\Lib\site-packages\tornado\iostream.py", line 1113, in read_from_fd
    return self.socket.recv_into(buf, len(buf))
           ~~~~~~~~~~~~~~~~~~~~~^^^^^^^^^^^^^^^
ConnectionResetError: [WinError 10054] An existing connection was forcibly closed by the remote host

The above exception was the direct cause of the following exception:

Traceback (most recent call last):
  File "c:\Users\mtt1e23\OneDrive - University of Southampton\Documents\python-PIVTOOLs\env\Lib\site-packages\distributed\worker.py", line 2073, in gather_dep
    response = await get_data_from_worker(
               ^^^^^^^^^^^^^^^^^^^^^^^^^^^
        rpc=self.rpc, keys=to_gather, worker=worker, who=self.address
        ^^^^^^^^^^^^^^^^^^^^^^^^^^^^^^^^^^^^^^^^^^^^^^^^^^^^^^^^^^^^^
    )
    ^
  File "c:\Users\mtt1e23\OneDrive - University of Southampton\Documents\python-PIVTOOLs\env\Lib\site-packages\distributed\worker.py", line 2879, in get_data_from_worker
    response = await send_recv(
               ^^^^^^^^^^^^^^^^
    ...<6 lines>...
    )
    ^
  File "c:\Users\mtt1e23\OneDrive - University of Southampton\Documents\python-PIVTOOLs\env\Lib\site-packages\distributed\core.py", line 1018, in send_recv
    response = await comm.read(deserializers=deserializers)
               ^^^^^^^^^^^^^^^^^^^^^^^^^^^^^^^^^^^^^^^^^^^^
  File "c:\Users\mtt1e23\OneDrive - University of Southampton\Documents\python-PIVTOOLs\env\Lib\site-packages\distributed\comm\tcp.py", line 237, in read
    convert_stream_closed_error(self, e)
    ~~~~~~~~~~~~~~~~~~~~~~~~~~~^^^^^^^^^
  File "c:\Users\mtt1e23\OneDrive - University of Southampton\Documents\python-PIVTOOLs\env\Lib\site-packages\distributed\comm\tcp.py", line 143, in convert_stream_closed_error
    raise CommClosedError(f"in {obj}: {exc.__class__.__name__}: {exc}") from exc
distributed.comm.core.CommClosedError: in <TCP (closed) Ephemeral Worker->Worker for gather local=tcp://127.0.0.1:55625 remote=tcp://127.0.0.1:57244>: ConnectionResetError: [WinError 10054] An existing connection was forcibly closed by the remote host
2025-11-04 10:46:19,398 - distributed.worker - ERROR - Worker stream died during communication: tcp://127.0.0.1:57244
Traceback (most recent call last):
  File "c:\Users\mtt1e23\OneDrive - University of Southampton\Documents\python-PIVTOOLs\env\Lib\site-packages\tornado\iostream.py", line 861, in _read_to_buffer
    bytes_read = self.read_from_fd(buf)
  File "c:\Users\mtt1e23\OneDrive - University of Southampton\Documents\python-PIVTOOLs\env\Lib\site-packages\tornado\iostream.py", line 1113, in read_from_fd
    return self.socket.recv_into(buf, len(buf))
           ~~~~~~~~~~~~~~~~~~~~~^^^^^^^^^^^^^^^
ConnectionResetError: [WinError 10054] An existing connection was forcibly closed by the remote host

The above exception was the direct cause of the following exception:

Traceback (most recent call last):
  File "c:\Users\mtt1e23\OneDrive - University of Southampton\Documents\python-PIVTOOLs\env\Lib\site-packages\distributed\worker.py", line 2073, in gather_dep
    response = await get_data_from_worker(
               ^^^^^^^^^^^^^^^^^^^^^^^^^^^
        rpc=self.rpc, keys=to_gather, worker=worker, who=self.address
        ^^^^^^^^^^^^^^^^^^^^^^^^^^^^^^^^^^^^^^^^^^^^^^^^^^^^^^^^^^^^^
    )
    ^
  File "c:\Users\mtt1e23\OneDrive - University of Southampton\Documents\python-PIVTOOLs\env\Lib\site-packages\distributed\worker.py", line 2879, in get_data_from_worker
    response = await send_recv(
               ^^^^^^^^^^^^^^^^
    ...<6 lines>...
    )
    ^
  File "c:\Users\mtt1e23\OneDrive - University of Southampton\Documents\python-PIVTOOLs\env\Lib\site-packages\distributed\core.py", line 1018, in send_recv
    response = await comm.read(deserializers=deserializers)
               ^^^^^^^^^^^^^^^^^^^^^^^^^^^^^^^^^^^^^^^^^^^^
  File "c:\Users\mtt1e23\OneDrive - University of Southampton\Documents\python-PIVTOOLs\env\Lib\site-packages\distributed\comm\tcp.py", line 237, in read
    convert_stream_closed_error(self, e)
    ~~~~~~~~~~~~~~~~~~~~~~~~~~~^^^^^^^^^
  File "c:\Users\mtt1e23\OneDrive - University of Southampton\Documents\python-PIVTOOLs\env\Lib\site-packages\distributed\comm\tcp.py", line 143, in convert_stream_closed_error
    raise CommClosedError(f"in {obj}: {exc.__class__.__name__}: {exc}") from exc
distributed.comm.core.CommClosedError: in <TCP (closed) Ephemeral Worker->Worker for gather local=tcp://127.0.0.1:55624 remote=tcp://127.0.0.1:57244>: ConnectionResetError: [WinError 10054] An existing connection was forcibly closed by the remote host
2025-11-04 10:46:19,398 - distributed.worker - ERROR - Worker stream died during communication: tcp://127.0.0.1:57244
Traceback (most recent call last):
  File "c:\Users\mtt1e23\OneDrive - University of Southampton\Documents\python-PIVTOOLs\env\Lib\site-packages\tornado\iostream.py", line 861, in _read_to_buffer
    bytes_read = self.read_from_fd(buf)
  File "c:\Users\mtt1e23\OneDrive - University of Southampton\Documents\python-PIVTOOLs\env\Lib\site-packages\tornado\iostream.py", line 1113, in read_from_fd
    return self.socket.recv_into(buf, len(buf))
           ~~~~~~~~~~~~~~~~~~~~~^^^^^^^^^^^^^^^
ConnectionResetError: [WinError 10054] An existing connection was forcibly closed by the remote host

The above exception was the direct cause of the following exception:

Traceback (most recent call last):
  File "c:\Users\mtt1e23\OneDrive - University of Southampton\Documents\python-PIVTOOLs\env\Lib\site-packages\distributed\worker.py", line 2073, in gather_dep
    response = await get_data_from_worker(
               ^^^^^^^^^^^^^^^^^^^^^^^^^^^
        rpc=self.rpc, keys=to_gather, worker=worker, who=self.address
        ^^^^^^^^^^^^^^^^^^^^^^^^^^^^^^^^^^^^^^^^^^^^^^^^^^^^^^^^^^^^^
    )
    ^
  File "c:\Users\mtt1e23\OneDrive - University of Southampton\Documents\python-PIVTOOLs\env\Lib\site-packages\distributed\worker.py", line 2876, in get_data_from_worker
    comm = await rpc.connect(worker)
           ^^^^^^^^^^^^^^^^^^^^^^^^^
  File "c:\Users\mtt1e23\OneDrive - University of Southampton\Documents\python-PIVTOOLs\env\Lib\site-packages\distributed\core.py", line 1485, in connect
    return await self._connect(addr=addr, timeout=timeout)
           ^^^^^^^^^^^^^^^^^^^^^^^^^^^^^^^^^^^^^^^^^^^^^^^
  File "c:\Users\mtt1e23\OneDrive - University of Southampton\Documents\python-PIVTOOLs\env\Lib\site-packages\distributed\core.py", line 1429, in _connect
    comm = await connect(
           ^^^^^^^^^^^^^^
    ...<4 lines>...
    )
    ^
  File "c:\Users\mtt1e23\OneDrive - University of Southampton\Documents\python-PIVTOOLs\env\Lib\site-packages\distributed\comm\core.py", line 377, in connect
    handshake = await comm.read()
                ^^^^^^^^^^^^^^^^^
  File "c:\Users\mtt1e23\OneDrive - University of Southampton\Documents\python-PIVTOOLs\env\Lib\site-packages\distributed\comm\tcp.py", line 237, in read
    convert_stream_closed_error(self, e)
    ~~~~~~~~~~~~~~~~~~~~~~~~~~~^^^^^^^^^
  File "c:\Users\mtt1e23\OneDrive - University of Southampton\Documents\python-PIVTOOLs\env\Lib\site-packages\distributed\comm\tcp.py", line 143, in convert_stream_closed_error
    raise CommClosedError(f"in {obj}: {exc.__class__.__name__}: {exc}") from exc
distributed.comm.core.CommClosedError: in <TCP (closed)  local=tcp://127.0.0.1:55631 remote=tcp://127.0.0.1:57244>: ConnectionResetError: [WinError 10054] An existing connection was forcibly closed by the remote host
2025-11-04 10:46:19,412 - distributed.scheduler - WARNING - Removing worker 'tcp://127.0.0.1:57244' caused the cluster to lose already computed task(s), which will be recomputed elsewhere: {('stack-1fee21bec461f0f670da366072be43e2', 29, 0, 0, 0), ('stack-1fee21bec461f0f670da366072be43e2', 25, 0, 0, 0), ('stack-1fee21bec461f0f670da366072be43e2', 28, 0, 0, 0), ('stack-1fee21bec461f0f670da366072be43e2', 44, 0, 0, 0), ('stack-1fee21bec461f0f670da366072be43e2', 23, 0, 0, 0), ('stack-1fee21bec461f0f670da366072be43e2', 22, 0, 0, 0), ('stack-1fee21bec461f0f670da366072be43e2', 27, 0, 0, 0), ('stack-1fee21bec461f0f670da366072be43e2', 21, 0, 0, 0), ('stack-1fee21bec461f0f670da366072be43e2', 24, 0, 0, 0), ('stack-1fee21bec461f0f670da366072be43e2', 26, 0, 0, 0), ('stack-1fee21bec461f0f670da366072be43e2', 20, 0, 0, 0)} (stimulus_id='handle-worker-cleanup-1762253179.4126344')
2025-11-04 10:46:19,463 - distributed.worker.memory - WARNING - Worker is at 83% memory usage. Pausing worker.  Process memory: 2.23 GiB -- Worker memory limit: 2.66 GiB
2025-11-04 10:46:19,674 - distributed.worker - ERROR - Worker stream died during communication: tcp://127.0.0.1:57244
Traceback (most recent call last):
  File "c:\Users\mtt1e23\OneDrive - University of Southampton\Documents\python-PIVTOOLs\env\Lib\site-packages\tornado\iostream.py", line 861, in _read_to_buffer
    bytes_read = self.read_from_fd(buf)
  File "c:\Users\mtt1e23\OneDrive - University of Southampton\Documents\python-PIVTOOLs\env\Lib\site-packages\tornado\iostream.py", line 1113, in read_from_fd
    return self.socket.recv_into(buf, len(buf))
           ~~~~~~~~~~~~~~~~~~~~~^^^^^^^^^^^^^^^
ConnectionResetError: [WinError 10054] An existing connection was forcibly closed by the remote host

The above exception was the direct cause of the following exception:

Traceback (most recent call last):
  File "c:\Users\mtt1e23\OneDrive - University of Southampton\Documents\python-PIVTOOLs\env\Lib\site-packages\distributed\worker.py", line 2073, in gather_dep
    response = await get_data_from_worker(
               ^^^^^^^^^^^^^^^^^^^^^^^^^^^
        rpc=self.rpc, keys=to_gather, worker=worker, who=self.address
        ^^^^^^^^^^^^^^^^^^^^^^^^^^^^^^^^^^^^^^^^^^^^^^^^^^^^^^^^^^^^^
    )
    ^
  File "c:\Users\mtt1e23\OneDrive - University of Southampton\Documents\python-PIVTOOLs\env\Lib\site-packages\distributed\worker.py", line 2879, in get_data_from_worker
    response = await send_recv(
               ^^^^^^^^^^^^^^^^
    ...<6 lines>...
    )
    ^
  File "c:\Users\mtt1e23\OneDrive - University of Southampton\Documents\python-PIVTOOLs\env\Lib\site-packages\distributed\core.py", line 1018, in send_recv
    response = await comm.read(deserializers=deserializers)
               ^^^^^^^^^^^^^^^^^^^^^^^^^^^^^^^^^^^^^^^^^^^^
  File "c:\Users\mtt1e23\OneDrive - University of Southampton\Documents\python-PIVTOOLs\env\Lib\site-packages\distributed\comm\tcp.py", line 237, in read
    convert_stream_closed_error(self, e)
    ~~~~~~~~~~~~~~~~~~~~~~~~~~~^^^^^^^^^
  File "c:\Users\mtt1e23\OneDrive - University of Southampton\Documents\python-PIVTOOLs\env\Lib\site-packages\distributed\comm\tcp.py", line 143, in convert_stream_closed_error
    raise CommClosedError(f"in {obj}: {exc.__class__.__name__}: {exc}") from exc
distributed.comm.core.CommClosedError: in <TCP (closed) Ephemeral Worker->Worker for gather local=tcp://127.0.0.1:65355 remote=tcp://127.0.0.1:57244>: ConnectionResetError: [WinError 10054] An existing connection was forcibly closed by the remote host
2025-11-04 10:46:19,708 - distributed.nanny.memory - WARNING - Worker tcp://127.0.0.1:65057 (pid=5372) exceeded 95% memory budget. Restarting...
2025-11-04 10:46:19,777 - distributed.nanny.memory - WARNING - Worker tcp://127.0.0.1:65057 (pid=5372) is slow to terminate; trying again
2025-11-04 10:46:19,780 - distributed.nanny - WARNING - Restarting worker
2025-11-04 10:46:19,805 - distributed.worker - ERROR - Worker stream died during communication: tcp://127.0.0.1:65057
Traceback (most recent call last):
  File "c:\Users\mtt1e23\OneDrive - University of Southampton\Documents\python-PIVTOOLs\env\Lib\site-packages\tornado\iostream.py", line 861, in _read_to_buffer
    bytes_read = self.read_from_fd(buf)
  File "c:\Users\mtt1e23\OneDrive - University of Southampton\Documents\python-PIVTOOLs\env\Lib\site-packages\tornado\iostream.py", line 1113, in read_from_fd
    return self.socket.recv_into(buf, len(buf))
           ~~~~~~~~~~~~~~~~~~~~~^^^^^^^^^^^^^^^
ConnectionResetError: [WinError 10054] An existing connection was forcibly closed by the remote host

The above exception was the direct cause of the following exception:

Traceback (most recent call last):
  File "c:\Users\mtt1e23\OneDrive - University of Southampton\Documents\python-PIVTOOLs\env\Lib\site-packages\distributed\worker.py", line 2073, in gather_dep
    response = await get_data_from_worker(
               ^^^^^^^^^^^^^^^^^^^^^^^^^^^
        rpc=self.rpc, keys=to_gather, worker=worker, who=self.address
        ^^^^^^^^^^^^^^^^^^^^^^^^^^^^^^^^^^^^^^^^^^^^^^^^^^^^^^^^^^^^^
    )
    ^
  File "c:\Users\mtt1e23\OneDrive - University of Southampton\Documents\python-PIVTOOLs\env\Lib\site-packages\distributed\worker.py", line 2879, in get_data_from_worker
    response = await send_recv(
               ^^^^^^^^^^^^^^^^
    ...<6 lines>...
    )
    ^
  File "c:\Users\mtt1e23\OneDrive - University of Southampton\Documents\python-PIVTOOLs\env\Lib\site-packages\distributed\core.py", line 1018, in send_recv
    response = await comm.read(deserializers=deserializers)
               ^^^^^^^^^^^^^^^^^^^^^^^^^^^^^^^^^^^^^^^^^^^^
  File "c:\Users\mtt1e23\OneDrive - University of Southampton\Documents\python-PIVTOOLs\env\Lib\site-packages\distributed\comm\tcp.py", line 237, in read
    convert_stream_closed_error(self, e)
    ~~~~~~~~~~~~~~~~~~~~~~~~~~~^^^^^^^^^
  File "c:\Users\mtt1e23\OneDrive - University of Southampton\Documents\python-PIVTOOLs\env\Lib\site-packages\distributed\comm\tcp.py", line 143, in convert_stream_closed_error
    raise CommClosedError(f"in {obj}: {exc.__class__.__name__}: {exc}") from exc
distributed.comm.core.CommClosedError: in <TCP (closed) Ephemeral Worker->Worker for gather local=tcp://127.0.0.1:55611 remote=tcp://127.0.0.1:65057>: ConnectionResetError: [WinError 10054] An existing connection was forcibly closed by the remote host
2025-11-04 10:46:19,810 - distributed.scheduler - WARNING - Removing worker 'tcp://127.0.0.1:65057' caused the cluster to lose already computed task(s), which will be recomputed elsewhere: {('stack-1fee21bec461f0f670da366072be43e2', 37, 0, 0, 0)} (stimulus_id='handle-worker-cleanup-1762253179.810542')
2025-11-04 10:46:19,824 - distributed.worker - ERROR - Worker stream died during communication: tcp://127.0.0.1:57244
Traceback (most recent call last):
  File "c:\Users\mtt1e23\OneDrive - University of Southampton\Documents\python-PIVTOOLs\env\Lib\site-packages\tornado\iostream.py", line 861, in _read_to_buffer
    bytes_read = self.read_from_fd(buf)
  File "c:\Users\mtt1e23\OneDrive - University of Southampton\Documents\python-PIVTOOLs\env\Lib\site-packages\tornado\iostream.py", line 1113, in read_from_fd
    return self.socket.recv_into(buf, len(buf))
           ~~~~~~~~~~~~~~~~~~~~~^^^^^^^^^^^^^^^
ConnectionResetError: [WinError 10054] An existing connection was forcibly closed by the remote host

The above exception was the direct cause of the following exception:

Traceback (most recent call last):
  File "c:\Users\mtt1e23\OneDrive - University of Southampton\Documents\python-PIVTOOLs\env\Lib\site-packages\distributed\worker.py", line 2073, in gather_dep
    response = await get_data_from_worker(
               ^^^^^^^^^^^^^^^^^^^^^^^^^^^
        rpc=self.rpc, keys=to_gather, worker=worker, who=self.address
        ^^^^^^^^^^^^^^^^^^^^^^^^^^^^^^^^^^^^^^^^^^^^^^^^^^^^^^^^^^^^^
    )
    ^
  File "c:\Users\mtt1e23\OneDrive - University of Southampton\Documents\python-PIVTOOLs\env\Lib\site-packages\distributed\worker.py", line 2876, in get_data_from_worker
    comm = await rpc.connect(worker)
           ^^^^^^^^^^^^^^^^^^^^^^^^^
  File "c:\Users\mtt1e23\OneDrive - University of Southampton\Documents\python-PIVTOOLs\env\Lib\site-packages\distributed\core.py", line 1485, in connect
    return await self._connect(addr=addr, timeout=timeout)
           ^^^^^^^^^^^^^^^^^^^^^^^^^^^^^^^^^^^^^^^^^^^^^^^
  File "c:\Users\mtt1e23\OneDrive - University of Southampton\Documents\python-PIVTOOLs\env\Lib\site-packages\distributed\core.py", line 1429, in _connect
    comm = await connect(
           ^^^^^^^^^^^^^^
    ...<4 lines>...
    )
    ^
  File "c:\Users\mtt1e23\OneDrive - University of Southampton\Documents\python-PIVTOOLs\env\Lib\site-packages\distributed\comm\core.py", line 377, in connect
    handshake = await comm.read()
                ^^^^^^^^^^^^^^^^^
  File "c:\Users\mtt1e23\OneDrive - University of Southampton\Documents\python-PIVTOOLs\env\Lib\site-packages\distributed\comm\tcp.py", line 237, in read
    convert_stream_closed_error(self, e)
    ~~~~~~~~~~~~~~~~~~~~~~~~~~~^^^^^^^^^
  File "c:\Users\mtt1e23\OneDrive - University of Southampton\Documents\python-PIVTOOLs\env\Lib\site-packages\distributed\comm\tcp.py", line 143, in convert_stream_closed_error
    raise CommClosedError(f"in {obj}: {exc.__class__.__name__}: {exc}") from exc
distributed.comm.core.CommClosedError: in <TCP (closed)  local=tcp://127.0.0.1:55633 remote=tcp://127.0.0.1:57244>: ConnectionResetError: [WinError 10054] An existing connection was forcibly closed by the remote host
2025-11-04 10:46:20,874 - distributed.nanny - WARNING - Restarting worker
2025-11-04 10:46:20,895 - distributed.worker - ERROR - Worker stream died during communication: tcp://127.0.0.1:65057
Traceback (most recent call last):
  File "c:\Users\mtt1e23\OneDrive - University of Southampton\Documents\python-PIVTOOLs\env\Lib\site-packages\tornado\iostream.py", line 861, in _read_to_buffer
    bytes_read = self.read_from_fd(buf)
  File "c:\Users\mtt1e23\OneDrive - University of Southampton\Documents\python-PIVTOOLs\env\Lib\site-packages\tornado\iostream.py", line 1113, in read_from_fd
    return self.socket.recv_into(buf, len(buf))
           ~~~~~~~~~~~~~~~~~~~~~^^^^^^^^^^^^^^^
ConnectionResetError: [WinError 10054] An existing connection was forcibly closed by the remote host

The above exception was the direct cause of the following exception:

Traceback (most recent call last):
  File "c:\Users\mtt1e23\OneDrive - University of Southampton\Documents\python-PIVTOOLs\env\Lib\site-packages\distributed\worker.py", line 2073, in gather_dep
    response = await get_data_from_worker(
               ^^^^^^^^^^^^^^^^^^^^^^^^^^^
        rpc=self.rpc, keys=to_gather, worker=worker, who=self.address
        ^^^^^^^^^^^^^^^^^^^^^^^^^^^^^^^^^^^^^^^^^^^^^^^^^^^^^^^^^^^^^
    )
    ^
  File "c:\Users\mtt1e23\OneDrive - University of Southampton\Documents\python-PIVTOOLs\env\Lib\site-packages\distributed\worker.py", line 2879, in get_data_from_worker
    response = await send_recv(
               ^^^^^^^^^^^^^^^^
    ...<6 lines>...
    )
    ^
  File "c:\Users\mtt1e23\OneDrive - University of Southampton\Documents\python-PIVTOOLs\env\Lib\site-packages\distributed\core.py", line 1018, in send_recv
    response = await comm.read(deserializers=deserializers)
               ^^^^^^^^^^^^^^^^^^^^^^^^^^^^^^^^^^^^^^^^^^^^
  File "c:\Users\mtt1e23\OneDrive - University of Southampton\Documents\python-PIVTOOLs\env\Lib\site-packages\distributed\comm\tcp.py", line 237, in read
    convert_stream_closed_error(self, e)
    ~~~~~~~~~~~~~~~~~~~~~~~~~~~^^^^^^^^^
  File "c:\Users\mtt1e23\OneDrive - University of Southampton\Documents\python-PIVTOOLs\env\Lib\site-packages\distributed\comm\tcp.py", line 143, in convert_stream_closed_error
    raise CommClosedError(f"in {obj}: {exc.__class__.__name__}: {exc}") from exc
distributed.comm.core.CommClosedError: in <TCP (closed) Ephemeral Worker->Worker for gather local=tcp://127.0.0.1:53622 remote=tcp://127.0.0.1:65057>: ConnectionResetError: [WinError 10054] An existing connection was forcibly closed by the remote host
2025-11-04 10:46:21,318 [INFO] Logging initialized. Level: INFO, File: pypiv.log
2025-11-04 10:46:22,022 - distributed.worker.memory - WARNING - Worker is at 85% memory usage. Pausing worker.  Process memory: 2.27 GiB -- Worker memory limit: 2.66 GiB
2025-11-04 10:46:22,033 [INFO] Logging initialized. Level: INFO, File: pypiv.log
2025-11-04 10:46:22,146 - distributed.nanny.memory - WARNING - Worker tcp://127.0.0.1:57234 (pid=12952) exceeded 95% memory budget. Restarting...
2025-11-04 10:46:22,193 - distributed.scheduler - WARNING - Removing worker 'tcp://127.0.0.1:57234' caused the cluster to lose already computed task(s), which will be recomputed elsewhere: {('from-value-read_pair-stack-1fee21bec461f0f670da366072be43e2', 19, 0, 0, 0)} (stimulus_id='handle-worker-cleanup-1762253182.1933253')
2025-11-04 10:46:22,410 - distributed.worker.memory - WARNING - Worker is at 81% memory usage. Pausing worker.  Process memory: 2.17 GiB -- Worker memory limit: 2.66 GiB
2025-11-04 10:46:22,471 - distributed.nanny - WARNING - Restarting worker
2025-11-04 10:46:22,654 [INFO] Logging initialized. Level: INFO, File: pypiv.log
2025-11-04 10:46:22,757 - distributed.worker.memory - WARNING - Worker is at 58% memory usage. Resuming worker. Process memory: 1.55 GiB -- Worker memory limit: 2.66 GiB
2025-11-04 10:46:22,947 [INFO] Logging initialized. Level: INFO, File: pypiv.log
2025-11-04 10:46:23,146 - distributed.worker.memory - WARNING - Worker is at 81% memory usage. Pausing worker.  Process memory: 2.16 GiB -- Worker memory limit: 2.66 GiB
2025-11-04 10:46:23,283 - distributed.nanny.memory - WARNING - Worker tcp://127.0.0.1:55564 (pid=5144) exceeded 95% memory budget. Restarting...
2025-11-04 10:46:23,328 - distributed.worker.memory - WARNING - Worker is at 85% memory usage. Pausing worker.  Process memory: 2.29 GiB -- Worker memory limit: 2.66 GiB
2025-11-04 10:46:23,341 - distributed.worker - ERROR - Worker stream died during communication: tcp://127.0.0.1:55564
Traceback (most recent call last):
  File "c:\Users\mtt1e23\OneDrive - University of Southampton\Documents\python-PIVTOOLs\env\Lib\site-packages\tornado\iostream.py", line 861, in _read_to_buffer
    bytes_read = self.read_from_fd(buf)
  File "c:\Users\mtt1e23\OneDrive - University of Southampton\Documents\python-PIVTOOLs\env\Lib\site-packages\tornado\iostream.py", line 1113, in read_from_fd
    return self.socket.recv_into(buf, len(buf))
           ~~~~~~~~~~~~~~~~~~~~~^^^^^^^^^^^^^^^
ConnectionResetError: [WinError 10054] An existing connection was forcibly closed by the remote host

The above exception was the direct cause of the following exception:

Traceback (most recent call last):
  File "c:\Users\mtt1e23\OneDrive - University of Southampton\Documents\python-PIVTOOLs\env\Lib\site-packages\distributed\worker.py", line 2073, in gather_dep
    response = await get_data_from_worker(
               ^^^^^^^^^^^^^^^^^^^^^^^^^^^
        rpc=self.rpc, keys=to_gather, worker=worker, who=self.address
        ^^^^^^^^^^^^^^^^^^^^^^^^^^^^^^^^^^^^^^^^^^^^^^^^^^^^^^^^^^^^^
    )
    ^
  File "c:\Users\mtt1e23\OneDrive - University of Southampton\Documents\python-PIVTOOLs\env\Lib\site-packages\distributed\worker.py", line 2876, in get_data_from_worker
    comm = await rpc.connect(worker)
           ^^^^^^^^^^^^^^^^^^^^^^^^^
  File "c:\Users\mtt1e23\OneDrive - University of Southampton\Documents\python-PIVTOOLs\env\Lib\site-packages\distributed\core.py", line 1485, in connect
    return await self._connect(addr=addr, timeout=timeout)
           ^^^^^^^^^^^^^^^^^^^^^^^^^^^^^^^^^^^^^^^^^^^^^^^
  File "c:\Users\mtt1e23\OneDrive - University of Southampton\Documents\python-PIVTOOLs\env\Lib\site-packages\distributed\core.py", line 1429, in _connect
    comm = await connect(
           ^^^^^^^^^^^^^^
    ...<4 lines>...
    )
    ^
  File "c:\Users\mtt1e23\OneDrive - University of Southampton\Documents\python-PIVTOOLs\env\Lib\site-packages\distributed\comm\core.py", line 377, in connect
    handshake = await comm.read()
                ^^^^^^^^^^^^^^^^^
  File "c:\Users\mtt1e23\OneDrive - University of Southampton\Documents\python-PIVTOOLs\env\Lib\site-packages\distributed\comm\tcp.py", line 237, in read
    convert_stream_closed_error(self, e)
    ~~~~~~~~~~~~~~~~~~~~~~~~~~~^^^^^^^^^
  File "c:\Users\mtt1e23\OneDrive - University of Southampton\Documents\python-PIVTOOLs\env\Lib\site-packages\distributed\comm\tcp.py", line 143, in convert_stream_closed_error
    raise CommClosedError(f"in {obj}: {exc.__class__.__name__}: {exc}") from exc
distributed.comm.core.CommClosedError: in <TCP (closed)  local=tcp://127.0.0.1:64724 remote=tcp://127.0.0.1:55564>: ConnectionResetError: [WinError 10054] An existing connection was forcibly closed by the remote host
2025-11-04 10:46:23,357 - distributed.scheduler - WARNING - Removing worker 'tcp://127.0.0.1:55564' caused the cluster to lose already computed task(s), which will be recomputed elsewhere: {('stack-1fee21bec461f0f670da366072be43e2', 17, 0, 0, 0), ('from-value-read_pair-stack-1fee21bec461f0f670da366072be43e2', 23, 0, 0, 0)} (stimulus_id='handle-worker-cleanup-1762253183.3569415')
2025-11-04 10:46:23,492 [INFO] Logging initialized. Level: INFO, File: pypiv.log
2025-11-04 10:46:23,526 - distributed.nanny.memory - WARNING - Worker tcp://127.0.0.1:57239 (pid=7856) exceeded 95% memory budget. Restarting...
2025-11-04 10:46:23,591 - distributed.nanny.memory - WARNING - Worker tcp://127.0.0.1:57239 (pid=7856) is slow to terminate; trying again
2025-11-04 10:46:23,593 - distributed.nanny - WARNING - Restarting worker
2025-11-04 10:46:23,595 - distributed.worker.memory - WARNING - Worker is at 86% memory usage. Pausing worker.  Process memory: 2.30 GiB -- Worker memory limit: 2.66 GiB
2025-11-04 10:46:23,671 - distributed.scheduler - WARNING - Removing worker 'tcp://127.0.0.1:57239' caused the cluster to lose already computed task(s), which will be recomputed elsewhere: {'getitem-rechunk-merge-finalize-hlgfinalizecompute-4a82f0b4ee154f59b6ea148bd47b155d', ('stack-1fee21bec461f0f670da366072be43e2', 7, 0, 0, 0), ('stack-1fee21bec461f0f670da366072be43e2', 2, 0, 0, 0), ('stack-1fee21bec461f0f670da366072be43e2', 6, 0, 0, 0), ('stack-1fee21bec461f0f670da366072be43e2', 10, 0, 0, 0), ('stack-1fee21bec461f0f670da366072be43e2', 3, 0, 0, 0), ('stack-1fee21bec461f0f670da366072be43e2', 5, 0, 0, 0), ('stack-1fee21bec461f0f670da366072be43e2', 1, 0, 0, 0), ('stack-1fee21bec461f0f670da366072be43e2', 0, 0, 0, 0), ('stack-1fee21bec461f0f670da366072be43e2', 8, 0, 0, 0), ('stack-1fee21bec461f0f670da366072be43e2', 4, 0, 0, 0), ('stack-1fee21bec461f0f670da366072be43e2', 9, 0, 0, 0)} (stimulus_id='handle-worker-cleanup-1762253183.6713333')
2025-11-04 10:46:23,671 - distributed.worker - ERROR - Worker stream died during communication: tcp://127.0.0.1:57239
Traceback (most recent call last):
  File "c:\Users\mtt1e23\OneDrive - University of Southampton\Documents\python-PIVTOOLs\env\Lib\site-packages\tornado\iostream.py", line 861, in _read_to_buffer
    bytes_read = self.read_from_fd(buf)
  File "c:\Users\mtt1e23\OneDrive - University of Southampton\Documents\python-PIVTOOLs\env\Lib\site-packages\tornado\iostream.py", line 1113, in read_from_fd
    return self.socket.recv_into(buf, len(buf))
           ~~~~~~~~~~~~~~~~~~~~~^^^^^^^^^^^^^^^
ConnectionResetError: [WinError 10054] An existing connection was forcibly closed by the remote host

The above exception was the direct cause of the following exception:

Traceback (most recent call last):
  File "c:\Users\mtt1e23\OneDrive - University of Southampton\Documents\python-PIVTOOLs\env\Lib\site-packages\distributed\worker.py", line 2073, in gather_dep
    response = await get_data_from_worker(
               ^^^^^^^^^^^^^^^^^^^^^^^^^^^
        rpc=self.rpc, keys=to_gather, worker=worker, who=self.address
        ^^^^^^^^^^^^^^^^^^^^^^^^^^^^^^^^^^^^^^^^^^^^^^^^^^^^^^^^^^^^^
    )
    ^
  File "c:\Users\mtt1e23\OneDrive - University of Southampton\Documents\python-PIVTOOLs\env\Lib\site-packages\distributed\worker.py", line 2876, in get_data_from_worker
    comm = await rpc.connect(worker)
           ^^^^^^^^^^^^^^^^^^^^^^^^^
  File "c:\Users\mtt1e23\OneDrive - University of Southampton\Documents\python-PIVTOOLs\env\Lib\site-packages\distributed\core.py", line 1485, in connect
    return await self._connect(addr=addr, timeout=timeout)
           ^^^^^^^^^^^^^^^^^^^^^^^^^^^^^^^^^^^^^^^^^^^^^^^
  File "c:\Users\mtt1e23\OneDrive - University of Southampton\Documents\python-PIVTOOLs\env\Lib\site-packages\distributed\core.py", line 1429, in _connect
    comm = await connect(
           ^^^^^^^^^^^^^^
    ...<4 lines>...
    )
    ^
  File "c:\Users\mtt1e23\OneDrive - University of Southampton\Documents\python-PIVTOOLs\env\Lib\site-packages\distributed\comm\core.py", line 377, in connect
    handshake = await comm.read()
                ^^^^^^^^^^^^^^^^^
  File "c:\Users\mtt1e23\OneDrive - University of Southampton\Documents\python-PIVTOOLs\env\Lib\site-packages\distributed\comm\tcp.py", line 237, in read
    convert_stream_closed_error(self, e)
    ~~~~~~~~~~~~~~~~~~~~~~~~~~~^^^^^^^^^
  File "c:\Users\mtt1e23\OneDrive - University of Southampton\Documents\python-PIVTOOLs\env\Lib\site-packages\distributed\comm\tcp.py", line 143, in convert_stream_closed_error
    raise CommClosedError(f"in {obj}: {exc.__class__.__name__}: {exc}") from exc
distributed.comm.core.CommClosedError: in <TCP (closed)  local=tcp://127.0.0.1:64726 remote=tcp://127.0.0.1:57239>: ConnectionResetError: [WinError 10054] An existing connection was forcibly closed by the remote host
2025-11-04 10:46:23,743 - distributed.nanny.memory - WARNING - Worker tcp://127.0.0.1:57249 (pid=16284) exceeded 95% memory budget. Restarting...
2025-11-04 10:46:23,772 - distributed.worker.memory - WARNING - Worker is at 90% memory usage. Pausing worker.  Process memory: 2.41 GiB -- Worker memory limit: 2.66 GiB
2025-11-04 10:46:23,868 [INFO] Logging initialized. Level: INFO, File: pypiv.log
2025-11-04 10:46:23,869 - distributed.worker.memory - WARNING - Worker is at 88% memory usage. Pausing worker.  Process memory: 2.35 GiB -- Worker memory limit: 2.66 GiB
2025-11-04 10:46:23,991 - distributed.worker.memory - WARNING - Worker is at 88% memory usage. Pausing worker.  Process memory: 2.35 GiB -- Worker memory limit: 2.66 GiB
2025-11-04 10:46:24,132 - distributed.scheduler - WARNING - Removing worker 'tcp://127.0.0.1:57249' caused the cluster to lose already computed task(s), which will be recomputed elsewhere: {('stack-1fee21bec461f0f670da366072be43e2', 21, 0, 0, 0)} (stimulus_id='handle-worker-cleanup-1762253184.131971')
2025-11-04 10:46:24,133 - distributed.nanny.memory - WARNING - Worker tcp://127.0.0.1:65069 (pid=34392) exceeded 95% memory budget. Restarting...
2025-11-04 10:46:24,134 - distributed.nanny.memory - WARNING - Worker tcp://127.0.0.1:57755 (pid=10988) exceeded 95% memory budget. Restarting...
2025-11-04 10:46:24,210 - distributed.worker.memory - WARNING - Worker is at 54% memory usage. Resuming worker. Process memory: 1.45 GiB -- Worker memory limit: 2.66 GiB
2025-11-04 10:46:24,332 - distributed.scheduler - ERROR - Task getitem-rechunk-merge-finalize-hlgfinalizecompute-367975eabe404774aac5f4f6f0e2cbd5 marked as failed because 4 workers died while trying to run it
2025-11-04 10:46:24,332 - distributed.scheduler - WARNING - Removing worker 'tcp://127.0.0.1:57755' caused the cluster to lose already computed task(s), which will be recomputed elsewhere: {('stack-1fee21bec461f0f670da366072be43e2', 24, 0, 0, 0), ('stack-1fee21bec461f0f670da366072be43e2', 20, 0, 0, 0)} (stimulus_id='handle-worker-cleanup-1762253184.3319318')
2025-11-04 10:46:24,421 - distributed.scheduler - WARNING - Removing worker 'tcp://127.0.0.1:65069' caused the cluster to lose already computed task(s), which will be recomputed elsewhere: {('stack-1fee21bec461f0f670da366072be43e2', 38, 0, 0, 0), ('stack-1fee21bec461f0f670da366072be43e2', 30, 0, 0, 0), ('stack-1fee21bec461f0f670da366072be43e2', 16, 0, 0, 0), ('stack-1fee21bec461f0f670da366072be43e2', 33, 0, 0, 0), ('stack-1fee21bec461f0f670da366072be43e2', 32, 0, 0, 0), ('stack-1fee21bec461f0f670da366072be43e2', 37, 0, 0, 0), ('stack-1fee21bec461f0f670da366072be43e2', 39, 0, 0, 0), ('stack-1fee21bec461f0f670da366072be43e2', 36, 0, 0, 0), ('stack-1fee21bec461f0f670da366072be43e2', 35, 0, 0, 0), ('stack-1fee21bec461f0f670da366072be43e2', 34, 0, 0, 0), ('stack-1fee21bec461f0f670da366072be43e2', 31, 0, 0, 0)} (stimulus_id='handle-worker-cleanup-1762253184.4211621')
2025-11-04 10:46:24,614 - distributed.nanny - WARNING - Restarting worker
2025-11-04 10:46:24,614 [ERROR] PIV processing failed: Attempted to run task 'getitem-rechunk-merge-finalize-hlgfinalizecompute-367975eabe404774aac5f4f6f0e2cbd5' on 4 different workers, but all those workers died while running it. The last worker that attempt to run the task was tcp://127.0.0.1:57755. Inspecting worker logs is often a good next step to diagnose what went wrong. For more information see https://distributed.dask.org/en/stable/killed.html.
2025-11-04 10:46:24,699 - distributed.nanny - WARNING - Restarting worker
2025-11-04 10:46:24,984 - distributed.nanny - WARNING - Restarting worker
2025-11-04 10:46:25,018 [INFO] Logging initialized. Level: INFO, File: pypiv.log
2025-11-04 10:46:25,057 - distributed.nanny - WARNING - Restarting worker
2025-11-04 10:46:26,988 [INFO] Logging initialized. Level: INFO, File: pypiv.log
2025-11-04 10:46:27,139 - distributed.worker.memory - WARNING - Worker is at 82% memory usage. Pausing worker.  Process memory: 2.21 GiB -- Worker memory limit: 2.66 GiB
2025-11-04 10:46:27,397 [WARNING] PIVResult has no passes for frame 48. Skipping save.
2025-11-04 10:46:27,518 - distributed.worker.memory - WARNING - Worker is at 53% memory usage. Resuming worker. Process memory: 1.43 GiB -- Worker memory limit: 2.66 GiB
2025-11-04 10:46:27,910 - distributed.worker.memory - WARNING - Worker is at 87% memory usage. Pausing worker.  Process memory: 2.34 GiB -- Worker memory limit: 2.66 GiB
2025-11-04 10:46:27,911 [INFO] Logging initialized. Level: INFO, File: pypiv.log
2025-11-04 10:46:28,079 - distributed.worker.memory - WARNING - Worker is at 53% memory usage. Resuming worker. Process memory: 1.43 GiB -- Worker memory limit: 2.66 GiB
2025-11-04 10:46:28,190 [INFO] Logging initialized. Level: INFO, File: pypiv.log
2025-11-04 10:46:28,306 [INFO] Logging initialized. Level: INFO, File: pypiv.log
2025-11-04 10:46:28,395 [INFO] Logging initialized. Level: INFO, File: pypiv.log
2025-11-04 10:46:28,531 [INFO] Logging initialized. Level: INFO, File: pypiv.log
2025-11-04 10:46:29,096 - distributed.nanny.memory - WARNING - Worker tcp://127.0.0.1:52801 (pid=34132) exceeded 95% memory budget. Restarting...
2025-11-04 10:46:29,111 - distributed.nanny.memory - WARNING - Worker tcp://127.0.0.1:62047 (pid=20760) exceeded 95% memory budget. Restarting...
2025-11-04 10:46:29,116 - distributed.scheduler - ERROR - Task getitem-rechunk-merge-finalize-hlgfinalizecompute-297a628870914d7493e8983204055d2d marked as failed because 4 workers died while trying to run it
2025-11-04 10:46:29,135 - distributed.scheduler - WARNING - Removing worker 'tcp://127.0.0.1:52801' caused the cluster to lose already computed task(s), which will be recomputed elsewhere: {('stack-1fee21bec461f0f670da366072be43e2', 30, 0, 0, 0), ('stack-1fee21bec461f0f670da366072be43e2', 33, 0, 0, 0), ('stack-1fee21bec461f0f670da366072be43e2', 32, 0, 0, 0), ('stack-1fee21bec461f0f670da366072be43e2', 39, 0, 0, 0), ('stack-1fee21bec461f0f670da366072be43e2', 36, 0, 0, 0), ('stack-1fee21bec461f0f670da366072be43e2', 35, 0, 0, 0), ('stack-1fee21bec461f0f670da366072be43e2', 34, 0, 0, 0), ('stack-1fee21bec461f0f670da366072be43e2', 31, 0, 0, 0)} (stimulus_id='handle-worker-cleanup-1762253189.1354437')
2025-11-04 10:46:29,278 - distributed.nanny - WARNING - Restarting worker
2025-11-04 10:46:29,283 - distributed.nanny - WARNING - Restarting worker
2025-11-04 10:46:29,400 - distributed.scheduler - ERROR - Task _piv_single_pass-246d9cc326f4f59b7f6dcc3c76bc11f8 marked as failed because 4 workers died while trying to run it
2025-11-04 10:46:29,401 - distributed.scheduler - ERROR - Task _piv_single_pass-67329d3d896e4db54e0e5b9f5ef31059 marked as failed because 4 workers died while trying to run it
2025-11-04 10:46:29,401 - distributed.scheduler - ERROR - Task _piv_single_pass-326e8f69e39fa4f35ebb3ffa13be6fd3 marked as failed because 4 workers died while trying to run it
2025-11-04 10:46:29,401 - distributed.scheduler - ERROR - Task _piv_single_pass-c000b4031e2bc8ce818bf6fb4bac31ea marked as failed because 4 workers died while trying to run it
2025-11-04 10:46:29,401 - distributed.scheduler - ERROR - Task _piv_single_pass-106d33409391af6de3bd3d2a9959815e marked as failed because 4 workers died while trying to run it
2025-11-04 10:46:29,401 - distributed.scheduler - ERROR - Task _piv_single_pass-3253e67ccbcf1a3ca7238b7d2c7a87d4 marked as failed because 4 workers died while trying to run it
2025-11-04 10:46:29,401 - distributed.scheduler - ERROR - Task _piv_single_pass-7075ae313262a5e6a314490aaa48a14b marked as failed because 4 workers died while trying to run it
2025-11-04 10:46:29,401 - distributed.scheduler - ERROR - Task _piv_single_pass-7de209531893becbcd709b896ca9f6f7 marked as failed because 4 workers died while trying to run it
2025-11-04 10:46:29,401 - distributed.scheduler - WARNING - Removing worker 'tcp://127.0.0.1:65114' caused the cluster to lose already computed task(s), which will be recomputed elsewhere: {'save_coordinates_from_config_distributed-72ac6b211fd09fad2f8a940e0848f099', ('stack-1fee21bec461f0f670da366072be43e2', 38, 0, 0, 0), 'save_piv_result_distributed-852444f61ecd124f202f6807835a5397'} (stimulus_id='handle-worker-cleanup-1762253189.4003696')
2025-11-04 10:46:29,402 - distributed.scheduler - ERROR - Removing worker 'tcp://127.0.0.1:65114' caused the cluster to lose scattered data, which can't be recovered: {'win_spacing_x', 'n_post_all', 'n_pre_all', 'win_ctrs_x_all', 'cached_dense_maps', 'H', 'ksize_filt', 'cached_predictor_maps', 'im_mesh', 'sd', 'win_ctrs_y_all', 'G_smooth_predictor', 'win_ctrs_y', 'win_spacing_y', 'W', 'win_ctrs_x'} (stimulus_id='handle-worker-cleanup-1762253189.4003696')
Error: 3 Futures cancelled:
Reasons:
3 Futures cancelled for reason: already forgotten.
Message: None
Futures: ['save_piv_result_distributed-4ed88e2194afd944a7f2d07c338a1bff', 'save_piv_result_distributed-2b0130619b0662e3b33276940e7df2ba', 'save_piv_result_distributed-852444f61ecd124f202f6807835a5397']
Traceback:
Traceback (most recent call last):
  File "c:\Users\mtt1e23\OneDrive - University of Southampton\Documents\python-PIVTOOLs\pypivtools\example.py", line 107, in <module>
    wait(save_futures)
    ~~~~^^^^^^^^^^^^^^
  File "c:\Users\mtt1e23\OneDrive - University of Southampton\Documents\python-PIVTOOLs\env\Lib\site-packages\distributed\client.py", line 5702, in wait
    result = client.sync(_wait, fs, timeout=timeout, return_when=return_when)
  File "c:\Users\mtt1e23\OneDrive - University of Southampton\Documents\python-PIVTOOLs\env\Lib\site-packages\distributed\utils.py", line 376, in sync
    return sync(
        self.loop, func, *args, callback_timeout=callback_timeout, **kwargs
    )
  File "c:\Users\mtt1e23\OneDrive - University of Southampton\Documents\python-PIVTOOLs\env\Lib\site-packages\distributed\utils.py", line 452, in sync
    raise error
  File "c:\Users\mtt1e23\OneDrive - University of Southampton\Documents\python-PIVTOOLs\env\Lib\site-packages\distributed\utils.py", line 426, in f
    result = yield future
             ^^^^^^^^^^^^
  File "c:\Users\mtt1e23\OneDrive - University of Southampton\Documents\python-PIVTOOLs\env\Lib\site-packages\tornado\gen.py", line 783, in run
    value = future.result()
  File "c:\Users\mtt1e23\OneDrive - University of Southampton\Documents\python-PIVTOOLs\env\Lib\site-packages\distributed\client.py", line 5678, in _wait
    raise FuturesCancelledError(groups)
distributed.client.FuturesCancelledError: 3 Futures cancelled:
Reasons:
3 Futures cancelled for reason: already forgotten.
Message: None
Futures: ['save_piv_result_distributed-4ed88e2194afd944a7f2d07c338a1bff', 'save_piv_result_distributed-2b0130619b0662e3b33276940e7df2ba', 'save_piv_result_distributed-852444f61ecd124f202f6807835a5397']
Total elapsed time: 203.59 seconds
2025-11-04 10:46:29,484 - distributed.worker.state_machine - WARNING - Async instruction for <Task cancelled name="execute(('from-value-read_pair-stack-1fee21bec461f0f670da366072be43e2', 38, 0, 0, 0))" coro=<Worker.execute() done, defined at c:\Users\mtt1e23\OneDrive - University of Southampton\Documents\python-PIVTOOLs\env\Lib\site-packages\distributed\worker_state_machine.py:3607>> ended with CancelledError
2025-11-04 10:46:29,484 - distributed.worker.state_machine - WARNING - Async instruction for <Task cancelled name='gather_dep(tcp://127.0.0.1:57255, {...})' coro=<Worker.gather_dep() done, defined at c:\Users\mtt1e23\OneDrive - University of Southampton\Documents\python-PIVTOOLs\env\Lib\site-packages\distributed\worker_state_machine.py:3607>> ended with CancelledError
2025-11-04 10:46:29,532 - distributed.worker.state_machine - WARNING - Async instruction for <Task cancelled name="execute(('from-value-read_pair-stack-1fee21bec461f0f670da366072be43e2', 36, 0, 0, 0))" coro=<Worker.execute() done, defined at c:\Users\mtt1e23\OneDrive - University of Southampton\Documents\python-PIVTOOLs\env\Lib\site-packages\distributed\worker_state_machine.py:3607>> ended with CancelledError
2025-11-04 10:46:29,537 - distributed.worker.state_machine - WARNING - Async instruction for <Task cancelled name="execute(('from-value-read_pair-stack-1fee21bec461f0f670da366072be43e2', 39, 0, 0, 0))" coro=<Worker.execute() done, defined at c:\Users\mtt1e23\OneDrive - University of Southampton\Documents\python-PIVTOOLs\env\Lib\site-packages\distributed\worker_state_machine.py:3607>> ended with CancelledError
2025-11-04 10:46:29,538 - distributed.worker - ERROR - Failed to communicate with scheduler during heartbeat.
Traceback (most recent call last):
  File "c:\Users\mtt1e23\OneDrive - University of Southampton\Documents\python-PIVTOOLs\env\Lib\site-packages\distributed\comm\tcp.py", line 226, in read
    frames_nosplit_nbytes_bin = await stream.read_bytes(fmt_size)
                                ^^^^^^^^^^^^^^^^^^^^^^^^^^^^^^^^^
tornado.iostream.StreamClosedError: Stream is closed

The above exception was the direct cause of the following exception:

Traceback (most recent call last):
  File "c:\Users\mtt1e23\OneDrive - University of Southampton\Documents\python-PIVTOOLs\env\Lib\site-packages\distributed\worker.py", line 1267, in heartbeat
    response = await retry_operation(
               ^^^^^^^^^^^^^^^^^^^^^^
    ...<14 lines>...
    )
    ^
  File "c:\Users\mtt1e23\OneDrive - University of Southampton\Documents\python-PIVTOOLs\env\Lib\site-packages\distributed\utils_comm.py", line 416, in retry_operation
    return await retry(
           ^^^^^^^^^^^^
    ...<5 lines>...
    )
    ^
  File "c:\Users\mtt1e23\OneDrive - University of Southampton\Documents\python-PIVTOOLs\env\Lib\site-packages\distributed\utils_comm.py", line 395, in retry
    return await coro()
           ^^^^^^^^^^^^
  File "c:\Users\mtt1e23\OneDrive - University of Southampton\Documents\python-PIVTOOLs\env\Lib\site-packages\distributed\core.py", line 1259, in send_recv_from_rpc
    return await send_recv(comm=comm, op=key, **kwargs)
           ^^^^^^^^^^^^^^^^^^^^^^^^^^^^^^^^^^^^^^^^^^^^
  File "c:\Users\mtt1e23\OneDrive - University of Southampton\Documents\python-PIVTOOLs\env\Lib\site-packages\distributed\core.py", line 1018, in send_recv
    response = await comm.read(deserializers=deserializers)
               ^^^^^^^^^^^^^^^^^^^^^^^^^^^^^^^^^^^^^^^^^^^^
  File "c:\Users\mtt1e23\OneDrive - University of Southampton\Documents\python-PIVTOOLs\env\Lib\site-packages\distributed\comm\tcp.py", line 237, in read
    convert_stream_closed_error(self, e)
    ~~~~~~~~~~~~~~~~~~~~~~~~~~~^^^^^^^^^
  File "c:\Users\mtt1e23\OneDrive - University of Southampton\Documents\python-PIVTOOLs\env\Lib\site-packages\distributed\comm\tcp.py", line 137, in convert_stream_closed_error
    raise CommClosedError(f"in {obj}: {exc}") from exc
distributed.comm.core.CommClosedError: in <TCP (closed) ConnectionPool.heartbeat_worker local=tcp://127.0.0.1:55265 remote=tcp://127.0.0.1:54304>: Stream is closed
2025-11-04 10:46:29,556 - distributed.worker.state_machine - WARNING - Async instruction for <Task cancelled name="execute(('from-value-read_pair-stack-1fee21bec461f0f670da366072be43e2', 30, 0, 0, 0))" coro=<Worker.execute() done, defined at c:\Users\mtt1e23\OneDrive - University of Southampton\Documents\python-PIVTOOLs\env\Lib\site-packages\distributed\worker_state_machine.py:3607>> ended with CancelledError
2025-11-04 10:46:29,575 - distributed.worker.state_machine - WARNING - Async instruction for <Task cancelled name="execute(('from-value-read_pair-stack-1fee21bec461f0f670da366072be43e2', 31, 0, 0, 0))" coro=<Worker.execute() done, defined at c:\Users\mtt1e23\OneDrive - University of Southampton\Documents\python-PIVTOOLs\env\Lib\site-packages\distributed\worker_state_machine.py:3607>> ended with CancelledError
2025-11-04 10:46:29,598 - distributed.worker.state_machine - WARNING - Async instruction for <Task cancelled name="execute(('from-value-read_pair-stack-1fee21bec461f0f670da366072be43e2', 32, 0, 0, 0))" coro=<Worker.execute() done, defined at c:\Users\mtt1e23\OneDrive - University of Southampton\Documents\python-PIVTOOLs\env\Lib\site-packages\distributed\worker_state_machine.py:3607>> ended with CancelledError
2025-11-04 10:46:29,652 - distributed.worker.state_machine - WARNING - Async instruction for <Task cancelled name="execute(('from-value-read_pair-stack-1fee21bec461f0f670da366072be43e2', 35, 0, 0, 0))" coro=<Worker.execute() done, defined at c:\Users\mtt1e23\OneDrive - University of Southampton\Documents\python-PIVTOOLs\env\Lib\site-packages\distributed\worker_state_machine.py:3607>> ended with CancelledError
2025-11-04 10:46:29,684 - distributed.worker.state_machine - WARNING - Async instruction for <Task cancelled name="execute(('from-value-read_pair-stack-1fee21bec461f0f670da366072be43e2', 33, 0, 0, 0))" coro=<Worker.execute() done, defined at c:\Users\mtt1e23\OneDrive - University of Southampton\Documents\python-PIVTOOLs\env\Lib\site-packages\distributed\worker_state_machine.py:3607>> ended with CancelledError
2025-11-04 10:46:29,686 - distributed.worker.state_machine - WARNING - Async instruction for <Task cancelled name="execute(('from-value-read_pair-stack-1fee21bec461f0f670da366072be43e2', 34, 0, 0, 0))" coro=<Worker.execute() done, defined at c:\Users\mtt1e23\OneDrive - University of Southampton\Documents\python-PIVTOOLs\env\Lib\site-packages\distributed\worker_state_machine.py:3607>> ended with CancelledError
2025-11-04 10:46:29,686 - distributed.worker - ERROR - Failed to communicate with scheduler during heartbeat.
Traceback (most recent call last):
  File "c:\Users\mtt1e23\OneDrive - University of Southampton\Documents\python-PIVTOOLs\env\Lib\site-packages\distributed\comm\tcp.py", line 226, in read
    frames_nosplit_nbytes_bin = await stream.read_bytes(fmt_size)
                                ^^^^^^^^^^^^^^^^^^^^^^^^^^^^^^^^^
tornado.iostream.StreamClosedError: Stream is closed

The above exception was the direct cause of the following exception:

Traceback (most recent call last):
  File "c:\Users\mtt1e23\OneDrive - University of Southampton\Documents\python-PIVTOOLs\env\Lib\site-packages\distributed\worker.py", line 1267, in heartbeat
    response = await retry_operation(
               ^^^^^^^^^^^^^^^^^^^^^^
    ...<14 lines>...
    )
    ^
  File "c:\Users\mtt1e23\OneDrive - University of Southampton\Documents\python-PIVTOOLs\env\Lib\site-packages\distributed\utils_comm.py", line 416, in retry_operation
    return await retry(
           ^^^^^^^^^^^^
    ...<5 lines>...
    )
    ^
  File "c:\Users\mtt1e23\OneDrive - University of Southampton\Documents\python-PIVTOOLs\env\Lib\site-packages\distributed\utils_comm.py", line 395, in retry
    return await coro()
           ^^^^^^^^^^^^
  File "c:\Users\mtt1e23\OneDrive - University of Southampton\Documents\python-PIVTOOLs\env\Lib\site-packages\distributed\core.py", line 1259, in send_recv_from_rpc
    return await send_recv(comm=comm, op=key, **kwargs)
           ^^^^^^^^^^^^^^^^^^^^^^^^^^^^^^^^^^^^^^^^^^^^
  File "c:\Users\mtt1e23\OneDrive - University of Southampton\Documents\python-PIVTOOLs\env\Lib\site-packages\distributed\core.py", line 1018, in send_recv
    response = await comm.read(deserializers=deserializers)
               ^^^^^^^^^^^^^^^^^^^^^^^^^^^^^^^^^^^^^^^^^^^^
  File "c:\Users\mtt1e23\OneDrive - University of Southampton\Documents\python-PIVTOOLs\env\Lib\site-packages\distributed\comm\tcp.py", line 237, in read
    convert_stream_closed_error(self, e)
    ~~~~~~~~~~~~~~~~~~~~~~~~~~~^^^^^^^^^
  File "c:\Users\mtt1e23\OneDrive - University of Southampton\Documents\python-PIVTOOLs\env\Lib\site-packages\distributed\comm\tcp.py", line 137, in convert_stream_closed_error
    raise CommClosedError(f"in {obj}: {exc}") from exc
distributed.comm.core.CommClosedError: in <TCP (closed) ConnectionPool.heartbeat_worker local=tcp://127.0.0.1:52440 remote=tcp://127.0.0.1:54304>: Stream is closed
2025-11-04 10:46:31,002 - distributed.worker - ERROR - failed during get data with tcp://127.0.0.1:57255 -> tcp://127.0.0.1:58698
Traceback (most recent call last):
  File "c:\Users\mtt1e23\OneDrive - University of Southampton\Documents\python-PIVTOOLs\env\Lib\site-packages\tornado\iostream.py", line 962, in _handle_write
    num_bytes = self.write_to_fd(self._write_buffer.peek(size))
  File "c:\Users\mtt1e23\OneDrive - University of Southampton\Documents\python-PIVTOOLs\env\Lib\site-packages\tornado\iostream.py", line 1121, in write_to_fd
    return self.socket.send(data)  # type: ignore
           ~~~~~~~~~~~~~~~~^^^^^^
ConnectionAbortedError: [WinError 10053] An established connection was aborted by the software in your host machine

The above exception was the direct cause of the following exception:

Traceback (most recent call last):
  File "c:\Users\mtt1e23\OneDrive - University of Southampton\Documents\python-PIVTOOLs\env\Lib\site-packages\distributed\worker.py", line 1795, in get_data
    response = await comm.read(deserializers=serializers)
               ^^^^^^^^^^^^^^^^^^^^^^^^^^^^^^^^^^^^^^^^^^
  File "c:\Users\mtt1e23\OneDrive - University of Southampton\Documents\python-PIVTOOLs\env\Lib\site-packages\distributed\comm\tcp.py", line 237, in read
    convert_stream_closed_error(self, e)
    ~~~~~~~~~~~~~~~~~~~~~~~~~~~^^^^^^^^^
  File "c:\Users\mtt1e23\OneDrive - University of Southampton\Documents\python-PIVTOOLs\env\Lib\site-packages\distributed\comm\tcp.py", line 143, in convert_stream_closed_error
    raise CommClosedError(f"in {obj}: {exc.__class__.__name__}: {exc}") from exc
distributed.comm.core.CommClosedError: in <TCP (closed)  local=tcp://127.0.0.1:57255 remote=tcp://127.0.0.1:52417>: ConnectionAbortedError: [WinError 10053] An established connection was aborted by the software in your host machine
2025-11-04 10:46:31,010 - distributed.worker.state_machine - WARNING - Async instruction for <Task cancelled name="execute('getitem-rechunk-merge-finalize-hlgfinalizecompute-60f1cdccef41436da348b9fcd4450415')" coro=<Worker.execute() done, defined at c:\Users\mtt1e23\OneDrive - University of Southampton\Documents\python-PIVTOOLs\env\Lib\site-packages\distributed\worker_state_machine.py:3607>> ended with CancelledError
2025-11-04 10:46:31,820 [INFO] Logging initialized. Level: INFO, File: pypiv.log
2025-11-04 10:46:31,820 [INFO] Logging initialized. Level: INFO, File: pypiv.log
